datetime,symbol,open,high,low,close,volume
2025-06-05 20:45:00,MCX:GOLD1!,98300.0,98300.0,98141.0,98180.0,417.0
2025-06-05 21:00:00,MCX:GOLD1!,98170.0,98180.0,97830.0,97881.0,987.0
2025-06-05 21:15:00,MCX:GOLD1!,97883.0,97884.0,97590.0,97710.0,849.0
2025-06-05 21:30:00,MCX:GOLD1!,97659.0,97834.0,97573.0,97834.0,434.0
2025-06-05 21:45:00,MCX:GOLD1!,97824.0,97885.0,97781.0,97798.0,172.0
2025-06-05 22:00:00,MCX:GOLD1!,97778.0,97850.0,97774.0,97839.0,158.0
2025-06-05 22:15:00,MCX:GOLD1!,97855.0,98007.0,97846.0,97925.0,250.0
2025-06-05 22:30:00,MCX:GOLD1!,97945.0,97945.0,97829.0,97832.0,155.0
2025-06-05 22:45:00,MCX:GOLD1!,97840.0,97950.0,97840.0,97893.0,122.0
2025-06-05 23:00:00,MCX:GOLD1!,97901.0,97925.0,97854.0,97885.0,71.0
2025-06-05 23:15:00,MCX:GOLD1!,97885.0,97933.0,97815.0,97933.0,206.0
2025-06-06 09:00:00,MCX:GOLD1!,98249.0,98378.0,98226.0,98334.0,388.0
2025-06-06 09:15:00,MCX:GOLD1!,98333.0,98378.0,98325.0,98330.0,99.0
2025-06-06 09:30:00,MCX:GOLD1!,98330.0,98355.0,98270.0,98322.0,121.0
2025-06-06 09:45:00,MCX:GOLD1!,98314.0,98350.0,98259.0,98320.0,41.0
2025-06-06 10:00:00,MCX:GOLD1!,98320.0,98573.0,98280.0,98420.0,338.0
2025-06-06 10:15:00,MCX:GOLD1!,98420.0,98500.0,98388.0,98471.0,100.0
2025-06-06 10:30:00,MCX:GOLD1!,98477.0,98477.0,98401.0,98440.0,100.0
2025-06-06 10:45:00,MCX:GOLD1!,98440.0,98440.0,98270.0,98300.0,121.0
2025-06-06 11:00:00,MCX:GOLD1!,98300.0,98300.0,98128.0,98159.0,257.0
2025-06-06 11:15:00,MCX:GOLD1!,98157.0,98170.0,97987.0,98159.0,342.0
2025-06-06 11:30:00,MCX:GOLD1!,98159.0,98164.0,98088.0,98105.0,72.0
2025-06-06 11:45:00,MCX:GOLD1!,98105.0,98189.0,98100.0,98158.0,83.0
2025-06-06 12:00:00,MCX:GOLD1!,98156.0,98156.0,98001.0,98001.0,49.0
2025-06-06 12:15:00,MCX:GOLD1!,97983.0,98060.0,97940.0,98021.0,124.0
2025-06-06 12:30:00,MCX:GOLD1!,98019.0,98081.0,97940.0,98070.0,99.0
2025-06-06 12:45:00,MCX:GOLD1!,98070.0,98070.0,97950.0,97973.0,106.0
2025-06-06 13:00:00,MCX:GOLD1!,97975.0,97980.0,97880.0,97893.0,112.0
2025-06-06 13:15:00,MCX:GOLD1!,97880.0,97975.0,97768.0,97965.0,234.0
2025-06-06 13:30:00,MCX:GOLD1!,97969.0,98051.0,97937.0,97956.0,193.0
2025-06-06 13:45:00,MCX:GOLD1!,97948.0,98091.0,97915.0,98091.0,115.0
2025-06-06 14:00:00,MCX:GOLD1!,98115.0,98199.0,98052.0,98159.0,159.0
2025-06-06 14:15:00,MCX:GOLD1!,98159.0,98210.0,98114.0,98143.0,143.0
2025-06-06 14:30:00,MCX:GOLD1!,98132.0,98162.0,97968.0,98000.0,122.0
2025-06-06 14:45:00,MCX:GOLD1!,97982.0,97990.0,97900.0,97900.0,91.0
2025-06-06 15:00:00,MCX:GOLD1!,97900.0,97958.0,97865.0,97886.0,148.0
2025-06-06 15:15:00,MCX:GOLD1!,97886.0,97890.0,97762.0,97811.0,230.0
2025-06-06 15:30:00,MCX:GOLD1!,97811.0,97930.0,97811.0,97880.0,158.0
2025-06-06 15:45:00,MCX:GOLD1!,97880.0,97884.0,97828.0,97854.0,141.0
2025-06-06 16:00:00,MCX:GOLD1!,97850.0,97879.0,97815.0,97815.0,63.0
2025-06-06 16:15:00,MCX:GOLD1!,97825.0,97912.0,97815.0,97890.0,104.0
2025-06-06 16:30:00,MCX:GOLD1!,97890.0,97992.0,97890.0,97929.0,165.0
2025-06-06 16:45:00,MCX:GOLD1!,97950.0,97960.0,97909.0,97942.0,97.0
2025-06-06 17:00:00,MCX:GOLD1!,97949.0,98026.0,97928.0,97980.0,94.0
2025-06-06 17:15:00,MCX:GOLD1!,97982.0,97988.0,97914.0,97941.0,72.0
2025-06-06 17:30:00,MCX:GOLD1!,97915.0,97939.0,97825.0,97839.0,121.0
2025-06-06 17:45:00,MCX:GOLD1!,97819.0,97918.0,97801.0,97918.0,109.0
2025-06-06 18:00:00,MCX:GOLD1!,97751.0,97986.0,97528.0,97706.0,992.0
2025-06-06 18:15:00,MCX:GOLD1!,97746.0,97850.0,97649.0,97727.0,297.0
2025-06-06 18:30:00,MCX:GOLD1!,97708.0,97910.0,97600.0,97831.0,237.0
2025-06-06 18:45:00,MCX:GOLD1!,97842.0,97940.0,97693.0,97770.0,234.0
2025-06-06 19:00:00,MCX:GOLD1!,97770.0,97784.0,97600.0,97645.0,273.0
2025-06-06 19:15:00,MCX:GOLD1!,97628.0,97698.0,97511.0,97540.0,428.0
2025-06-06 19:30:00,MCX:GOLD1!,97530.0,97556.0,97311.0,97328.0,891.0
2025-06-06 19:45:00,MCX:GOLD1!,97304.0,97333.0,96857.0,97028.0,1882.0
2025-06-06 20:00:00,MCX:GOLD1!,97025.0,97195.0,96973.0,97193.0,596.0
2025-06-06 20:15:00,MCX:GOLD1!,97171.0,97189.0,96945.0,97050.0,268.0
2025-06-06 20:30:00,MCX:GOLD1!,97050.0,97120.0,96987.0,97022.0,160.0
2025-06-06 20:45:00,MCX:GOLD1!,97060.0,97200.0,97050.0,97190.0,159.0
2025-06-06 21:00:00,MCX:GOLD1!,97190.0,97312.0,97150.0,97235.0,191.0
2025-06-06 21:15:00,MCX:GOLD1!,97262.0,97280.0,97220.0,97251.0,48.0
2025-06-06 21:30:00,MCX:GOLD1!,97250.0,97250.0,97144.0,97150.0,57.0
2025-06-06 21:45:00,MCX:GOLD1!,97162.0,97199.0,97026.0,97026.0,73.0
2025-06-06 22:00:00,MCX:GOLD1!,97022.0,97090.0,96971.0,97052.0,180.0
2025-06-06 22:15:00,MCX:GOLD1!,97060.0,97096.0,96960.0,97021.0,193.0
2025-06-06 22:30:00,MCX:GOLD1!,97025.0,97125.0,97025.0,97085.0,85.0
2025-06-06 22:45:00,MCX:GOLD1!,97101.0,97118.0,97023.0,97080.0,118.0
2025-06-06 23:00:00,MCX:GOLD1!,97053.0,97055.0,97009.0,97011.0,133.0
2025-06-06 23:15:00,MCX:GOLD1!,97015.0,97075.0,97011.0,97051.0,232.0
2025-06-09 09:00:00,MCX:GOLD1!,96580.0,96860.0,96285.0,96448.0,904.0
2025-06-09 09:15:00,MCX:GOLD1!,96460.0,96599.0,96444.0,96549.0,305.0
2025-06-09 09:30:00,MCX:GOLD1!,96531.0,96606.0,96526.0,96556.0,200.0
2025-06-09 09:45:00,MCX:GOLD1!,96556.0,96616.0,96549.0,96585.0,137.0
2025-06-09 10:00:00,MCX:GOLD1!,96585.0,96600.0,96501.0,96566.0,187.0
2025-06-09 10:15:00,MCX:GOLD1!,96558.0,96588.0,96520.0,96551.0,163.0
2025-06-09 10:30:00,MCX:GOLD1!,96545.0,96575.0,96502.0,96560.0,90.0
2025-06-09 10:45:00,MCX:GOLD1!,96575.0,96587.0,96507.0,96540.0,151.0
2025-06-09 11:00:00,MCX:GOLD1!,96538.0,96600.0,96501.0,96600.0,112.0
2025-06-09 11:15:00,MCX:GOLD1!,96600.0,96635.0,96510.0,96522.0,210.0
2025-06-09 11:30:00,MCX:GOLD1!,96522.0,96599.0,96476.0,96588.0,318.0
2025-06-09 11:45:00,MCX:GOLD1!,96565.0,96661.0,96550.0,96661.0,173.0
2025-06-09 12:00:00,MCX:GOLD1!,96661.0,96701.0,96622.0,96684.0,119.0
2025-06-09 12:15:00,MCX:GOLD1!,96686.0,96800.0,96656.0,96776.0,212.0
2025-06-09 12:30:00,MCX:GOLD1!,96784.0,96850.0,96766.0,96825.0,505.0
2025-06-09 12:45:00,MCX:GOLD1!,96830.0,96937.0,96823.0,96851.0,251.0
2025-06-09 13:00:00,MCX:GOLD1!,96875.0,96875.0,96782.0,96829.0,263.0
2025-06-09 13:15:00,MCX:GOLD1!,96840.0,96884.0,96827.0,96858.0,79.0
2025-06-09 13:30:00,MCX:GOLD1!,96838.0,96879.0,96815.0,96879.0,66.0
2025-06-09 13:45:00,MCX:GOLD1!,96860.0,96900.0,96829.0,96884.0,55.0
2025-06-09 14:00:00,MCX:GOLD1!,96899.0,96930.0,96851.0,96875.0,58.0
2025-06-09 14:15:00,MCX:GOLD1!,96860.0,96860.0,96811.0,96820.0,60.0
2025-06-09 14:30:00,MCX:GOLD1!,96825.0,96925.0,96802.0,96886.0,117.0
2025-06-09 14:45:00,MCX:GOLD1!,96897.0,96917.0,96785.0,96829.0,193.0
2025-06-09 15:00:00,MCX:GOLD1!,96811.0,96869.0,96801.0,96850.0,100.0
2025-06-09 15:15:00,MCX:GOLD1!,96866.0,96892.0,96800.0,96800.0,83.0
2025-06-09 15:30:00,MCX:GOLD1!,96818.0,96835.0,96757.0,96816.0,123.0
2025-06-09 15:45:00,MCX:GOLD1!,96812.0,96812.0,96711.0,96748.0,120.0
2025-06-09 16:00:00,MCX:GOLD1!,96730.0,96733.0,96635.0,96640.0,109.0
2025-06-09 16:15:00,MCX:GOLD1!,96633.0,96675.0,96625.0,96674.0,56.0
2025-06-09 16:30:00,MCX:GOLD1!,96707.0,96771.0,96688.0,96761.0,54.0
2025-06-09 16:45:00,MCX:GOLD1!,96774.0,96774.0,96730.0,96773.0,32.0
2025-06-09 17:00:00,MCX:GOLD1!,96749.0,96836.0,96721.0,96836.0,177.0
2025-06-09 17:15:00,MCX:GOLD1!,96850.0,96865.0,96686.0,96763.0,142.0
2025-06-09 17:30:00,MCX:GOLD1!,96755.0,96789.0,96680.0,96695.0,58.0
2025-06-09 17:45:00,MCX:GOLD1!,96723.0,96749.0,96656.0,96747.0,32.0
2025-06-09 18:00:00,MCX:GOLD1!,96780.0,96864.0,96772.0,96846.0,105.0
2025-06-09 18:15:00,MCX:GOLD1!,96825.0,96852.0,96723.0,96840.0,47.0
2025-06-09 18:30:00,MCX:GOLD1!,96825.0,96840.0,96736.0,96776.0,375.0
2025-06-09 18:45:00,MCX:GOLD1!,96760.0,96770.0,96651.0,96710.0,128.0
2025-06-09 19:00:00,MCX:GOLD1!,96718.0,96806.0,96649.0,96707.0,84.0
2025-06-09 19:15:00,MCX:GOLD1!,96708.0,96870.0,96692.0,96830.0,125.0
2025-06-09 19:30:00,MCX:GOLD1!,96801.0,97030.0,96765.0,97011.0,214.0
2025-06-09 19:45:00,MCX:GOLD1!,97020.0,97021.0,96887.0,96902.0,138.0
2025-06-09 20:00:00,MCX:GOLD1!,96912.0,96931.0,96800.0,96834.0,150.0
2025-06-09 20:15:00,MCX:GOLD1!,96828.0,96920.0,96828.0,96877.0,76.0
2025-06-09 20:30:00,MCX:GOLD1!,96904.0,96942.0,96890.0,96909.0,75.0
2025-06-09 20:45:00,MCX:GOLD1!,96931.0,97112.0,96920.0,97110.0,227.0
2025-06-09 21:00:00,MCX:GOLD1!,97110.0,97150.0,97030.0,97120.0,106.0
2025-06-09 21:15:00,MCX:GOLD1!,97110.0,97134.0,97056.0,97056.0,41.0
2025-06-09 21:30:00,MCX:GOLD1!,97045.0,97120.0,97040.0,97086.0,70.0
2025-06-09 21:45:00,MCX:GOLD1!,97091.0,97249.0,97091.0,97190.0,137.0
2025-06-09 22:00:00,MCX:GOLD1!,97190.0,97219.0,97150.0,97173.0,68.0
2025-06-09 22:15:00,MCX:GOLD1!,97177.0,97285.0,97173.0,97279.0,162.0
2025-06-09 22:30:00,MCX:GOLD1!,97283.0,97290.0,97180.0,97215.0,44.0
2025-06-09 22:45:00,MCX:GOLD1!,97200.0,97201.0,97150.0,97189.0,53.0
2025-06-09 23:00:00,MCX:GOLD1!,97192.0,97201.0,97150.0,97201.0,99.0
2025-06-09 23:15:00,MCX:GOLD1!,97200.0,97206.0,97150.0,97170.0,111.0
2025-06-10 09:00:00,MCX:GOLD1!,96600.0,96600.0,96431.0,96462.0,926.0
2025-06-10 09:15:00,MCX:GOLD1!,96460.0,96488.0,96392.0,96410.0,320.0
2025-06-10 09:30:00,MCX:GOLD1!,96387.0,96430.0,96363.0,96397.0,259.0
2025-06-10 09:45:00,MCX:GOLD1!,96390.0,96418.0,96300.0,96304.0,231.0
2025-06-10 10:00:00,MCX:GOLD1!,96302.0,96370.0,96276.0,96366.0,217.0
2025-06-10 10:15:00,MCX:GOLD1!,96347.0,96435.0,96328.0,96405.0,78.0
2025-06-10 10:30:00,MCX:GOLD1!,96401.0,96510.0,96395.0,96488.0,165.0
2025-06-10 10:45:00,MCX:GOLD1!,96467.0,96568.0,96460.0,96514.0,206.0
2025-06-10 11:00:00,MCX:GOLD1!,96518.0,96770.0,96518.0,96666.0,361.0
2025-06-10 11:15:00,MCX:GOLD1!,96656.0,96758.0,96633.0,96710.0,160.0
2025-06-10 11:30:00,MCX:GOLD1!,96713.0,96835.0,96676.0,96810.0,264.0
2025-06-10 11:45:00,MCX:GOLD1!,96820.0,96890.0,96801.0,96883.0,194.0
2025-06-10 12:00:00,MCX:GOLD1!,96900.0,97024.0,96876.0,96983.0,378.0
2025-06-10 12:15:00,MCX:GOLD1!,96979.0,97012.0,96901.0,96901.0,137.0
2025-06-10 12:30:00,MCX:GOLD1!,96901.0,97060.0,96901.0,97032.0,130.0
2025-06-10 12:45:00,MCX:GOLD1!,97030.0,97037.0,96903.0,97000.0,118.0
2025-06-10 13:00:00,MCX:GOLD1!,97013.0,97125.0,97001.0,97063.0,207.0
2025-06-10 13:15:00,MCX:GOLD1!,97051.0,97090.0,97021.0,97070.0,111.0
2025-06-10 13:30:00,MCX:GOLD1!,97055.0,97115.0,96961.0,97115.0,194.0
2025-06-10 13:45:00,MCX:GOLD1!,97090.0,97150.0,97020.0,97025.0,252.0
2025-06-10 14:00:00,MCX:GOLD1!,97025.0,97047.0,96975.0,96975.0,171.0
2025-06-10 14:15:00,MCX:GOLD1!,96976.0,97036.0,96934.0,97000.0,223.0
2025-06-10 14:30:00,MCX:GOLD1!,97010.0,97042.0,97000.0,97030.0,89.0
2025-06-10 14:45:00,MCX:GOLD1!,97040.0,97070.0,97013.0,97013.0,106.0
2025-06-10 15:00:00,MCX:GOLD1!,97010.0,97023.0,96965.0,96965.0,43.0
2025-06-10 15:15:00,MCX:GOLD1!,96965.0,97027.0,96955.0,97027.0,93.0
2025-06-10 15:30:00,MCX:GOLD1!,97026.0,97050.0,97008.0,97042.0,76.0
2025-06-10 15:45:00,MCX:GOLD1!,97013.0,97189.0,97009.0,97155.0,219.0
2025-06-10 16:00:00,MCX:GOLD1!,97155.0,97173.0,97117.0,97162.0,43.0
2025-06-10 16:15:00,MCX:GOLD1!,97140.0,97179.0,97134.0,97171.0,70.0
2025-06-10 16:30:00,MCX:GOLD1!,97172.0,97260.0,97129.0,97245.0,272.0
2025-06-10 16:45:00,MCX:GOLD1!,97250.0,97329.0,97250.0,97272.0,242.0
2025-06-10 17:00:00,MCX:GOLD1!,97299.0,97335.0,97145.0,97209.0,214.0
2025-06-10 17:15:00,MCX:GOLD1!,97230.0,97230.0,97072.0,97106.0,177.0
2025-06-10 17:30:00,MCX:GOLD1!,97138.0,97172.0,97015.0,97025.0,114.0
2025-06-10 17:45:00,MCX:GOLD1!,97015.0,97229.0,96985.0,97229.0,170.0
2025-06-10 18:00:00,MCX:GOLD1!,97214.0,97280.0,97129.0,97209.0,244.0
2025-06-10 18:15:00,MCX:GOLD1!,97222.0,97263.0,97170.0,97170.0,60.0
2025-06-10 18:30:00,MCX:GOLD1!,97170.0,97252.0,97150.0,97220.0,71.0
2025-06-10 18:45:00,MCX:GOLD1!,97221.0,97399.0,97211.0,97399.0,232.0
2025-06-10 19:00:00,MCX:GOLD1!,97397.0,97469.0,97300.0,97468.0,219.0
2025-06-10 19:15:00,MCX:GOLD1!,97453.0,97485.0,97329.0,97339.0,244.0
2025-06-10 19:30:00,MCX:GOLD1!,97341.0,97341.0,97115.0,97151.0,268.0
2025-06-10 19:45:00,MCX:GOLD1!,97160.0,97246.0,97068.0,97125.0,205.0
2025-06-10 20:00:00,MCX:GOLD1!,97115.0,97130.0,96989.0,97000.0,290.0
2025-06-10 20:15:00,MCX:GOLD1!,96995.0,97069.0,96920.0,97001.0,185.0
2025-06-10 20:30:00,MCX:GOLD1!,96990.0,97029.0,96914.0,96930.0,166.0
2025-06-10 20:45:00,MCX:GOLD1!,96929.0,96975.0,96867.0,96937.0,159.0
2025-06-10 21:00:00,MCX:GOLD1!,96960.0,97061.0,96900.0,96953.0,185.0
2025-06-10 21:15:00,MCX:GOLD1!,96919.0,96999.0,96912.0,96975.0,45.0
2025-06-10 21:30:00,MCX:GOLD1!,96975.0,96985.0,96851.0,96866.0,131.0
2025-06-10 21:45:00,MCX:GOLD1!,96866.0,96889.0,96823.0,96860.0,129.0
2025-06-10 22:00:00,MCX:GOLD1!,96858.0,96905.0,96840.0,96888.0,65.0
2025-06-10 22:15:00,MCX:GOLD1!,96890.0,96890.0,96820.0,96845.0,67.0
2025-06-10 22:30:00,MCX:GOLD1!,96850.0,96925.0,96843.0,96880.0,41.0
2025-06-10 22:45:00,MCX:GOLD1!,96880.0,96924.0,96822.0,96875.0,81.0
2025-06-10 23:00:00,MCX:GOLD1!,96919.0,96937.0,96873.0,96873.0,86.0
2025-06-10 23:15:00,MCX:GOLD1!,96867.0,96935.0,96867.0,96900.0,128.0
2025-06-11 09:00:00,MCX:GOLD1!,97251.0,97280.0,97210.0,97256.0,319.0
2025-06-11 09:15:00,MCX:GOLD1!,97256.0,97256.0,97170.0,97211.0,121.0
2025-06-11 09:30:00,MCX:GOLD1!,97211.0,97289.0,97152.0,97271.0,163.0
2025-06-11 09:45:00,MCX:GOLD1!,97283.0,97283.0,97180.0,97225.0,139.0
2025-06-11 10:00:00,MCX:GOLD1!,97204.0,97228.0,97179.0,97208.0,98.0
2025-06-11 10:15:00,MCX:GOLD1!,97196.0,97295.0,97196.0,97281.0,169.0
2025-06-11 10:30:00,MCX:GOLD1!,97280.0,97315.0,97226.0,97230.0,76.0
2025-06-11 10:45:00,MCX:GOLD1!,97234.0,97254.0,97202.0,97208.0,50.0
2025-06-11 11:00:00,MCX:GOLD1!,97196.0,97234.0,97106.0,97130.0,162.0
2025-06-11 11:15:00,MCX:GOLD1!,97121.0,97142.0,97011.0,97124.0,165.0
2025-06-11 11:30:00,MCX:GOLD1!,97126.0,97170.0,97071.0,97107.0,71.0
2025-06-11 11:45:00,MCX:GOLD1!,97092.0,97118.0,97005.0,97011.0,148.0
2025-06-11 12:00:00,MCX:GOLD1!,97061.0,97115.0,97049.0,97077.0,46.0
2025-06-11 12:15:00,MCX:GOLD1!,97072.0,97114.0,97059.0,97094.0,39.0
2025-06-11 12:30:00,MCX:GOLD1!,97117.0,97117.0,97060.0,97084.0,59.0
2025-06-11 12:45:00,MCX:GOLD1!,97100.0,97229.0,97100.0,97213.0,78.0
2025-06-11 13:00:00,MCX:GOLD1!,97213.0,97249.0,97142.0,97206.0,83.0
2025-06-11 13:15:00,MCX:GOLD1!,97206.0,97395.0,97206.0,97343.0,254.0
2025-06-11 13:30:00,MCX:GOLD1!,97345.0,97345.0,97290.0,97320.0,256.0
2025-06-11 13:45:00,MCX:GOLD1!,97319.0,97341.0,97290.0,97340.0,103.0
2025-06-11 14:00:00,MCX:GOLD1!,97340.0,97370.0,97288.0,97367.0,179.0
2025-06-11 14:15:00,MCX:GOLD1!,97370.0,97377.0,97328.0,97328.0,74.0
2025-06-11 14:30:00,MCX:GOLD1!,97311.0,97325.0,97079.0,97216.0,307.0
2025-06-11 14:45:00,MCX:GOLD1!,97226.0,97226.0,97138.0,97187.0,137.0
2025-06-11 15:00:00,MCX:GOLD1!,97150.0,97189.0,97110.0,97110.0,110.0
2025-06-11 15:15:00,MCX:GOLD1!,97115.0,97133.0,97020.0,97062.0,202.0
2025-06-11 15:30:00,MCX:GOLD1!,97034.0,97120.0,97032.0,97060.0,107.0
2025-06-11 15:45:00,MCX:GOLD1!,97077.0,97123.0,97006.0,97006.0,139.0
2025-06-11 16:00:00,MCX:GOLD1!,97020.0,97060.0,96976.0,96989.0,190.0
2025-06-11 16:15:00,MCX:GOLD1!,96990.0,97037.0,96931.0,96963.0,92.0
2025-06-11 16:30:00,MCX:GOLD1!,96950.0,97000.0,96862.0,96970.0,172.0
2025-06-11 16:45:00,MCX:GOLD1!,96971.0,97025.0,96958.0,97022.0,54.0
2025-06-11 17:00:00,MCX:GOLD1!,97027.0,97118.0,96991.0,97092.0,154.0
2025-06-11 17:15:00,MCX:GOLD1!,97092.0,97119.0,97020.0,97076.0,89.0
2025-06-11 17:30:00,MCX:GOLD1!,97085.0,97129.0,96939.0,97080.0,262.0
2025-06-11 17:45:00,MCX:GOLD1!,97059.0,97238.0,97055.0,97175.0,373.0
2025-06-11 18:00:00,MCX:GOLD1!,97300.0,97655.0,97262.0,97491.0,1659.0
2025-06-11 18:15:00,MCX:GOLD1!,97502.0,97539.0,97019.0,97122.0,1157.0
2025-06-11 18:30:00,MCX:GOLD1!,97124.0,97218.0,97011.0,97180.0,402.0
2025-06-11 18:45:00,MCX:GOLD1!,97160.0,97250.0,97101.0,97112.0,219.0
2025-06-11 19:00:00,MCX:GOLD1!,97102.0,97168.0,97025.0,97030.0,160.0
2025-06-11 19:15:00,MCX:GOLD1!,97011.0,97055.0,96910.0,96940.0,483.0
2025-06-11 19:30:00,MCX:GOLD1!,96930.0,97040.0,96910.0,96968.0,209.0
2025-06-11 19:45:00,MCX:GOLD1!,96985.0,97068.0,96965.0,96999.0,149.0
2025-06-11 20:00:00,MCX:GOLD1!,97000.0,97176.0,96998.0,97161.0,108.0
2025-06-11 20:15:00,MCX:GOLD1!,97161.0,97170.0,97100.0,97118.0,50.0
2025-06-11 20:30:00,MCX:GOLD1!,97113.0,97200.0,97079.0,97200.0,90.0
2025-06-11 20:45:00,MCX:GOLD1!,97200.0,97216.0,97123.0,97161.0,67.0
2025-06-11 21:00:00,MCX:GOLD1!,97174.0,97174.0,97050.0,97050.0,50.0
2025-06-11 21:15:00,MCX:GOLD1!,97033.0,97039.0,96910.0,96980.0,209.0
2025-06-11 21:30:00,MCX:GOLD1!,97020.0,97030.0,96922.0,96922.0,64.0
2025-06-11 21:45:00,MCX:GOLD1!,96922.0,96966.0,96903.0,96940.0,53.0
2025-06-11 22:00:00,MCX:GOLD1!,96973.0,96973.0,96857.0,96873.0,149.0
2025-06-11 22:15:00,MCX:GOLD1!,96875.0,96949.0,96875.0,96890.0,61.0
2025-06-11 22:30:00,MCX:GOLD1!,96905.0,96923.0,96741.0,96795.0,261.0
2025-06-11 22:45:00,MCX:GOLD1!,96790.0,96844.0,96658.0,96710.0,248.0
2025-06-11 23:00:00,MCX:GOLD1!,96725.0,96780.0,96612.0,96690.0,243.0
2025-06-11 23:15:00,MCX:GOLD1!,96680.0,96760.0,96670.0,96725.0,184.0
2025-06-12 09:00:00,MCX:GOLD1!,97650.0,98127.0,97650.0,98002.0,1856.0
2025-06-12 09:15:00,MCX:GOLD1!,98020.0,98020.0,97923.0,97957.0,477.0
2025-06-12 09:30:00,MCX:GOLD1!,97952.0,97958.0,97820.0,97882.0,282.0
2025-06-12 09:45:00,MCX:GOLD1!,97885.0,97989.0,97879.0,97978.0,272.0
2025-06-12 10:00:00,MCX:GOLD1!,97981.0,98048.0,97977.0,98028.0,220.0
2025-06-12 10:15:00,MCX:GOLD1!,98025.0,98040.0,97977.0,97981.0,116.0
2025-06-12 10:30:00,MCX:GOLD1!,97970.0,98026.0,97926.0,98007.0,214.0
2025-06-12 10:45:00,MCX:GOLD1!,97992.0,98109.0,97992.0,98097.0,322.0
2025-06-12 11:00:00,MCX:GOLD1!,98097.0,98149.0,98070.0,98125.0,284.0
2025-06-12 11:15:00,MCX:GOLD1!,98105.0,98132.0,98062.0,98116.0,116.0
2025-06-12 11:30:00,MCX:GOLD1!,98101.0,98145.0,98067.0,98067.0,151.0
2025-06-12 11:45:00,MCX:GOLD1!,98057.0,98070.0,97933.0,97964.0,194.0
2025-06-12 12:00:00,MCX:GOLD1!,97990.0,98059.0,97955.0,98002.0,104.0
2025-06-12 12:15:00,MCX:GOLD1!,98030.0,98100.0,97992.0,98064.0,187.0
2025-06-12 12:30:00,MCX:GOLD1!,98069.0,98109.0,97991.0,98020.0,189.0
2025-06-12 12:45:00,MCX:GOLD1!,98035.0,98066.0,97950.0,98005.0,212.0
2025-06-12 13:00:00,MCX:GOLD1!,98001.0,98010.0,97284.0,97361.0,1186.0
2025-06-12 13:15:00,MCX:GOLD1!,97351.0,97493.0,97310.0,97455.0,588.0
2025-06-12 13:30:00,MCX:GOLD1!,97460.0,97598.0,97460.0,97544.0,315.0
2025-06-12 13:45:00,MCX:GOLD1!,97537.0,97790.0,97537.0,97767.0,412.0
2025-06-12 14:00:00,MCX:GOLD1!,97769.0,97849.0,97736.0,97800.0,211.0
2025-06-12 14:15:00,MCX:GOLD1!,97788.0,97806.0,97677.0,97701.0,121.0
2025-06-12 14:30:00,MCX:GOLD1!,97701.0,97874.0,97673.0,97830.0,161.0
2025-06-12 14:45:00,MCX:GOLD1!,97849.0,97875.0,97749.0,97795.0,314.0
2025-06-12 15:00:00,MCX:GOLD1!,97806.0,97865.0,97731.0,97804.0,266.0
2025-06-12 15:15:00,MCX:GOLD1!,97831.0,97989.0,97822.0,97935.0,282.0
2025-06-12 15:30:00,MCX:GOLD1!,97943.0,97955.0,97850.0,97942.0,126.0
2025-06-12 15:45:00,MCX:GOLD1!,97943.0,98250.0,97943.0,98239.0,708.0
2025-06-12 16:00:00,MCX:GOLD1!,98230.0,98364.0,98222.0,98297.0,662.0
2025-06-12 16:15:00,MCX:GOLD1!,98297.0,98348.0,98258.0,98310.0,240.0
2025-06-12 16:30:00,MCX:GOLD1!,98300.0,98425.0,98279.0,98365.0,286.0
2025-06-12 16:45:00,MCX:GOLD1!,98375.0,98375.0,98239.0,98265.0,220.0
2025-06-12 17:00:00,MCX:GOLD1!,98265.0,98336.0,98087.0,98160.0,281.0
2025-06-12 17:15:00,MCX:GOLD1!,98180.0,98263.0,98130.0,98253.0,78.0
2025-06-12 17:30:00,MCX:GOLD1!,98260.0,98360.0,98172.0,98231.0,175.0
2025-06-12 17:45:00,MCX:GOLD1!,98225.0,98384.0,98225.0,98362.0,244.0
2025-06-12 18:00:00,MCX:GOLD1!,98391.0,98500.0,98304.0,98461.0,551.0
2025-06-12 18:15:00,MCX:GOLD1!,98451.0,98500.0,98396.0,98470.0,288.0
2025-06-12 18:30:00,MCX:GOLD1!,98465.0,98580.0,98300.0,98344.0,544.0
2025-06-12 18:45:00,MCX:GOLD1!,98337.0,98417.0,98259.0,98362.0,299.0
2025-06-12 19:00:00,MCX:GOLD1!,98362.0,98691.0,98322.0,98683.0,741.0
2025-06-12 19:15:00,MCX:GOLD1!,98683.0,98699.0,98500.0,98612.0,566.0
2025-06-12 19:30:00,MCX:GOLD1!,98612.0,98642.0,98401.0,98471.0,265.0
2025-06-12 19:45:00,MCX:GOLD1!,98486.0,98630.0,98456.0,98555.0,186.0
2025-06-12 20:00:00,MCX:GOLD1!,98599.0,98599.0,98458.0,98529.0,112.0
2025-06-12 20:15:00,MCX:GOLD1!,98538.0,98546.0,98400.0,98400.0,104.0
2025-06-12 20:30:00,MCX:GOLD1!,98415.0,98441.0,98271.0,98329.0,395.0
2025-06-12 20:45:00,MCX:GOLD1!,98311.0,98571.0,98260.0,98536.0,202.0
2025-06-12 21:00:00,MCX:GOLD1!,98555.0,98587.0,98495.0,98522.0,142.0
2025-06-12 21:15:00,MCX:GOLD1!,98533.0,98560.0,98481.0,98481.0,73.0
2025-06-12 21:30:00,MCX:GOLD1!,98470.0,98544.0,98431.0,98509.0,67.0
2025-06-12 21:45:00,MCX:GOLD1!,98495.0,98575.0,98480.0,98548.0,94.0
2025-06-12 22:00:00,MCX:GOLD1!,98558.0,98575.0,98460.0,98538.0,122.0
2025-06-12 22:15:00,MCX:GOLD1!,98521.0,98521.0,98380.0,98453.0,114.0
2025-06-12 22:30:00,MCX:GOLD1!,98435.0,98440.0,98375.0,98377.0,40.0
2025-06-12 22:45:00,MCX:GOLD1!,98385.0,98405.0,98310.0,98403.0,119.0
2025-06-12 23:00:00,MCX:GOLD1!,98387.0,98405.0,98320.0,98400.0,86.0
2025-06-12 23:15:00,MCX:GOLD1!,98401.0,98455.0,98370.0,98400.0,196.0
2025-06-13 09:00:00,MCX:GOLD1!,99500.0,100403.0,99493.0,100320.0,1805.0
2025-06-13 09:15:00,MCX:GOLD1!,100325.0,100350.0,100150.0,100150.0,499.0
2025-06-13 09:30:00,MCX:GOLD1!,100165.0,100200.0,100025.0,100200.0,405.0
2025-06-13 09:45:00,MCX:GOLD1!,100200.0,100276.0,100166.0,100170.0,230.0
2025-06-13 10:00:00,MCX:GOLD1!,100170.0,100211.0,100127.0,100160.0,293.0
2025-06-13 10:15:00,MCX:GOLD1!,100165.0,100200.0,100085.0,100200.0,371.0
2025-06-13 10:30:00,MCX:GOLD1!,100190.0,100249.0,100106.0,100182.0,216.0
2025-06-13 10:45:00,MCX:GOLD1!,100158.0,100239.0,100038.0,100096.0,197.0
2025-06-13 11:00:00,MCX:GOLD1!,100061.0,100177.0,100037.0,100134.0,77.0
2025-06-13 11:15:00,MCX:GOLD1!,100150.0,100198.0,100101.0,100190.0,64.0
2025-06-13 11:30:00,MCX:GOLD1!,100216.0,100239.0,100064.0,100064.0,133.0
2025-06-13 11:45:00,MCX:GOLD1!,100071.0,100150.0,100010.0,100150.0,160.0
2025-06-13 12:00:00,MCX:GOLD1!,100174.0,100195.0,99947.0,99999.0,147.0
2025-06-13 12:15:00,MCX:GOLD1!,99960.0,99997.0,99731.0,99905.0,690.0
2025-06-13 12:30:00,MCX:GOLD1!,99900.0,99900.0,99655.0,99788.0,537.0
2025-06-13 12:45:00,MCX:GOLD1!,99789.0,99880.0,99763.0,99836.0,282.0
2025-06-13 13:00:00,MCX:GOLD1!,99858.0,99927.0,99826.0,99851.0,140.0
2025-06-13 13:15:00,MCX:GOLD1!,99854.0,99900.0,99779.0,99807.0,118.0
2025-06-13 13:30:00,MCX:GOLD1!,99795.0,99970.0,99786.0,99944.0,203.0
2025-06-13 13:45:00,MCX:GOLD1!,99952.0,99990.0,99900.0,99930.0,150.0
2025-06-13 14:00:00,MCX:GOLD1!,99937.0,100012.0,99937.0,100005.0,164.0
2025-06-13 14:15:00,MCX:GOLD1!,99995.0,100094.0,99995.0,100051.0,194.0
2025-06-13 14:30:00,MCX:GOLD1!,100050.0,100093.0,99974.0,100073.0,151.0
2025-06-13 14:45:00,MCX:GOLD1!,100054.0,100079.0,99932.0,99967.0,141.0
2025-06-13 15:00:00,MCX:GOLD1!,99953.0,100068.0,99948.0,100032.0,106.0
2025-06-13 15:15:00,MCX:GOLD1!,100039.0,100101.0,100010.0,100080.0,190.0
2025-06-13 15:30:00,MCX:GOLD1!,100097.0,100140.0,99901.0,99937.0,191.0
2025-06-13 15:45:00,MCX:GOLD1!,99920.0,100033.0,99824.0,100030.0,168.0
2025-06-13 16:00:00,MCX:GOLD1!,100030.0,100075.0,99835.0,99851.0,129.0
2025-06-13 16:15:00,MCX:GOLD1!,99850.0,99900.0,99798.0,99899.0,171.0
2025-06-13 16:30:00,MCX:GOLD1!,99890.0,99919.0,99815.0,99900.0,91.0
2025-06-13 16:45:00,MCX:GOLD1!,99919.0,99999.0,99898.0,99959.0,58.0
2025-06-13 17:00:00,MCX:GOLD1!,99974.0,100020.0,99901.0,100020.0,119.0
2025-06-13 17:15:00,MCX:GOLD1!,100015.0,100050.0,99944.0,100007.0,99.0
2025-06-13 17:30:00,MCX:GOLD1!,100023.0,100099.0,100008.0,100039.0,174.0
2025-06-13 17:45:00,MCX:GOLD1!,100074.0,100149.0,100000.0,100127.0,112.0
2025-06-13 18:00:00,MCX:GOLD1!,100128.0,100305.0,100124.0,100264.0,425.0
2025-06-13 18:15:00,MCX:GOLD1!,100245.0,100414.0,100217.0,100382.0,594.0
2025-06-13 18:30:00,MCX:GOLD1!,100370.0,100520.0,100360.0,100500.0,628.0
2025-06-13 18:45:00,MCX:GOLD1!,100492.0,100597.0,100406.0,100580.0,444.0
2025-06-13 19:00:00,MCX:GOLD1!,100581.0,100681.0,100530.0,100568.0,493.0
2025-06-13 19:15:00,MCX:GOLD1!,100575.0,100576.0,100450.0,100480.0,427.0
2025-06-13 19:30:00,MCX:GOLD1!,100480.0,100510.0,100257.0,100307.0,577.0
2025-06-13 19:45:00,MCX:GOLD1!,100325.0,100430.0,100189.0,100430.0,288.0
2025-06-13 20:00:00,MCX:GOLD1!,100441.0,100474.0,100370.0,100447.0,121.0
2025-06-13 20:15:00,MCX:GOLD1!,100440.0,100530.0,100155.0,100240.0,500.0
2025-06-13 20:30:00,MCX:GOLD1!,100260.0,100310.0,100141.0,100165.0,341.0
2025-06-13 20:45:00,MCX:GOLD1!,100155.0,100249.0,100075.0,100160.0,274.0
2025-06-13 21:00:00,MCX:GOLD1!,100148.0,100174.0,100050.0,100125.0,180.0
2025-06-13 21:15:00,MCX:GOLD1!,100142.0,100194.0,100112.0,100169.0,75.0
2025-06-13 21:30:00,MCX:GOLD1!,100173.0,100236.0,99965.0,99996.0,251.0
2025-06-13 21:45:00,MCX:GOLD1!,100005.0,100150.0,99986.0,100135.0,96.0
2025-06-13 22:00:00,MCX:GOLD1!,100135.0,100210.0,100124.0,100162.0,170.0
2025-06-13 22:15:00,MCX:GOLD1!,100166.0,100200.0,100143.0,100200.0,31.0
2025-06-13 22:30:00,MCX:GOLD1!,100200.0,100296.0,100194.0,100231.0,134.0
2025-06-13 22:45:00,MCX:GOLD1!,100250.0,100275.0,100224.0,100275.0,102.0
2025-06-13 23:00:00,MCX:GOLD1!,100255.0,100286.0,100248.0,100280.0,123.0
2025-06-13 23:15:00,MCX:GOLD1!,100270.0,100315.0,100250.0,100315.0,402.0
2025-06-16 09:00:00,MCX:GOLD1!,100930.0,101078.0,100343.0,100425.0,345.0
2025-06-16 09:15:00,MCX:GOLD1!,100425.0,100425.0,100260.0,100339.0,172.0
2025-06-16 09:30:00,MCX:GOLD1!,100321.0,100426.0,100270.0,100281.0,156.0
2025-06-16 09:45:00,MCX:GOLD1!,100280.0,100343.0,100265.0,100310.0,117.0
2025-06-16 10:00:00,MCX:GOLD1!,100300.0,100387.0,100290.0,100345.0,112.0
2025-06-16 10:15:00,MCX:GOLD1!,100339.0,100339.0,100180.0,100205.0,156.0
2025-06-16 10:30:00,MCX:GOLD1!,100215.0,100237.0,100064.0,100137.0,260.0
2025-06-16 10:45:00,MCX:GOLD1!,100120.0,100155.0,100060.0,100150.0,110.0
2025-06-16 11:00:00,MCX:GOLD1!,100160.0,100201.0,99911.0,99950.0,342.0
2025-06-16 11:15:00,MCX:GOLD1!,99952.0,100063.0,99945.0,99990.0,110.0
2025-06-16 11:30:00,MCX:GOLD1!,99974.0,99989.0,99850.0,99957.0,399.0
2025-06-16 11:45:00,MCX:GOLD1!,99956.0,99987.0,99814.0,99846.0,279.0
2025-06-16 12:00:00,MCX:GOLD1!,99832.0,99940.0,99761.0,99915.0,322.0
2025-06-16 12:15:00,MCX:GOLD1!,99921.0,99921.0,99761.0,99825.0,246.0
2025-06-16 12:30:00,MCX:GOLD1!,99821.0,99910.0,99675.0,99688.0,386.0
2025-06-16 12:45:00,MCX:GOLD1!,99698.0,99821.0,99686.0,99744.0,159.0
2025-06-16 13:00:00,MCX:GOLD1!,99779.0,99834.0,99754.0,99801.0,119.0
2025-06-16 13:15:00,MCX:GOLD1!,99802.0,99808.0,99706.0,99706.0,181.0
2025-06-16 13:30:00,MCX:GOLD1!,99730.0,99775.0,99626.0,99750.0,248.0
2025-06-16 13:45:00,MCX:GOLD1!,99754.0,99850.0,99738.0,99767.0,113.0
2025-06-16 14:00:00,MCX:GOLD1!,99746.0,99865.0,99730.0,99840.0,152.0
2025-06-16 14:15:00,MCX:GOLD1!,99846.0,99899.0,99812.0,99830.0,106.0
2025-06-16 14:30:00,MCX:GOLD1!,99834.0,99920.0,99823.0,99890.0,165.0
2025-06-16 14:45:00,MCX:GOLD1!,99885.0,99934.0,99863.0,99920.0,121.0
2025-06-16 15:00:00,MCX:GOLD1!,99920.0,99928.0,99858.0,99891.0,41.0
2025-06-16 15:15:00,MCX:GOLD1!,99875.0,99875.0,99790.0,99799.0,123.0
2025-06-16 15:30:00,MCX:GOLD1!,99790.0,99850.0,99774.0,99832.0,133.0
2025-06-16 15:45:00,MCX:GOLD1!,99806.0,99828.0,99761.0,99800.0,71.0
2025-06-16 16:00:00,MCX:GOLD1!,99800.0,99936.0,99794.0,99916.0,146.0
2025-06-16 16:15:00,MCX:GOLD1!,99922.0,99960.0,99868.0,99955.0,104.0
2025-06-16 16:30:00,MCX:GOLD1!,99972.0,99999.0,99934.0,99990.0,142.0
2025-06-16 16:45:00,MCX:GOLD1!,99976.0,100000.0,99941.0,99949.0,89.0
2025-06-16 17:00:00,MCX:GOLD1!,99941.0,99941.0,99838.0,99858.0,55.0
2025-06-16 17:15:00,MCX:GOLD1!,99850.0,99850.0,99750.0,99819.0,193.0
2025-06-16 17:30:00,MCX:GOLD1!,99836.0,99900.0,99790.0,99870.0,57.0
2025-06-16 17:45:00,MCX:GOLD1!,99850.0,99850.0,99751.0,99781.0,123.0
2025-06-16 18:00:00,MCX:GOLD1!,99790.0,99815.0,99720.0,99772.0,119.0
2025-06-16 18:15:00,MCX:GOLD1!,99750.0,99835.0,99725.0,99809.0,91.0
2025-06-16 18:30:00,MCX:GOLD1!,99809.0,99843.0,99732.0,99760.0,60.0
2025-06-16 18:45:00,MCX:GOLD1!,99727.0,99757.0,99520.0,99757.0,418.0
2025-06-16 19:00:00,MCX:GOLD1!,99765.0,99789.0,99482.0,99580.0,379.0
2025-06-16 19:15:00,MCX:GOLD1!,99570.0,99629.0,98941.0,98975.0,1912.0
2025-06-16 19:30:00,MCX:GOLD1!,98965.0,99131.0,98900.0,99050.0,800.0
2025-06-16 19:45:00,MCX:GOLD1!,99050.0,99093.0,98851.0,98900.0,919.0
2025-06-16 20:00:00,MCX:GOLD1!,98900.0,99155.0,98825.0,99104.0,556.0
2025-06-16 20:15:00,MCX:GOLD1!,99105.0,99151.0,99072.0,99115.0,99.0
2025-06-16 20:30:00,MCX:GOLD1!,99133.0,99283.0,99133.0,99254.0,190.0
2025-06-16 20:45:00,MCX:GOLD1!,99245.0,99375.0,99225.0,99375.0,134.0
2025-06-16 21:00:00,MCX:GOLD1!,99379.0,99394.0,99326.0,99375.0,131.0
2025-06-16 21:15:00,MCX:GOLD1!,99370.0,99415.0,99240.0,99384.0,140.0
2025-06-16 21:30:00,MCX:GOLD1!,99396.0,99400.0,99251.0,99264.0,87.0
2025-06-16 21:45:00,MCX:GOLD1!,99268.0,99288.0,99206.0,99267.0,91.0
2025-06-16 22:00:00,MCX:GOLD1!,99250.0,99274.0,99221.0,99274.0,25.0
2025-06-16 22:15:00,MCX:GOLD1!,99290.0,99299.0,99252.0,99299.0,29.0
2025-06-16 22:30:00,MCX:GOLD1!,99307.0,99320.0,99262.0,99277.0,54.0
2025-06-16 22:45:00,MCX:GOLD1!,99290.0,99314.0,99251.0,99276.0,36.0
2025-06-16 23:00:00,MCX:GOLD1!,99276.0,99286.0,99119.0,99149.0,134.0
2025-06-16 23:15:00,MCX:GOLD1!,99149.0,99200.0,99130.0,99150.0,226.0
2025-06-17 09:00:00,MCX:GOLD1!,98902.0,99008.0,98851.0,98870.0,375.0
2025-06-17 09:15:00,MCX:GOLD1!,98857.0,98970.0,98810.0,98970.0,161.0
2025-06-17 09:30:00,MCX:GOLD1!,98970.0,98998.0,98933.0,98950.0,132.0
2025-06-17 09:45:00,MCX:GOLD1!,98966.0,99068.0,98952.0,99057.0,49.0
2025-06-17 10:00:00,MCX:GOLD1!,99086.0,99188.0,99059.0,99188.0,157.0
2025-06-17 10:15:00,MCX:GOLD1!,99165.0,99288.0,99165.0,99279.0,146.0
2025-06-17 10:30:00,MCX:GOLD1!,99280.0,99280.0,99191.0,99225.0,110.0
2025-06-17 10:45:00,MCX:GOLD1!,99218.0,99278.0,99200.0,99259.0,71.0
2025-06-17 11:00:00,MCX:GOLD1!,99256.0,99256.0,99186.0,99194.0,66.0
2025-06-17 11:15:00,MCX:GOLD1!,99200.0,99281.0,99176.0,99225.0,77.0
2025-06-17 11:30:00,MCX:GOLD1!,99214.0,99214.0,99065.0,99110.0,115.0
2025-06-17 11:45:00,MCX:GOLD1!,99073.0,99111.0,99025.0,99094.0,111.0
2025-06-17 12:00:00,MCX:GOLD1!,99092.0,99099.0,98945.0,98946.0,194.0
2025-06-17 12:15:00,MCX:GOLD1!,98964.0,99108.0,98963.0,99095.0,96.0
2025-06-17 12:30:00,MCX:GOLD1!,99060.0,99162.0,99041.0,99100.0,148.0
2025-06-17 12:45:00,MCX:GOLD1!,99100.0,99225.0,99086.0,99173.0,134.0
2025-06-17 13:00:00,MCX:GOLD1!,99180.0,99241.0,99127.0,99241.0,124.0
2025-06-17 13:15:00,MCX:GOLD1!,99209.0,99245.0,99147.0,99200.0,66.0
2025-06-17 13:30:00,MCX:GOLD1!,99196.0,99196.0,99120.0,99144.0,84.0
2025-06-17 13:45:00,MCX:GOLD1!,99150.0,99176.0,99130.0,99130.0,95.0
2025-06-17 14:00:00,MCX:GOLD1!,99145.0,99152.0,99120.0,99121.0,13.0
2025-06-17 14:15:00,MCX:GOLD1!,99109.0,99110.0,99000.0,99000.0,228.0
2025-06-17 14:30:00,MCX:GOLD1!,99005.0,99079.0,98929.0,99018.0,164.0
2025-06-17 14:45:00,MCX:GOLD1!,99040.0,99145.0,99020.0,99092.0,229.0
2025-06-17 15:00:00,MCX:GOLD1!,99092.0,99186.0,99050.0,99156.0,209.0
2025-06-17 15:15:00,MCX:GOLD1!,99145.0,99194.0,99100.0,99185.0,92.0
2025-06-17 15:30:00,MCX:GOLD1!,99190.0,99346.0,99190.0,99345.0,185.0
2025-06-17 15:45:00,MCX:GOLD1!,99330.0,99522.0,99330.0,99418.0,401.0
2025-06-17 16:00:00,MCX:GOLD1!,99418.0,99593.0,99400.0,99535.0,242.0
2025-06-17 16:15:00,MCX:GOLD1!,99539.0,99600.0,99495.0,99582.0,146.0
2025-06-17 16:30:00,MCX:GOLD1!,99601.0,99650.0,99525.0,99600.0,201.0
2025-06-17 16:45:00,MCX:GOLD1!,99591.0,99595.0,99422.0,99450.0,195.0
2025-06-17 17:00:00,MCX:GOLD1!,99465.0,99494.0,99410.0,99477.0,88.0
2025-06-17 17:15:00,MCX:GOLD1!,99493.0,99500.0,99312.0,99320.0,197.0
2025-06-17 17:30:00,MCX:GOLD1!,99300.0,99303.0,99204.0,99240.0,216.0
2025-06-17 17:45:00,MCX:GOLD1!,99214.0,99400.0,99200.0,99395.0,131.0
2025-06-17 18:00:00,MCX:GOLD1!,99404.0,99450.0,99289.0,99300.0,125.0
2025-06-17 18:15:00,MCX:GOLD1!,99313.0,99425.0,99289.0,99360.0,57.0
2025-06-17 18:30:00,MCX:GOLD1!,99370.0,99525.0,99361.0,99518.0,120.0
2025-06-17 18:45:00,MCX:GOLD1!,99520.0,99547.0,99466.0,99480.0,94.0
2025-06-17 19:00:00,MCX:GOLD1!,99476.0,99560.0,99441.0,99520.0,99.0
2025-06-17 19:15:00,MCX:GOLD1!,99505.0,99505.0,99351.0,99429.0,96.0
2025-06-17 19:30:00,MCX:GOLD1!,99410.0,99441.0,99282.0,99332.0,139.0
2025-06-17 19:45:00,MCX:GOLD1!,99327.0,99421.0,99201.0,99285.0,116.0
2025-06-17 20:00:00,MCX:GOLD1!,99300.0,99300.0,98865.0,99101.0,891.0
2025-06-17 20:15:00,MCX:GOLD1!,99119.0,99380.0,99054.0,99352.0,274.0
2025-06-17 20:30:00,MCX:GOLD1!,99350.0,99387.0,99300.0,99320.0,107.0
2025-06-17 20:45:00,MCX:GOLD1!,99300.0,99350.0,99181.0,99204.0,120.0
2025-06-17 21:00:00,MCX:GOLD1!,99201.0,99222.0,99063.0,99100.0,159.0
2025-06-17 21:15:00,MCX:GOLD1!,99097.0,99185.0,98984.0,99185.0,250.0
2025-06-17 21:30:00,MCX:GOLD1!,99185.0,99218.0,99095.0,99123.0,156.0
2025-06-17 21:45:00,MCX:GOLD1!,99085.0,99221.0,99085.0,99220.0,49.0
2025-06-17 22:00:00,MCX:GOLD1!,99213.0,99269.0,99163.0,99243.0,57.0
2025-06-17 22:15:00,MCX:GOLD1!,99244.0,99334.0,99200.0,99281.0,91.0
2025-06-17 22:30:00,MCX:GOLD1!,99312.0,99390.0,99280.0,99382.0,85.0
2025-06-17 22:45:00,MCX:GOLD1!,99389.0,99558.0,99389.0,99498.0,373.0
2025-06-17 23:00:00,MCX:GOLD1!,99516.0,99564.0,99516.0,99551.0,123.0
2025-06-17 23:15:00,MCX:GOLD1!,99555.0,99559.0,99520.0,99555.0,184.0
2025-06-18 09:00:00,MCX:GOLD1!,99372.0,99457.0,99314.0,99450.0,270.0
2025-06-18 09:15:00,MCX:GOLD1!,99440.0,99457.0,99361.0,99457.0,107.0
2025-06-18 09:30:00,MCX:GOLD1!,99455.0,99547.0,99410.0,99511.0,92.0
2025-06-18 09:45:00,MCX:GOLD1!,99510.0,99612.0,99480.0,99591.0,375.0
2025-06-18 10:00:00,MCX:GOLD1!,99600.0,99691.0,99592.0,99691.0,154.0
2025-06-18 10:15:00,MCX:GOLD1!,99693.0,99740.0,99601.0,99625.0,138.0
2025-06-18 10:30:00,MCX:GOLD1!,99637.0,99637.0,99525.0,99549.0,135.0
2025-06-18 10:45:00,MCX:GOLD1!,99565.0,99595.0,99533.0,99557.0,83.0
2025-06-18 11:00:00,MCX:GOLD1!,99533.0,99533.0,99350.0,99470.0,347.0
2025-06-18 11:15:00,MCX:GOLD1!,99460.0,99484.0,99400.0,99430.0,203.0
2025-06-18 11:30:00,MCX:GOLD1!,99409.0,99415.0,99285.0,99285.0,364.0
2025-06-18 11:45:00,MCX:GOLD1!,99290.0,99345.0,99251.0,99259.0,122.0
2025-06-18 12:00:00,MCX:GOLD1!,99264.0,99326.0,99240.0,99244.0,81.0
2025-06-18 12:15:00,MCX:GOLD1!,99248.0,99379.0,99236.0,99286.0,129.0
2025-06-18 12:30:00,MCX:GOLD1!,99293.0,99310.0,99201.0,99250.0,113.0
2025-06-18 12:45:00,MCX:GOLD1!,99249.0,99340.0,99110.0,99150.0,214.0
2025-06-18 13:00:00,MCX:GOLD1!,99150.0,99331.0,99124.0,99307.0,90.0
2025-06-18 13:15:00,MCX:GOLD1!,99290.0,99390.0,99290.0,99380.0,73.0
2025-06-18 13:30:00,MCX:GOLD1!,99385.0,99525.0,99385.0,99470.0,164.0
2025-06-18 13:45:00,MCX:GOLD1!,99471.0,99550.0,99418.0,99530.0,191.0
2025-06-18 14:00:00,MCX:GOLD1!,99511.0,99520.0,99429.0,99465.0,108.0
2025-06-18 14:15:00,MCX:GOLD1!,99460.0,99514.0,99428.0,99478.0,81.0
2025-06-18 14:30:00,MCX:GOLD1!,99450.0,99527.0,99440.0,99466.0,263.0
2025-06-18 14:45:00,MCX:GOLD1!,99431.0,99498.0,99425.0,99460.0,220.0
2025-06-18 15:00:00,MCX:GOLD1!,99444.0,99516.0,99439.0,99502.0,181.0
2025-06-18 15:15:00,MCX:GOLD1!,99516.0,99516.0,99320.0,99358.0,221.0
2025-06-18 15:30:00,MCX:GOLD1!,99346.0,99395.0,99330.0,99357.0,127.0
2025-06-18 15:45:00,MCX:GOLD1!,99365.0,99365.0,99311.0,99311.0,61.0
2025-06-18 16:00:00,MCX:GOLD1!,99325.0,99473.0,99315.0,99384.0,92.0
2025-06-18 16:15:00,MCX:GOLD1!,99389.0,99460.0,99301.0,99426.0,111.0
2025-06-18 16:30:00,MCX:GOLD1!,99441.0,99449.0,99406.0,99417.0,34.0
2025-06-18 16:45:00,MCX:GOLD1!,99414.0,99530.0,99402.0,99530.0,133.0
2025-06-18 17:00:00,MCX:GOLD1!,99519.0,99544.0,99395.0,99395.0,100.0
2025-06-18 17:15:00,MCX:GOLD1!,99375.0,99500.0,99333.0,99400.0,131.0
2025-06-18 17:30:00,MCX:GOLD1!,99401.0,99450.0,99400.0,99440.0,36.0
2025-06-18 17:45:00,MCX:GOLD1!,99485.0,99544.0,99453.0,99508.0,106.0
2025-06-18 18:00:00,MCX:GOLD1!,99500.0,99593.0,99488.0,99570.0,184.0
2025-06-18 18:15:00,MCX:GOLD1!,99560.0,99560.0,99480.0,99502.0,98.0
2025-06-18 18:30:00,MCX:GOLD1!,99498.0,99628.0,99498.0,99625.0,116.0
2025-06-18 18:45:00,MCX:GOLD1!,99610.0,99740.0,99600.0,99730.0,438.0
2025-06-18 19:00:00,MCX:GOLD1!,99739.0,99771.0,99657.0,99694.0,395.0
2025-06-18 19:15:00,MCX:GOLD1!,99694.0,99760.0,99624.0,99750.0,341.0
2025-06-18 19:30:00,MCX:GOLD1!,99740.0,99750.0,99485.0,99501.0,329.0
2025-06-18 19:45:00,MCX:GOLD1!,99480.0,99492.0,99211.0,99445.0,569.0
2025-06-18 20:00:00,MCX:GOLD1!,99469.0,99593.0,99469.0,99566.0,253.0
2025-06-18 20:15:00,MCX:GOLD1!,99552.0,99618.0,99490.0,99500.0,111.0
2025-06-18 20:30:00,MCX:GOLD1!,99520.0,99540.0,99464.0,99470.0,54.0
2025-06-18 20:45:00,MCX:GOLD1!,99492.0,99535.0,99395.0,99520.0,125.0
2025-06-18 21:00:00,MCX:GOLD1!,99511.0,99533.0,99504.0,99504.0,26.0
2025-06-18 21:15:00,MCX:GOLD1!,99539.0,99615.0,99539.0,99610.0,106.0
2025-06-18 21:30:00,MCX:GOLD1!,99617.0,99661.0,99563.0,99585.0,113.0
2025-06-18 21:45:00,MCX:GOLD1!,99575.0,99639.0,99556.0,99635.0,47.0
2025-06-18 22:00:00,MCX:GOLD1!,99640.0,99650.0,99604.0,99623.0,68.0
2025-06-18 22:15:00,MCX:GOLD1!,99610.0,99639.0,99610.0,99629.0,32.0
2025-06-18 22:30:00,MCX:GOLD1!,99623.0,99623.0,99573.0,99606.0,35.0
2025-06-18 22:45:00,MCX:GOLD1!,99606.0,99616.0,99570.0,99581.0,39.0
2025-06-18 23:00:00,MCX:GOLD1!,99585.0,99590.0,99540.0,99540.0,63.0
2025-06-18 23:15:00,MCX:GOLD1!,99540.0,99570.0,99500.0,99510.0,167.0
2025-06-19 09:00:00,MCX:GOLD1!,99170.0,99324.0,99152.0,99239.0,565.0
2025-06-19 09:15:00,MCX:GOLD1!,99230.0,99279.0,99220.0,99255.0,83.0
2025-06-19 09:30:00,MCX:GOLD1!,99255.0,99275.0,99225.0,99241.0,73.0
2025-06-19 09:45:00,MCX:GOLD1!,99245.0,99272.0,99225.0,99262.0,92.0
2025-06-19 10:00:00,MCX:GOLD1!,99250.0,99262.0,99220.0,99238.0,60.0
2025-06-19 10:15:00,MCX:GOLD1!,99241.0,99300.0,99233.0,99300.0,94.0
2025-06-19 10:30:00,MCX:GOLD1!,99300.0,99329.0,99225.0,99248.0,128.0
2025-06-19 10:45:00,MCX:GOLD1!,99271.0,99314.0,99237.0,99258.0,70.0
2025-06-19 11:00:00,MCX:GOLD1!,99260.0,99300.0,99167.0,99171.0,95.0
2025-06-19 11:15:00,MCX:GOLD1!,99170.0,99189.0,98988.0,99084.0,548.0
2025-06-19 11:30:00,MCX:GOLD1!,99084.0,99090.0,98735.0,98790.0,881.0
2025-06-19 11:45:00,MCX:GOLD1!,98806.0,98862.0,98720.0,98725.0,486.0
2025-06-19 12:00:00,MCX:GOLD1!,98720.0,98840.0,98675.0,98775.0,385.0
2025-06-19 12:15:00,MCX:GOLD1!,98775.0,98936.0,98750.0,98862.0,355.0
2025-06-19 12:30:00,MCX:GOLD1!,98870.0,98930.0,98814.0,98860.0,161.0
2025-06-19 12:45:00,MCX:GOLD1!,98875.0,98900.0,98745.0,98820.0,259.0
2025-06-19 13:00:00,MCX:GOLD1!,98820.0,99220.0,98820.0,99204.0,451.0
2025-06-19 13:15:00,MCX:GOLD1!,99191.0,99277.0,99159.0,99250.0,324.0
2025-06-19 13:30:00,MCX:GOLD1!,99260.0,99330.0,99200.0,99260.0,233.0
2025-06-19 13:45:00,MCX:GOLD1!,99251.0,99330.0,99251.0,99305.0,147.0
2025-06-19 14:00:00,MCX:GOLD1!,99302.0,99422.0,99261.0,99415.0,184.0
2025-06-19 14:15:00,MCX:GOLD1!,99410.0,99464.0,99311.0,99315.0,175.0
2025-06-19 14:30:00,MCX:GOLD1!,99324.0,99342.0,99215.0,99303.0,173.0
2025-06-19 14:45:00,MCX:GOLD1!,99303.0,99440.0,99303.0,99404.0,115.0
2025-06-19 15:00:00,MCX:GOLD1!,99402.0,99402.0,99353.0,99356.0,63.0
2025-06-19 15:15:00,MCX:GOLD1!,99371.0,99443.0,99316.0,99356.0,153.0
2025-06-19 15:30:00,MCX:GOLD1!,99360.0,99448.0,99340.0,99416.0,76.0
2025-06-19 15:45:00,MCX:GOLD1!,99416.0,99530.0,99398.0,99469.0,260.0
2025-06-19 16:00:00,MCX:GOLD1!,99480.0,99565.0,99469.0,99492.0,154.0
2025-06-19 16:15:00,MCX:GOLD1!,99513.0,99535.0,99450.0,99450.0,115.0
2025-06-19 16:30:00,MCX:GOLD1!,99463.0,99490.0,99400.0,99438.0,126.0
2025-06-19 16:45:00,MCX:GOLD1!,99404.0,99420.0,99390.0,99420.0,45.0
2025-06-19 17:00:00,MCX:GOLD1!,99420.0,99443.0,99350.0,99383.0,93.0
2025-06-19 17:15:00,MCX:GOLD1!,99404.0,99416.0,99350.0,99390.0,46.0
2025-06-19 17:30:00,MCX:GOLD1!,99390.0,99409.0,99232.0,99250.0,216.0
2025-06-19 17:45:00,MCX:GOLD1!,99250.0,99284.0,99201.0,99248.0,116.0
2025-06-19 18:00:00,MCX:GOLD1!,99240.0,99433.0,99230.0,99306.0,171.0
2025-06-19 18:15:00,MCX:GOLD1!,99314.0,99400.0,99289.0,99359.0,107.0
2025-06-19 18:30:00,MCX:GOLD1!,99362.0,99370.0,99250.0,99319.0,103.0
2025-06-19 18:45:00,MCX:GOLD1!,99320.0,99324.0,99151.0,99185.0,232.0
2025-06-19 19:00:00,MCX:GOLD1!,99185.0,99376.0,99160.0,99323.0,215.0
2025-06-19 19:15:00,MCX:GOLD1!,99325.0,99425.0,99325.0,99379.0,146.0
2025-06-19 19:30:00,MCX:GOLD1!,99370.0,99412.0,99330.0,99400.0,102.0
2025-06-19 19:45:00,MCX:GOLD1!,99390.0,99424.0,99238.0,99262.0,168.0
2025-06-19 20:00:00,MCX:GOLD1!,99238.0,99366.0,99238.0,99359.0,79.0
2025-06-19 20:15:00,MCX:GOLD1!,99321.0,99359.0,99295.0,99295.0,43.0
2025-06-19 20:30:00,MCX:GOLD1!,99272.0,99400.0,99261.0,99297.0,126.0
2025-06-19 20:45:00,MCX:GOLD1!,99335.0,99419.0,99335.0,99399.0,91.0
2025-06-19 21:00:00,MCX:GOLD1!,99367.0,99398.0,99317.0,99372.0,40.0
2025-06-19 21:15:00,MCX:GOLD1!,99372.0,99467.0,99343.0,99421.0,119.0
2025-06-19 21:30:00,MCX:GOLD1!,99400.0,99403.0,99363.0,99369.0,18.0
2025-06-19 21:45:00,MCX:GOLD1!,99358.0,99435.0,99320.0,99408.0,43.0
2025-06-19 22:00:00,MCX:GOLD1!,99415.0,99420.0,99370.0,99410.0,18.0
2025-06-19 22:15:00,MCX:GOLD1!,99410.0,99453.0,99410.0,99453.0,49.0
2025-06-19 22:30:00,MCX:GOLD1!,99441.0,99493.0,99414.0,99456.0,116.0
2025-06-19 22:45:00,MCX:GOLD1!,99479.0,99519.0,99461.0,99500.0,92.0
2025-06-19 23:00:00,MCX:GOLD1!,99456.0,99456.0,99302.0,99312.0,164.0
2025-06-19 23:15:00,MCX:GOLD1!,99312.0,99343.0,99285.0,99301.0,196.0
2025-06-20 09:00:00,MCX:GOLD1!,98754.0,98847.0,98683.0,98833.0,1001.0
2025-06-20 09:15:00,MCX:GOLD1!,98818.0,98882.0,98782.0,98852.0,243.0
2025-06-20 09:30:00,MCX:GOLD1!,98850.0,98871.0,98813.0,98861.0,156.0
2025-06-20 09:45:00,MCX:GOLD1!,98861.0,98875.0,98816.0,98843.0,108.0
2025-06-20 10:00:00,MCX:GOLD1!,98830.0,98870.0,98800.0,98868.0,162.0
2025-06-20 10:15:00,MCX:GOLD1!,98868.0,98868.0,98710.0,98759.0,228.0
2025-06-20 10:30:00,MCX:GOLD1!,98754.0,98778.0,98710.0,98720.0,113.0
2025-06-20 10:45:00,MCX:GOLD1!,98711.0,98738.0,98651.0,98660.0,205.0
2025-06-20 11:00:00,MCX:GOLD1!,98660.0,98750.0,98582.0,98675.0,208.0
2025-06-20 11:15:00,MCX:GOLD1!,98682.0,98682.0,98532.0,98550.0,394.0
2025-06-20 11:30:00,MCX:GOLD1!,98536.0,98647.0,98500.0,98615.0,279.0
2025-06-20 11:45:00,MCX:GOLD1!,98610.0,98642.0,98505.0,98510.0,246.0
2025-06-20 12:00:00,MCX:GOLD1!,98513.0,98550.0,98431.0,98466.0,340.0
2025-06-20 12:15:00,MCX:GOLD1!,98479.0,98600.0,98447.0,98580.0,209.0
2025-06-20 12:30:00,MCX:GOLD1!,98575.0,98781.0,98541.0,98729.0,276.0
2025-06-20 12:45:00,MCX:GOLD1!,98743.0,98783.0,98680.0,98703.0,142.0
2025-06-20 13:00:00,MCX:GOLD1!,98705.0,98705.0,98624.0,98646.0,194.0
2025-06-20 13:15:00,MCX:GOLD1!,98627.0,98650.0,98581.0,98585.0,113.0
2025-06-20 13:30:00,MCX:GOLD1!,98615.0,98650.0,98580.0,98605.0,126.0
2025-06-20 13:45:00,MCX:GOLD1!,98621.0,98704.0,98605.0,98640.0,68.0
2025-06-20 14:00:00,MCX:GOLD1!,98632.0,98700.0,98624.0,98700.0,68.0
2025-06-20 14:15:00,MCX:GOLD1!,98708.0,98708.0,98650.0,98655.0,103.0
2025-06-20 14:30:00,MCX:GOLD1!,98670.0,98739.0,98648.0,98729.0,81.0
2025-06-20 14:45:00,MCX:GOLD1!,98740.0,98819.0,98711.0,98805.0,124.0
2025-06-20 15:00:00,MCX:GOLD1!,98805.0,98830.0,98793.0,98823.0,87.0
2025-06-20 15:15:00,MCX:GOLD1!,98825.0,98851.0,98736.0,98751.0,78.0
2025-06-20 15:30:00,MCX:GOLD1!,98758.0,98819.0,98758.0,98810.0,52.0
2025-06-20 15:45:00,MCX:GOLD1!,98800.0,98850.0,98791.0,98810.0,49.0
2025-06-20 16:00:00,MCX:GOLD1!,98815.0,98815.0,98771.0,98805.0,25.0
2025-06-20 16:15:00,MCX:GOLD1!,98810.0,98841.0,98800.0,98800.0,42.0
2025-06-20 16:30:00,MCX:GOLD1!,98790.0,98797.0,98743.0,98779.0,46.0
2025-06-20 16:45:00,MCX:GOLD1!,98761.0,98761.0,98702.0,98710.0,99.0
2025-06-20 17:00:00,MCX:GOLD1!,98720.0,98800.0,98700.0,98715.0,58.0
2025-06-20 17:15:00,MCX:GOLD1!,98691.0,98725.0,98579.0,98603.0,265.0
2025-06-20 17:30:00,MCX:GOLD1!,98599.0,98680.0,98570.0,98622.0,108.0
2025-06-20 17:45:00,MCX:GOLD1!,98612.0,98689.0,98600.0,98615.0,44.0
2025-06-20 18:00:00,MCX:GOLD1!,98625.0,98625.0,98459.0,98555.0,341.0
2025-06-20 18:15:00,MCX:GOLD1!,98555.0,98555.0,98464.0,98489.0,147.0
2025-06-20 18:30:00,MCX:GOLD1!,98472.0,98715.0,98456.0,98705.0,180.0
2025-06-20 18:45:00,MCX:GOLD1!,98696.0,98792.0,98606.0,98770.0,166.0
2025-06-20 19:00:00,MCX:GOLD1!,98792.0,98970.0,98780.0,98950.0,987.0
2025-06-20 19:15:00,MCX:GOLD1!,98950.0,99173.0,98950.0,99090.0,771.0
2025-06-20 19:30:00,MCX:GOLD1!,99100.0,99192.0,99000.0,99100.0,342.0
2025-06-20 19:45:00,MCX:GOLD1!,99104.0,99122.0,99011.0,99087.0,204.0
2025-06-20 20:00:00,MCX:GOLD1!,99100.0,99150.0,99020.0,99090.0,142.0
2025-06-20 20:15:00,MCX:GOLD1!,99090.0,99168.0,99033.0,99120.0,129.0
2025-06-20 20:30:00,MCX:GOLD1!,99140.0,99182.0,99076.0,99079.0,115.0
2025-06-20 20:45:00,MCX:GOLD1!,99079.0,99111.0,99034.0,99110.0,72.0
2025-06-20 21:00:00,MCX:GOLD1!,99110.0,99112.0,99055.0,99077.0,41.0
2025-06-20 21:15:00,MCX:GOLD1!,99055.0,99190.0,99055.0,99150.0,81.0
2025-06-20 21:30:00,MCX:GOLD1!,99132.0,99147.0,99103.0,99140.0,38.0
2025-06-20 21:45:00,MCX:GOLD1!,99140.0,99156.0,99120.0,99150.0,51.0
2025-06-20 22:00:00,MCX:GOLD1!,99122.0,99198.0,99110.0,99190.0,110.0
2025-06-20 22:15:00,MCX:GOLD1!,99197.0,99198.0,99126.0,99154.0,60.0
2025-06-20 22:30:00,MCX:GOLD1!,99150.0,99169.0,99135.0,99140.0,48.0
2025-06-20 22:45:00,MCX:GOLD1!,99137.0,99149.0,99125.0,99129.0,43.0
2025-06-20 23:00:00,MCX:GOLD1!,99137.0,99137.0,99087.0,99115.0,93.0
2025-06-20 23:15:00,MCX:GOLD1!,99124.0,99140.0,99076.0,99096.0,206.0
2025-06-23 09:00:00,MCX:GOLD1!,99100.0,99243.0,99100.0,99141.0,495.0
2025-06-23 09:15:00,MCX:GOLD1!,99120.0,99171.0,99096.0,99154.0,201.0
2025-06-23 09:30:00,MCX:GOLD1!,99169.0,99208.0,99152.0,99165.0,109.0
2025-06-23 09:45:00,MCX:GOLD1!,99159.0,99159.0,99019.0,99082.0,221.0
2025-06-23 10:00:00,MCX:GOLD1!,99069.0,99099.0,99001.0,99018.0,139.0
2025-06-23 10:15:00,MCX:GOLD1!,99030.0,99044.0,99013.0,99041.0,43.0
2025-06-23 10:30:00,MCX:GOLD1!,99043.0,99124.0,99043.0,99112.0,186.0
2025-06-23 10:45:00,MCX:GOLD1!,99113.0,99121.0,99043.0,99054.0,181.0
2025-06-23 11:00:00,MCX:GOLD1!,99057.0,99059.0,98840.0,98980.0,343.0
2025-06-23 11:15:00,MCX:GOLD1!,98980.0,99050.0,98980.0,99050.0,112.0
2025-06-23 11:30:00,MCX:GOLD1!,99030.0,99136.0,98995.0,99030.0,176.0
2025-06-23 11:45:00,MCX:GOLD1!,99030.0,99089.0,99012.0,99043.0,25.0
2025-06-23 12:00:00,MCX:GOLD1!,99033.0,99050.0,98969.0,98971.0,60.0
2025-06-23 12:15:00,MCX:GOLD1!,98969.0,99057.0,98950.0,99051.0,71.0
2025-06-23 12:30:00,MCX:GOLD1!,99036.0,99036.0,98860.0,98892.0,117.0
2025-06-23 12:45:00,MCX:GOLD1!,98882.0,98960.0,98869.0,98950.0,115.0
2025-06-23 13:00:00,MCX:GOLD1!,98965.0,98996.0,98880.0,98948.0,64.0
2025-06-23 13:15:00,MCX:GOLD1!,98909.0,99014.0,98900.0,99000.0,67.0
2025-06-23 13:30:00,MCX:GOLD1!,99031.0,99095.0,99000.0,99050.0,128.0
2025-06-23 13:45:00,MCX:GOLD1!,99056.0,99070.0,98990.0,99053.0,72.0
2025-06-23 14:00:00,MCX:GOLD1!,99039.0,99054.0,99008.0,99016.0,60.0
2025-06-23 14:15:00,MCX:GOLD1!,99036.0,99064.0,98982.0,99050.0,118.0
2025-06-23 14:30:00,MCX:GOLD1!,99075.0,99290.0,99070.0,99290.0,296.0
2025-06-23 14:45:00,MCX:GOLD1!,99299.0,99348.0,99252.0,99252.0,242.0
2025-06-23 15:00:00,MCX:GOLD1!,99273.0,99273.0,99200.0,99253.0,241.0
2025-06-23 15:15:00,MCX:GOLD1!,99253.0,99294.0,99210.0,99241.0,122.0
2025-06-23 15:30:00,MCX:GOLD1!,99250.0,99300.0,99233.0,99270.0,40.0
2025-06-23 15:45:00,MCX:GOLD1!,99290.0,99300.0,99251.0,99275.0,43.0
2025-06-23 16:00:00,MCX:GOLD1!,99266.0,99298.0,99266.0,99280.0,49.0
2025-06-23 16:15:00,MCX:GOLD1!,99277.0,99300.0,99235.0,99300.0,70.0
2025-06-23 16:30:00,MCX:GOLD1!,99300.0,99450.0,99300.0,99445.0,336.0
2025-06-23 16:45:00,MCX:GOLD1!,99451.0,99649.0,99445.0,99555.0,532.0
2025-06-23 17:00:00,MCX:GOLD1!,99560.0,99599.0,99475.0,99567.0,163.0
2025-06-23 17:15:00,MCX:GOLD1!,99574.0,99625.0,99505.0,99613.0,225.0
2025-06-23 17:30:00,MCX:GOLD1!,99625.0,99625.0,99355.0,99362.0,372.0
2025-06-23 17:45:00,MCX:GOLD1!,99369.0,99369.0,99120.0,99180.0,619.0
2025-06-23 18:00:00,MCX:GOLD1!,99199.0,99221.0,99021.0,99101.0,406.0
2025-06-23 18:15:00,MCX:GOLD1!,99101.0,99192.0,99077.0,99100.0,182.0
2025-06-23 18:30:00,MCX:GOLD1!,99084.0,99280.0,99080.0,99272.0,150.0
2025-06-23 18:45:00,MCX:GOLD1!,99285.0,99308.0,99237.0,99285.0,99.0
2025-06-23 19:00:00,MCX:GOLD1!,99290.0,99657.0,99290.0,99614.0,739.0
2025-06-23 19:15:00,MCX:GOLD1!,99570.0,99727.0,99535.0,99600.0,754.0
2025-06-23 19:30:00,MCX:GOLD1!,99585.0,99648.0,99291.0,99410.0,457.0
2025-06-23 19:45:00,MCX:GOLD1!,99415.0,99575.0,99415.0,99457.0,205.0
2025-06-23 20:00:00,MCX:GOLD1!,99444.0,99570.0,99435.0,99570.0,98.0
2025-06-23 20:15:00,MCX:GOLD1!,99573.0,99645.0,99557.0,99638.0,134.0
2025-06-23 20:30:00,MCX:GOLD1!,99625.0,99680.0,99551.0,99650.0,184.0
2025-06-23 20:45:00,MCX:GOLD1!,99649.0,99680.0,99624.0,99652.0,158.0
2025-06-23 21:00:00,MCX:GOLD1!,99671.0,99699.0,99581.0,99604.0,195.0
2025-06-23 21:15:00,MCX:GOLD1!,99604.0,99723.0,99600.0,99674.0,293.0
2025-06-23 21:30:00,MCX:GOLD1!,99662.0,99701.0,99641.0,99660.0,71.0
2025-06-23 21:45:00,MCX:GOLD1!,99653.0,99827.0,99652.0,99789.0,411.0
2025-06-23 22:00:00,MCX:GOLD1!,99795.0,99830.0,99523.0,99662.0,424.0
2025-06-23 22:15:00,MCX:GOLD1!,99649.0,99729.0,99529.0,99729.0,183.0
2025-06-23 22:30:00,MCX:GOLD1!,99725.0,99757.0,99591.0,99591.0,143.0
2025-06-23 22:45:00,MCX:GOLD1!,99586.0,99611.0,99302.0,99389.0,737.0
2025-06-23 23:00:00,MCX:GOLD1!,99380.0,99495.0,99345.0,99429.0,117.0
2025-06-23 23:15:00,MCX:GOLD1!,99426.0,99439.0,99330.0,99355.0,355.0
2025-06-24 09:00:00,MCX:GOLD1!,98800.0,98807.0,96422.0,98180.0,1717.0
2025-06-24 09:15:00,MCX:GOLD1!,98180.0,98215.0,98152.0,98164.0,412.0
2025-06-24 09:30:00,MCX:GOLD1!,98195.0,98261.0,98137.0,98173.0,243.0
2025-06-24 09:45:00,MCX:GOLD1!,98181.0,98228.0,98151.0,98173.0,119.0
2025-06-24 10:00:00,MCX:GOLD1!,98174.0,98175.0,98101.0,98125.0,181.0
2025-06-24 10:15:00,MCX:GOLD1!,98126.0,98161.0,98108.0,98161.0,121.0
2025-06-24 10:30:00,MCX:GOLD1!,98141.0,98163.0,98000.0,98000.0,334.0
2025-06-24 10:45:00,MCX:GOLD1!,98000.0,98035.0,97857.0,97868.0,351.0
2025-06-24 11:00:00,MCX:GOLD1!,97887.0,97910.0,97740.0,97740.0,454.0
2025-06-24 11:15:00,MCX:GOLD1!,97750.0,97763.0,97561.0,97695.0,623.0
2025-06-24 11:30:00,MCX:GOLD1!,97698.0,97725.0,97441.0,97441.0,654.0
2025-06-24 11:45:00,MCX:GOLD1!,97447.0,97497.0,97289.0,97307.0,688.0
2025-06-24 12:00:00,MCX:GOLD1!,97287.0,97378.0,97127.0,97201.0,855.0
2025-06-24 12:15:00,MCX:GOLD1!,97202.0,97371.0,97202.0,97345.0,282.0
2025-06-24 12:30:00,MCX:GOLD1!,97360.0,97481.0,97220.0,97347.0,334.0
2025-06-24 12:45:00,MCX:GOLD1!,97331.0,97350.0,97252.0,97319.0,202.0
2025-06-24 13:00:00,MCX:GOLD1!,97310.0,97558.0,97310.0,97450.0,338.0
2025-06-24 13:15:00,MCX:GOLD1!,97441.0,97615.0,97400.0,97560.0,290.0
2025-06-24 13:30:00,MCX:GOLD1!,97579.0,97647.0,97505.0,97629.0,209.0
2025-06-24 13:45:00,MCX:GOLD1!,97629.0,97650.0,97413.0,97456.0,270.0
2025-06-24 14:00:00,MCX:GOLD1!,97425.0,97482.0,97393.0,97460.0,116.0
2025-06-24 14:15:00,MCX:GOLD1!,97479.0,97479.0,97317.0,97384.0,166.0
2025-06-24 14:30:00,MCX:GOLD1!,97390.0,97416.0,97261.0,97270.0,158.0
2025-06-24 14:45:00,MCX:GOLD1!,97265.0,97320.0,97200.0,97219.0,323.0
2025-06-24 15:00:00,MCX:GOLD1!,97212.0,97248.0,97132.0,97174.0,329.0
2025-06-24 15:15:00,MCX:GOLD1!,97170.0,97200.0,97082.0,97099.0,382.0
2025-06-24 15:30:00,MCX:GOLD1!,97110.0,97296.0,97110.0,97284.0,204.0
2025-06-24 15:45:00,MCX:GOLD1!,97281.0,97348.0,97265.0,97343.0,134.0
2025-06-24 16:00:00,MCX:GOLD1!,97345.0,97397.0,97337.0,97374.0,87.0
2025-06-24 16:15:00,MCX:GOLD1!,97374.0,97383.0,97320.0,97330.0,87.0
2025-06-24 16:30:00,MCX:GOLD1!,97330.0,97389.0,97311.0,97334.0,95.0
2025-06-24 16:45:00,MCX:GOLD1!,97352.0,97400.0,97249.0,97280.0,182.0
2025-06-24 17:00:00,MCX:GOLD1!,97280.0,97350.0,97245.0,97327.0,106.0
2025-06-24 17:15:00,MCX:GOLD1!,97300.0,97300.0,97179.0,97280.0,116.0
2025-06-24 17:30:00,MCX:GOLD1!,97261.0,97261.0,97054.0,97077.0,238.0
2025-06-24 17:45:00,MCX:GOLD1!,97073.0,97217.0,97047.0,97120.0,382.0
2025-06-24 18:00:00,MCX:GOLD1!,97120.0,97120.0,96880.0,96975.0,797.0
2025-06-24 18:15:00,MCX:GOLD1!,96989.0,97166.0,96910.0,97109.0,307.0
2025-06-24 18:30:00,MCX:GOLD1!,97098.0,97164.0,97027.0,97155.0,135.0
2025-06-24 18:45:00,MCX:GOLD1!,97155.0,97168.0,97000.0,97000.0,145.0
2025-06-24 19:00:00,MCX:GOLD1!,97005.0,97055.0,96650.0,96725.0,835.0
2025-06-24 19:15:00,MCX:GOLD1!,96720.0,96800.0,96650.0,96777.0,280.0
2025-06-24 19:30:00,MCX:GOLD1!,96760.0,96909.0,96728.0,96897.0,181.0
2025-06-24 19:45:00,MCX:GOLD1!,96900.0,96950.0,96740.0,96800.0,268.0
2025-06-24 20:00:00,MCX:GOLD1!,96774.0,96855.0,96682.0,96777.0,237.0
2025-06-24 20:15:00,MCX:GOLD1!,96790.0,96825.0,96740.0,96781.0,80.0
2025-06-24 20:30:00,MCX:GOLD1!,96759.0,96759.0,96631.0,96667.0,304.0
2025-06-24 20:45:00,MCX:GOLD1!,96667.0,96950.0,96650.0,96899.0,239.0
2025-06-24 21:00:00,MCX:GOLD1!,96886.0,97011.0,96886.0,96965.0,238.0
2025-06-24 21:15:00,MCX:GOLD1!,96964.0,96975.0,96901.0,96930.0,107.0
2025-06-24 21:30:00,MCX:GOLD1!,96930.0,96935.0,96882.0,96910.0,50.0
2025-06-24 21:45:00,MCX:GOLD1!,96885.0,96919.0,96831.0,96831.0,60.0
2025-06-24 22:00:00,MCX:GOLD1!,96836.0,96996.0,96836.0,96989.0,80.0
2025-06-24 22:15:00,MCX:GOLD1!,96975.0,97046.0,96943.0,97003.0,164.0
2025-06-24 22:30:00,MCX:GOLD1!,97001.0,97053.0,96991.0,96991.0,144.0
2025-06-24 22:45:00,MCX:GOLD1!,97006.0,97043.0,96990.0,97040.0,72.0
2025-06-24 23:00:00,MCX:GOLD1!,97045.0,97059.0,97006.0,97045.0,142.0
2025-06-24 23:15:00,MCX:GOLD1!,97041.0,97041.0,96990.0,96994.0,209.0
2025-06-25 09:00:00,MCX:GOLD1!,97311.0,97436.0,97264.0,97345.0,641.0
2025-06-25 09:15:00,MCX:GOLD1!,97331.0,97331.0,97207.0,97255.0,188.0
2025-06-25 09:30:00,MCX:GOLD1!,97243.0,97272.0,97218.0,97227.0,100.0
2025-06-25 09:45:00,MCX:GOLD1!,97242.0,97335.0,97242.0,97275.0,133.0
2025-06-25 10:00:00,MCX:GOLD1!,97275.0,97280.0,97240.0,97259.0,56.0
2025-06-25 10:15:00,MCX:GOLD1!,97261.0,97301.0,97199.0,97199.0,103.0
2025-06-25 10:30:00,MCX:GOLD1!,97199.0,97226.0,97144.0,97200.0,216.0
2025-06-25 10:45:00,MCX:GOLD1!,97183.0,97226.0,97158.0,97215.0,61.0
2025-06-25 11:00:00,MCX:GOLD1!,97214.0,97307.0,97200.0,97296.0,124.0
2025-06-25 11:15:00,MCX:GOLD1!,97296.0,97317.0,97265.0,97265.0,40.0
2025-06-25 11:30:00,MCX:GOLD1!,97299.0,97312.0,97217.0,97231.0,145.0
2025-06-25 11:45:00,MCX:GOLD1!,97234.0,97278.0,97230.0,97268.0,39.0
2025-06-25 12:00:00,MCX:GOLD1!,97248.0,97305.0,97228.0,97300.0,40.0
2025-06-25 12:15:00,MCX:GOLD1!,97314.0,97322.0,97263.0,97300.0,109.0
2025-06-25 12:30:00,MCX:GOLD1!,97321.0,97380.0,97238.0,97238.0,155.0
2025-06-25 12:45:00,MCX:GOLD1!,97230.0,97380.0,97203.0,97380.0,157.0
2025-06-25 13:00:00,MCX:GOLD1!,97391.0,97460.0,97346.0,97443.0,231.0
2025-06-25 13:15:00,MCX:GOLD1!,97442.0,97500.0,97362.0,97369.0,215.0
2025-06-25 13:30:00,MCX:GOLD1!,97369.0,97407.0,97320.0,97320.0,51.0
2025-06-25 13:45:00,MCX:GOLD1!,97310.0,97386.0,97288.0,97382.0,55.0
2025-06-25 14:00:00,MCX:GOLD1!,97392.0,97403.0,97355.0,97374.0,20.0
2025-06-25 14:15:00,MCX:GOLD1!,97355.0,97355.0,97300.0,97300.0,36.0
2025-06-25 14:30:00,MCX:GOLD1!,97301.0,97330.0,97223.0,97228.0,116.0
2025-06-25 14:45:00,MCX:GOLD1!,97228.0,97323.0,97225.0,97274.0,148.0
2025-06-25 15:00:00,MCX:GOLD1!,97280.0,97280.0,97220.0,97250.0,85.0
2025-06-25 15:15:00,MCX:GOLD1!,97259.0,97315.0,97250.0,97315.0,67.0
2025-06-25 15:30:00,MCX:GOLD1!,97322.0,97386.0,97310.0,97386.0,75.0
2025-06-25 15:45:00,MCX:GOLD1!,97373.0,97407.0,97284.0,97317.0,107.0
2025-06-25 16:00:00,MCX:GOLD1!,97307.0,97307.0,97261.0,97267.0,33.0
2025-06-25 16:15:00,MCX:GOLD1!,97300.0,97368.0,97290.0,97300.0,51.0
2025-06-25 16:30:00,MCX:GOLD1!,97292.0,97380.0,97292.0,97371.0,62.0
2025-06-25 16:45:00,MCX:GOLD1!,97384.0,97385.0,97303.0,97325.0,63.0
2025-06-25 17:00:00,MCX:GOLD1!,97325.0,97357.0,97306.0,97325.0,51.0
2025-06-25 17:15:00,MCX:GOLD1!,97338.0,97347.0,97250.0,97251.0,97.0
2025-06-25 17:30:00,MCX:GOLD1!,97273.0,97350.0,97264.0,97328.0,51.0
2025-06-25 17:45:00,MCX:GOLD1!,97330.0,97419.0,97315.0,97390.0,159.0
2025-06-25 18:00:00,MCX:GOLD1!,97390.0,97390.0,97220.0,97220.0,123.0
2025-06-25 18:15:00,MCX:GOLD1!,97202.0,97270.0,97187.0,97250.0,129.0
2025-06-25 18:30:00,MCX:GOLD1!,97250.0,97269.0,97101.0,97124.0,187.0
2025-06-25 18:45:00,MCX:GOLD1!,97124.0,97191.0,97060.0,97071.0,151.0
2025-06-25 19:00:00,MCX:GOLD1!,97070.0,97116.0,97015.0,97046.0,209.0
2025-06-25 19:15:00,MCX:GOLD1!,97070.0,97101.0,97033.0,97044.0,78.0
2025-06-25 19:30:00,MCX:GOLD1!,97023.0,97233.0,97020.0,97183.0,157.0
2025-06-25 19:45:00,MCX:GOLD1!,97170.0,97250.0,97164.0,97200.0,64.0
2025-06-25 20:00:00,MCX:GOLD1!,97220.0,97271.0,97200.0,97210.0,99.0
2025-06-25 20:15:00,MCX:GOLD1!,97222.0,97318.0,97190.0,97260.0,98.0
2025-06-25 20:30:00,MCX:GOLD1!,97251.0,97300.0,97235.0,97294.0,39.0
2025-06-25 20:45:00,MCX:GOLD1!,97283.0,97283.0,97236.0,97236.0,12.0
2025-06-25 21:00:00,MCX:GOLD1!,97243.0,97302.0,97224.0,97291.0,42.0
2025-06-25 21:15:00,MCX:GOLD1!,97296.0,97340.0,97296.0,97338.0,117.0
2025-06-25 21:30:00,MCX:GOLD1!,97311.0,97341.0,97298.0,97340.0,65.0
2025-06-25 21:45:00,MCX:GOLD1!,97333.0,97360.0,97312.0,97350.0,90.0
2025-06-25 22:00:00,MCX:GOLD1!,97355.0,97486.0,97350.0,97450.0,301.0
2025-06-25 22:15:00,MCX:GOLD1!,97462.0,97520.0,97441.0,97520.0,257.0
2025-06-25 22:30:00,MCX:GOLD1!,97513.0,97520.0,97458.0,97484.0,131.0
2025-06-25 22:45:00,MCX:GOLD1!,97483.0,97483.0,97379.0,97379.0,119.0
2025-06-25 23:00:00,MCX:GOLD1!,97375.0,97415.0,97300.0,97357.0,138.0
2025-06-25 23:15:00,MCX:GOLD1!,97348.0,97395.0,97341.0,97390.0,142.0
2025-06-26 09:00:00,MCX:GOLD1!,97412.0,97600.0,97412.0,97462.0,239.0
2025-06-26 09:15:00,MCX:GOLD1!,97483.0,97483.0,97417.0,97451.0,59.0
2025-06-26 09:30:00,MCX:GOLD1!,97431.0,97480.0,97425.0,97450.0,34.0
2025-06-26 09:45:00,MCX:GOLD1!,97450.0,97459.0,97430.0,97430.0,32.0
2025-06-26 10:00:00,MCX:GOLD1!,97430.0,97430.0,97336.0,97378.0,127.0
2025-06-26 10:15:00,MCX:GOLD1!,97355.0,97379.0,97260.0,97275.0,285.0
2025-06-26 10:30:00,MCX:GOLD1!,97275.0,97309.0,97263.0,97289.0,70.0
2025-06-26 10:45:00,MCX:GOLD1!,97300.0,97331.0,97271.0,97271.0,97.0
2025-06-26 11:00:00,MCX:GOLD1!,97268.0,97375.0,97240.0,97330.0,173.0
2025-06-26 11:15:00,MCX:GOLD1!,97330.0,97365.0,97271.0,97280.0,70.0
2025-06-26 11:30:00,MCX:GOLD1!,97280.0,97306.0,97144.0,97200.0,291.0
2025-06-26 11:45:00,MCX:GOLD1!,97209.0,97300.0,97173.0,97295.0,103.0
2025-06-26 12:00:00,MCX:GOLD1!,97300.0,97330.0,97208.0,97317.0,104.0
2025-06-26 12:15:00,MCX:GOLD1!,97313.0,97375.0,97304.0,97350.0,211.0
2025-06-26 12:30:00,MCX:GOLD1!,97355.0,97475.0,97355.0,97447.0,291.0
2025-06-26 12:45:00,MCX:GOLD1!,97450.0,97517.0,97419.0,97517.0,211.0
2025-06-26 13:00:00,MCX:GOLD1!,97505.0,97641.0,97501.0,97571.0,524.0
2025-06-26 13:15:00,MCX:GOLD1!,97553.0,97571.0,97466.0,97505.0,133.0
2025-06-26 13:30:00,MCX:GOLD1!,97515.0,97544.0,97380.0,97465.0,122.0
2025-06-26 13:45:00,MCX:GOLD1!,97450.0,97465.0,97400.0,97426.0,163.0
2025-06-26 14:00:00,MCX:GOLD1!,97426.0,97463.0,97386.0,97451.0,77.0
2025-06-26 14:15:00,MCX:GOLD1!,97460.0,97600.0,97447.0,97560.0,267.0
2025-06-26 14:30:00,MCX:GOLD1!,97556.0,97565.0,97374.0,97416.0,210.0
2025-06-26 14:45:00,MCX:GOLD1!,97410.0,97416.0,97333.0,97380.0,122.0
2025-06-26 15:00:00,MCX:GOLD1!,97400.0,97400.0,97325.0,97359.0,180.0
2025-06-26 15:15:00,MCX:GOLD1!,97348.0,97385.0,97313.0,97371.0,96.0
2025-06-26 15:30:00,MCX:GOLD1!,97371.0,97390.0,97310.0,97320.0,56.0
2025-06-26 15:45:00,MCX:GOLD1!,97332.0,97340.0,97287.0,97323.0,89.0
2025-06-26 16:00:00,MCX:GOLD1!,97332.0,97350.0,97296.0,97330.0,83.0
2025-06-26 16:15:00,MCX:GOLD1!,97330.0,97395.0,97313.0,97395.0,44.0
2025-06-26 16:30:00,MCX:GOLD1!,97395.0,97400.0,97360.0,97360.0,23.0
2025-06-26 16:45:00,MCX:GOLD1!,97360.0,97386.0,97337.0,97339.0,47.0
2025-06-26 17:00:00,MCX:GOLD1!,97325.0,97339.0,97190.0,97229.0,205.0
2025-06-26 17:15:00,MCX:GOLD1!,97213.0,97287.0,97188.0,97227.0,284.0
2025-06-26 17:30:00,MCX:GOLD1!,97220.0,97305.0,97202.0,97260.0,106.0
2025-06-26 17:45:00,MCX:GOLD1!,97255.0,97411.0,97233.0,97380.0,129.0
2025-06-26 18:00:00,MCX:GOLD1!,97364.0,97367.0,97135.0,97213.0,287.0
2025-06-26 18:15:00,MCX:GOLD1!,97212.0,97223.0,96914.0,96914.0,573.0
2025-06-26 18:30:00,MCX:GOLD1!,96925.0,96974.0,96760.0,96830.0,917.0
2025-06-26 18:45:00,MCX:GOLD1!,96820.0,96980.0,96789.0,96789.0,314.0
2025-06-26 19:00:00,MCX:GOLD1!,96820.0,96851.0,96562.0,96811.0,893.0
2025-06-26 19:15:00,MCX:GOLD1!,96813.0,96965.0,96760.0,96790.0,366.0
2025-06-26 19:30:00,MCX:GOLD1!,96777.0,96857.0,96700.0,96815.0,134.0
2025-06-26 19:45:00,MCX:GOLD1!,96832.0,96870.0,96625.0,96626.0,271.0
2025-06-26 20:00:00,MCX:GOLD1!,96641.0,96771.0,96584.0,96771.0,373.0
2025-06-26 20:15:00,MCX:GOLD1!,96753.0,96811.0,96690.0,96725.0,124.0
2025-06-26 20:30:00,MCX:GOLD1!,96770.0,96885.0,96758.0,96869.0,85.0
2025-06-26 20:45:00,MCX:GOLD1!,96873.0,96894.0,96821.0,96860.0,83.0
2025-06-26 21:00:00,MCX:GOLD1!,96888.0,96907.0,96843.0,96881.0,59.0
2025-06-26 21:15:00,MCX:GOLD1!,96851.0,96947.0,96829.0,96946.0,86.0
2025-06-26 21:30:00,MCX:GOLD1!,96927.0,96960.0,96896.0,96949.0,52.0
2025-06-26 21:45:00,MCX:GOLD1!,96948.0,97047.0,96942.0,97023.0,169.0
2025-06-26 22:00:00,MCX:GOLD1!,97009.0,97075.0,97009.0,97064.0,114.0
2025-06-26 22:15:00,MCX:GOLD1!,97064.0,97120.0,97038.0,97063.0,196.0
2025-06-26 22:30:00,MCX:GOLD1!,97063.0,97100.0,97021.0,97060.0,122.0
2025-06-26 22:45:00,MCX:GOLD1!,97050.0,97110.0,97050.0,97093.0,124.0
2025-06-26 23:00:00,MCX:GOLD1!,97071.0,97100.0,97045.0,97091.0,101.0
2025-06-26 23:15:00,MCX:GOLD1!,97094.0,97120.0,97030.0,97050.0,222.0
2025-06-27 09:00:00,MCX:GOLD1!,96252.0,96501.0,96101.0,96108.0,1320.0
2025-06-27 09:15:00,MCX:GOLD1!,96108.0,96117.0,96004.0,96040.0,688.0
2025-06-27 09:30:00,MCX:GOLD1!,96033.0,96055.0,95955.0,96016.0,466.0
2025-06-27 09:45:00,MCX:GOLD1!,96016.0,96048.0,96000.0,96003.0,193.0
2025-06-27 10:00:00,MCX:GOLD1!,96003.0,96077.0,95976.0,96065.0,270.0
2025-06-27 10:15:00,MCX:GOLD1!,96065.0,96079.0,96000.0,96020.0,274.0
2025-06-27 10:30:00,MCX:GOLD1!,96020.0,96098.0,95954.0,96029.0,281.0
2025-06-27 10:45:00,MCX:GOLD1!,96020.0,96150.0,96020.0,96131.0,387.0
2025-06-27 11:00:00,MCX:GOLD1!,96100.0,96160.0,96078.0,96160.0,224.0
2025-06-27 11:15:00,MCX:GOLD1!,96152.0,96160.0,96031.0,96090.0,174.0
2025-06-27 11:30:00,MCX:GOLD1!,96083.0,96100.0,95980.0,96008.0,398.0
2025-06-27 11:45:00,MCX:GOLD1!,96015.0,96050.0,95980.0,96010.0,145.0
2025-06-27 12:00:00,MCX:GOLD1!,96010.0,96010.0,95823.0,95853.0,468.0
2025-06-27 12:15:00,MCX:GOLD1!,95863.0,96001.0,95844.0,95991.0,195.0
2025-06-27 12:30:00,MCX:GOLD1!,95975.0,95975.0,95780.0,95800.0,321.0
2025-06-27 12:45:00,MCX:GOLD1!,95788.0,95837.0,95679.0,95808.0,409.0
2025-06-27 13:00:00,MCX:GOLD1!,95825.0,95833.0,95750.0,95798.0,145.0
2025-06-27 13:15:00,MCX:GOLD1!,95775.0,95793.0,95730.0,95730.0,125.0
2025-06-27 13:30:00,MCX:GOLD1!,95730.0,95789.0,95660.0,95662.0,159.0
2025-06-27 13:45:00,MCX:GOLD1!,95677.0,95742.0,95630.0,95660.0,238.0
2025-06-27 14:00:00,MCX:GOLD1!,95660.0,95785.0,95644.0,95752.0,108.0
2025-06-27 14:15:00,MCX:GOLD1!,95771.0,95830.0,95762.0,95800.0,225.0
2025-06-27 14:30:00,MCX:GOLD1!,95800.0,95800.0,95735.0,95735.0,72.0
2025-06-27 14:45:00,MCX:GOLD1!,95724.0,95787.0,95700.0,95740.0,100.0
2025-06-27 15:00:00,MCX:GOLD1!,95721.0,95807.0,95721.0,95787.0,70.0
2025-06-27 15:15:00,MCX:GOLD1!,95745.0,95769.0,95645.0,95660.0,247.0
2025-06-27 15:30:00,MCX:GOLD1!,95680.0,95821.0,95680.0,95804.0,152.0
2025-06-27 15:45:00,MCX:GOLD1!,95800.0,95845.0,95765.0,95787.0,122.0
2025-06-27 16:00:00,MCX:GOLD1!,95775.0,95795.0,95700.0,95727.0,77.0
2025-06-27 16:15:00,MCX:GOLD1!,95727.0,95730.0,95613.0,95711.0,192.0
2025-06-27 16:30:00,MCX:GOLD1!,95729.0,95755.0,95657.0,95670.0,89.0
2025-06-27 16:45:00,MCX:GOLD1!,95685.0,95702.0,95646.0,95668.0,126.0
2025-06-27 17:00:00,MCX:GOLD1!,95668.0,95699.0,95595.0,95626.0,192.0
2025-06-27 17:15:00,MCX:GOLD1!,95630.0,95641.0,95510.0,95565.0,446.0
2025-06-27 17:30:00,MCX:GOLD1!,95565.0,95602.0,95389.0,95440.0,482.0
2025-06-27 17:45:00,MCX:GOLD1!,95459.0,95529.0,95388.0,95504.0,304.0
2025-06-27 18:00:00,MCX:GOLD1!,95462.0,95491.0,95301.0,95301.0,492.0
2025-06-27 18:15:00,MCX:GOLD1!,95300.0,95382.0,95260.0,95263.0,338.0
2025-06-27 18:30:00,MCX:GOLD1!,95272.0,95280.0,95110.0,95130.0,642.0
2025-06-27 18:45:00,MCX:GOLD1!,95114.0,95128.0,94951.0,94951.0,679.0
2025-06-27 19:00:00,MCX:GOLD1!,94960.0,95178.0,94960.0,95155.0,410.0
2025-06-27 19:15:00,MCX:GOLD1!,95170.0,95395.0,95158.0,95395.0,577.0
2025-06-27 19:30:00,MCX:GOLD1!,95385.0,95450.0,95333.0,95333.0,257.0
2025-06-27 19:45:00,MCX:GOLD1!,95348.0,95398.0,95156.0,95382.0,457.0
2025-06-27 20:00:00,MCX:GOLD1!,95403.0,95465.0,95191.0,95252.0,425.0
2025-06-27 20:15:00,MCX:GOLD1!,95260.0,95340.0,95169.0,95325.0,263.0
2025-06-27 20:30:00,MCX:GOLD1!,95349.0,95392.0,95317.0,95349.0,162.0
2025-06-27 20:45:00,MCX:GOLD1!,95317.0,95340.0,95300.0,95309.0,52.0
2025-06-27 21:00:00,MCX:GOLD1!,95299.0,95428.0,95299.0,95428.0,91.0
2025-06-27 21:15:00,MCX:GOLD1!,95425.0,95433.0,95354.0,95360.0,39.0
2025-06-27 21:30:00,MCX:GOLD1!,95380.0,95423.0,95380.0,95391.0,38.0
2025-06-27 21:45:00,MCX:GOLD1!,95410.0,95430.0,95381.0,95430.0,51.0
2025-06-27 22:00:00,MCX:GOLD1!,95432.0,95440.0,95340.0,95355.0,63.0
2025-06-27 22:15:00,MCX:GOLD1!,95355.0,95426.0,95355.0,95426.0,64.0
2025-06-27 22:30:00,MCX:GOLD1!,95426.0,95426.0,95350.0,95381.0,39.0
2025-06-27 22:45:00,MCX:GOLD1!,95395.0,95406.0,95360.0,95406.0,117.0
2025-06-27 23:00:00,MCX:GOLD1!,95407.0,95418.0,95360.0,95399.0,364.0
2025-06-27 23:15:00,MCX:GOLD1!,95379.0,95594.0,95371.0,95523.0,731.0
2025-06-30 09:00:00,MCX:GOLD1!,95451.0,95537.0,95394.0,95425.0,296.0
2025-06-30 09:15:00,MCX:GOLD1!,95439.0,95500.0,95420.0,95460.0,124.0
2025-06-30 09:30:00,MCX:GOLD1!,95469.0,95500.0,95431.0,95476.0,122.0
2025-06-30 09:45:00,MCX:GOLD1!,95485.0,95500.0,95380.0,95420.0,144.0
2025-06-30 10:00:00,MCX:GOLD1!,95436.0,95490.0,95406.0,95484.0,66.0
2025-06-30 10:15:00,MCX:GOLD1!,95489.0,95670.0,95484.0,95642.0,398.0
2025-06-30 10:30:00,MCX:GOLD1!,95660.0,95702.0,95650.0,95687.0,151.0
2025-06-30 10:45:00,MCX:GOLD1!,95699.0,95765.0,95663.0,95760.0,179.0
2025-06-30 11:00:00,MCX:GOLD1!,95766.0,95782.0,95730.0,95750.0,158.0
2025-06-30 11:15:00,MCX:GOLD1!,95745.0,95799.0,95745.0,95770.0,169.0
2025-06-30 11:30:00,MCX:GOLD1!,95777.0,95820.0,95756.0,95802.0,185.0
2025-06-30 11:45:00,MCX:GOLD1!,95800.0,95849.0,95750.0,95849.0,202.0
2025-06-30 12:00:00,MCX:GOLD1!,95850.0,95950.0,95836.0,95950.0,322.0
2025-06-30 12:15:00,MCX:GOLD1!,95950.0,95950.0,95862.0,95895.0,210.0
2025-06-30 12:30:00,MCX:GOLD1!,95895.0,95980.0,95872.0,95980.0,244.0
2025-06-30 12:45:00,MCX:GOLD1!,95975.0,96022.0,95941.0,95994.0,253.0
2025-06-30 13:00:00,MCX:GOLD1!,95990.0,96000.0,95940.0,95951.0,177.0
2025-06-30 13:15:00,MCX:GOLD1!,95951.0,96020.0,95915.0,95984.0,207.0
2025-06-30 13:30:00,MCX:GOLD1!,95989.0,96095.0,95975.0,96023.0,338.0
2025-06-30 13:45:00,MCX:GOLD1!,96031.0,96064.0,95961.0,96021.0,307.0
2025-06-30 14:00:00,MCX:GOLD1!,96024.0,96042.0,95905.0,95952.0,212.0
2025-06-30 14:15:00,MCX:GOLD1!,95950.0,95986.0,95896.0,95943.0,186.0
2025-06-30 14:30:00,MCX:GOLD1!,95935.0,95935.0,95784.0,95811.0,296.0
2025-06-30 14:45:00,MCX:GOLD1!,95812.0,95950.0,95811.0,95888.0,205.0
2025-06-30 15:00:00,MCX:GOLD1!,95887.0,95938.0,95737.0,95920.0,424.0
2025-06-30 15:15:00,MCX:GOLD1!,95917.0,96046.0,95890.0,96025.0,253.0
2025-06-30 15:30:00,MCX:GOLD1!,96016.0,96050.0,95975.0,96032.0,169.0
2025-06-30 15:45:00,MCX:GOLD1!,96032.0,96032.0,95985.0,96018.0,177.0
2025-06-30 16:00:00,MCX:GOLD1!,96032.0,96049.0,95931.0,95950.0,198.0
2025-06-30 16:15:00,MCX:GOLD1!,95935.0,95970.0,95935.0,95951.0,56.0
2025-06-30 16:30:00,MCX:GOLD1!,95953.0,95953.0,95846.0,95860.0,154.0
2025-06-30 16:45:00,MCX:GOLD1!,95858.0,95885.0,95721.0,95741.0,283.0
2025-06-30 17:00:00,MCX:GOLD1!,95760.0,95850.0,95720.0,95815.0,110.0
2025-06-30 17:15:00,MCX:GOLD1!,95810.0,95824.0,95768.0,95780.0,76.0
2025-06-30 17:30:00,MCX:GOLD1!,95810.0,95930.0,95810.0,95900.0,173.0
2025-06-30 17:45:00,MCX:GOLD1!,95892.0,96030.0,95892.0,95969.0,141.0
2025-06-30 18:00:00,MCX:GOLD1!,95981.0,96095.0,95957.0,96075.0,276.0
2025-06-30 18:15:00,MCX:GOLD1!,96064.0,96070.0,95928.0,95949.0,198.0
2025-06-30 18:30:00,MCX:GOLD1!,95935.0,95999.0,95879.0,95890.0,207.0
2025-06-30 18:45:00,MCX:GOLD1!,95871.0,95922.0,95821.0,95922.0,174.0
2025-06-30 19:00:00,MCX:GOLD1!,95927.0,95937.0,95822.0,95920.0,96.0
2025-06-30 19:15:00,MCX:GOLD1!,95932.0,96025.0,95932.0,95959.0,192.0
2025-06-30 19:30:00,MCX:GOLD1!,95954.0,96043.0,95919.0,95953.0,201.0
2025-06-30 19:45:00,MCX:GOLD1!,95915.0,95984.0,95866.0,95952.0,76.0
2025-06-30 20:00:00,MCX:GOLD1!,95930.0,96049.0,95930.0,95990.0,160.0
2025-06-30 20:15:00,MCX:GOLD1!,96017.0,96027.0,95961.0,96000.0,73.0
2025-06-30 20:30:00,MCX:GOLD1!,96000.0,96050.0,95935.0,95942.0,143.0
2025-06-30 20:45:00,MCX:GOLD1!,95955.0,96057.0,95955.0,95995.0,232.0
2025-06-30 21:00:00,MCX:GOLD1!,95978.0,95999.0,95955.0,95974.0,81.0
2025-06-30 21:15:00,MCX:GOLD1!,95965.0,96017.0,95925.0,96007.0,111.0
2025-06-30 21:30:00,MCX:GOLD1!,95998.0,96060.0,95965.0,96057.0,191.0
2025-06-30 21:45:00,MCX:GOLD1!,96064.0,96095.0,96031.0,96067.0,192.0
2025-06-30 22:00:00,MCX:GOLD1!,96067.0,96113.0,96063.0,96109.0,186.0
2025-06-30 22:15:00,MCX:GOLD1!,96097.0,96163.0,96097.0,96146.0,176.0
2025-06-30 22:30:00,MCX:GOLD1!,96144.0,96186.0,96101.0,96101.0,229.0
2025-06-30 22:45:00,MCX:GOLD1!,96088.0,96170.0,96088.0,96139.0,101.0
2025-06-30 23:00:00,MCX:GOLD1!,96141.0,96156.0,96085.0,96090.0,155.0
2025-06-30 23:15:00,MCX:GOLD1!,96081.0,96111.0,96026.0,96111.0,375.0
2025-07-01 09:00:00,MCX:GOLD1!,96628.0,96834.0,96471.0,96706.0,817.0
2025-07-01 09:15:00,MCX:GOLD1!,96710.0,96725.0,96651.0,96665.0,212.0
2025-07-01 09:30:00,MCX:GOLD1!,96689.0,96725.0,96651.0,96700.0,146.0
2025-07-01 09:45:00,MCX:GOLD1!,96700.0,96788.0,96700.0,96784.0,161.0
2025-07-01 10:00:00,MCX:GOLD1!,96789.0,96810.0,96757.0,96758.0,90.0
2025-07-01 10:15:00,MCX:GOLD1!,96754.0,96774.0,96730.0,96749.0,72.0
2025-07-01 10:30:00,MCX:GOLD1!,96754.0,96881.0,96754.0,96881.0,251.0
2025-07-01 10:45:00,MCX:GOLD1!,96878.0,96941.0,96866.0,96916.0,279.0
2025-07-01 11:00:00,MCX:GOLD1!,96911.0,96978.0,96858.0,96886.0,222.0
2025-07-01 11:15:00,MCX:GOLD1!,96876.0,96940.0,96864.0,96906.0,152.0
2025-07-01 11:30:00,MCX:GOLD1!,96915.0,96933.0,96856.0,96890.0,135.0
2025-07-01 11:45:00,MCX:GOLD1!,96905.0,96928.0,96812.0,96900.0,184.0
2025-07-01 12:00:00,MCX:GOLD1!,96872.0,96980.0,96872.0,96979.0,212.0
2025-07-01 12:15:00,MCX:GOLD1!,96978.0,97020.0,96934.0,96945.0,232.0
2025-07-01 12:30:00,MCX:GOLD1!,96949.0,97159.0,96945.0,97115.0,387.0
2025-07-01 12:45:00,MCX:GOLD1!,97103.0,97180.0,97080.0,97180.0,256.0
2025-07-01 13:00:00,MCX:GOLD1!,97180.0,97203.0,97048.0,97135.0,253.0
2025-07-01 13:15:00,MCX:GOLD1!,97125.0,97192.0,97100.0,97160.0,202.0
2025-07-01 13:30:00,MCX:GOLD1!,97150.0,97169.0,97100.0,97100.0,122.0
2025-07-01 13:45:00,MCX:GOLD1!,97100.0,97150.0,97060.0,97127.0,110.0
2025-07-01 14:00:00,MCX:GOLD1!,97126.0,97182.0,97094.0,97146.0,88.0
2025-07-01 14:15:00,MCX:GOLD1!,97149.0,97149.0,97106.0,97114.0,43.0
2025-07-01 14:30:00,MCX:GOLD1!,97110.0,97160.0,97100.0,97160.0,43.0
2025-07-01 14:45:00,MCX:GOLD1!,97155.0,97280.0,97149.0,97253.0,273.0
2025-07-01 15:00:00,MCX:GOLD1!,97230.0,97298.0,97230.0,97272.0,106.0
2025-07-01 15:15:00,MCX:GOLD1!,97285.0,97344.0,97253.0,97285.0,230.0
2025-07-01 15:30:00,MCX:GOLD1!,97275.0,97320.0,97230.0,97305.0,188.0
2025-07-01 15:45:00,MCX:GOLD1!,97275.0,97340.0,97250.0,97275.0,105.0
2025-07-01 16:00:00,MCX:GOLD1!,97257.0,97301.0,97245.0,97301.0,84.0
2025-07-01 16:15:00,MCX:GOLD1!,97318.0,97370.0,97300.0,97355.0,173.0
2025-07-01 16:30:00,MCX:GOLD1!,97367.0,97432.0,97344.0,97395.0,289.0
2025-07-01 16:45:00,MCX:GOLD1!,97410.0,97459.0,97351.0,97445.0,259.0
2025-07-01 17:00:00,MCX:GOLD1!,97450.0,97470.0,97362.0,97384.0,189.0
2025-07-01 17:15:00,MCX:GOLD1!,97384.0,97429.0,97375.0,97401.0,86.0
2025-07-01 17:30:00,MCX:GOLD1!,97410.0,97440.0,97378.0,97440.0,104.0
2025-07-01 17:45:00,MCX:GOLD1!,97417.0,97583.0,97417.0,97481.0,560.0
2025-07-01 18:00:00,MCX:GOLD1!,97500.0,97650.0,97462.0,97580.0,494.0
2025-07-01 18:15:00,MCX:GOLD1!,97600.0,97650.0,97541.0,97605.0,248.0
2025-07-01 18:30:00,MCX:GOLD1!,97605.0,97612.0,97412.0,97433.0,234.0
2025-07-01 18:45:00,MCX:GOLD1!,97435.0,97455.0,97360.0,97431.0,194.0
2025-07-01 19:00:00,MCX:GOLD1!,97426.0,97443.0,97329.0,97355.0,180.0
2025-07-01 19:15:00,MCX:GOLD1!,97354.0,97490.0,97301.0,97470.0,229.0
2025-07-01 19:30:00,MCX:GOLD1!,97440.0,97535.0,97376.0,97414.0,243.0
2025-07-01 19:45:00,MCX:GOLD1!,97415.0,97456.0,97379.0,97446.0,57.0
2025-07-01 20:00:00,MCX:GOLD1!,97475.0,97481.0,97340.0,97403.0,97.0
2025-07-01 20:15:00,MCX:GOLD1!,97371.0,97371.0,97301.0,97350.0,153.0
2025-07-01 20:30:00,MCX:GOLD1!,97356.0,97368.0,97281.0,97283.0,127.0
2025-07-01 20:45:00,MCX:GOLD1!,97280.0,97309.0,97202.0,97253.0,272.0
2025-07-01 21:00:00,MCX:GOLD1!,97225.0,97280.0,97210.0,97280.0,30.0
2025-07-01 21:15:00,MCX:GOLD1!,97280.0,97280.0,97170.0,97233.0,111.0
2025-07-01 21:30:00,MCX:GOLD1!,97244.0,97282.0,97240.0,97267.0,38.0
2025-07-01 21:45:00,MCX:GOLD1!,97267.0,97312.0,97207.0,97207.0,85.0
2025-07-01 22:00:00,MCX:GOLD1!,97215.0,97323.0,97200.0,97318.0,79.0
2025-07-01 22:15:00,MCX:GOLD1!,97316.0,97319.0,97265.0,97287.0,37.0
2025-07-01 22:30:00,MCX:GOLD1!,97280.0,97316.0,97250.0,97250.0,49.0
2025-07-01 22:45:00,MCX:GOLD1!,97264.0,97265.0,97186.0,97194.0,143.0
2025-07-01 23:00:00,MCX:GOLD1!,97213.0,97243.0,97191.0,97227.0,88.0
2025-07-01 23:15:00,MCX:GOLD1!,97230.0,97289.0,97220.0,97275.0,188.0
2025-07-02 09:00:00,MCX:GOLD1!,97242.0,97242.0,97150.0,97195.0,251.0
2025-07-02 09:15:00,MCX:GOLD1!,97195.0,97236.0,97134.0,97200.0,107.0
2025-07-02 09:30:00,MCX:GOLD1!,97200.0,97290.0,97200.0,97260.0,156.0
2025-07-02 09:45:00,MCX:GOLD1!,97269.0,97294.0,97230.0,97234.0,56.0
2025-07-02 10:00:00,MCX:GOLD1!,97233.0,97278.0,97233.0,97278.0,44.0
2025-07-02 10:15:00,MCX:GOLD1!,97268.0,97329.0,97260.0,97300.0,60.0
2025-07-02 10:30:00,MCX:GOLD1!,97300.0,97350.0,97280.0,97295.0,97.0
2025-07-02 10:45:00,MCX:GOLD1!,97286.0,97407.0,97286.0,97381.0,150.0
2025-07-02 11:00:00,MCX:GOLD1!,97384.0,97420.0,97217.0,97228.0,170.0
2025-07-02 11:15:00,MCX:GOLD1!,97228.0,97279.0,97216.0,97279.0,74.0
2025-07-02 11:30:00,MCX:GOLD1!,97270.0,97283.0,97236.0,97236.0,35.0
2025-07-02 11:45:00,MCX:GOLD1!,97244.0,97254.0,97134.0,97176.0,204.0
2025-07-02 12:00:00,MCX:GOLD1!,97176.0,97200.0,97085.0,97101.0,195.0
2025-07-02 12:15:00,MCX:GOLD1!,97101.0,97147.0,97040.0,97147.0,164.0
2025-07-02 12:30:00,MCX:GOLD1!,97099.0,97134.0,97050.0,97105.0,144.0
2025-07-02 12:45:00,MCX:GOLD1!,97089.0,97108.0,97010.0,97050.0,151.0
2025-07-02 13:00:00,MCX:GOLD1!,97049.0,97051.0,97000.0,97051.0,152.0
2025-07-02 13:15:00,MCX:GOLD1!,97052.0,97240.0,97052.0,97204.0,149.0
2025-07-02 13:30:00,MCX:GOLD1!,97212.0,97223.0,97151.0,97183.0,50.0
2025-07-02 13:45:00,MCX:GOLD1!,97212.0,97240.0,97186.0,97210.0,70.0
2025-07-02 14:00:00,MCX:GOLD1!,97200.0,97250.0,97175.0,97175.0,57.0
2025-07-02 14:15:00,MCX:GOLD1!,97200.0,97215.0,97125.0,97149.0,65.0
2025-07-02 14:30:00,MCX:GOLD1!,97149.0,97242.0,97149.0,97242.0,41.0
2025-07-02 14:45:00,MCX:GOLD1!,97240.0,97298.0,97240.0,97294.0,118.0
2025-07-02 15:00:00,MCX:GOLD1!,97290.0,97335.0,97258.0,97300.0,77.0
2025-07-02 15:15:00,MCX:GOLD1!,97295.0,97343.0,97270.0,97314.0,91.0
2025-07-02 15:30:00,MCX:GOLD1!,97314.0,97375.0,97311.0,97311.0,90.0
2025-07-02 15:45:00,MCX:GOLD1!,97311.0,97343.0,97290.0,97327.0,42.0
2025-07-02 16:00:00,MCX:GOLD1!,97343.0,97392.0,97341.0,97375.0,72.0
2025-07-02 16:15:00,MCX:GOLD1!,97361.0,97411.0,97361.0,97397.0,81.0
2025-07-02 16:30:00,MCX:GOLD1!,97390.0,97441.0,97383.0,97415.0,98.0
2025-07-02 16:45:00,MCX:GOLD1!,97400.0,97400.0,97304.0,97350.0,104.0
2025-07-02 17:00:00,MCX:GOLD1!,97350.0,97357.0,97290.0,97302.0,90.0
2025-07-02 17:15:00,MCX:GOLD1!,97300.0,97306.0,97260.0,97300.0,102.0
2025-07-02 17:30:00,MCX:GOLD1!,97310.0,97323.0,97245.0,97245.0,48.0
2025-07-02 17:45:00,MCX:GOLD1!,97271.0,97440.0,97271.0,97400.0,326.0
2025-07-02 18:00:00,MCX:GOLD1!,97390.0,97447.0,97333.0,97435.0,118.0
2025-07-02 18:15:00,MCX:GOLD1!,97420.0,97486.0,97401.0,97412.0,201.0
2025-07-02 18:30:00,MCX:GOLD1!,97401.0,97401.0,97301.0,97380.0,258.0
2025-07-02 18:45:00,MCX:GOLD1!,97359.0,97407.0,97307.0,97393.0,44.0
2025-07-02 19:00:00,MCX:GOLD1!,97380.0,97393.0,97270.0,97350.0,220.0
2025-07-02 19:15:00,MCX:GOLD1!,97311.0,97311.0,97178.0,97200.0,191.0
2025-07-02 19:30:00,MCX:GOLD1!,97239.0,97243.0,97166.0,97170.0,145.0
2025-07-02 19:45:00,MCX:GOLD1!,97170.0,97245.0,97151.0,97242.0,116.0
2025-07-02 20:00:00,MCX:GOLD1!,97220.0,97239.0,97190.0,97212.0,67.0
2025-07-02 20:15:00,MCX:GOLD1!,97238.0,97299.0,97238.0,97281.0,53.0
2025-07-02 20:30:00,MCX:GOLD1!,97298.0,97312.0,97238.0,97299.0,89.0
2025-07-02 20:45:00,MCX:GOLD1!,97288.0,97288.0,97161.0,97216.0,180.0
2025-07-02 21:00:00,MCX:GOLD1!,97227.0,97248.0,97209.0,97215.0,40.0
2025-07-02 21:15:00,MCX:GOLD1!,97215.0,97235.0,97160.0,97160.0,72.0
2025-07-02 21:30:00,MCX:GOLD1!,97185.0,97311.0,97185.0,97301.0,114.0
2025-07-02 21:45:00,MCX:GOLD1!,97311.0,97324.0,97274.0,97305.0,91.0
2025-07-02 22:00:00,MCX:GOLD1!,97305.0,97376.0,97273.0,97360.0,76.0
2025-07-02 22:15:00,MCX:GOLD1!,97360.0,97416.0,97351.0,97410.0,84.0
2025-07-02 22:30:00,MCX:GOLD1!,97410.0,97428.0,97395.0,97395.0,98.0
2025-07-02 22:45:00,MCX:GOLD1!,97394.0,97405.0,97354.0,97394.0,45.0
2025-07-02 23:00:00,MCX:GOLD1!,97400.0,97400.0,97351.0,97365.0,43.0
2025-07-02 23:15:00,MCX:GOLD1!,97370.0,97421.0,97365.0,97421.0,110.0
2025-07-03 09:00:00,MCX:GOLD1!,97500.0,97500.0,97389.0,97474.0,173.0
2025-07-03 09:15:00,MCX:GOLD1!,97470.0,97476.0,97406.0,97436.0,111.0
2025-07-03 09:30:00,MCX:GOLD1!,97445.0,97475.0,97420.0,97470.0,109.0
2025-07-03 09:45:00,MCX:GOLD1!,97475.0,97490.0,97419.0,97420.0,46.0
2025-07-03 10:00:00,MCX:GOLD1!,97440.0,97461.0,97425.0,97425.0,27.0
2025-07-03 10:15:00,MCX:GOLD1!,97421.0,97500.0,97416.0,97480.0,82.0
2025-07-03 10:30:00,MCX:GOLD1!,97470.0,97499.0,97455.0,97497.0,70.0
2025-07-03 10:45:00,MCX:GOLD1!,97500.0,97559.0,97500.0,97513.0,159.0
2025-07-03 11:00:00,MCX:GOLD1!,97513.0,97531.0,97469.0,97504.0,49.0
2025-07-03 11:15:00,MCX:GOLD1!,97514.0,97665.0,97514.0,97632.0,221.0
2025-07-03 11:30:00,MCX:GOLD1!,97647.0,97780.0,97640.0,97643.0,279.0
2025-07-03 11:45:00,MCX:GOLD1!,97644.0,97687.0,97620.0,97652.0,96.0
2025-07-03 12:00:00,MCX:GOLD1!,97656.0,97683.0,97535.0,97535.0,130.0
2025-07-03 12:15:00,MCX:GOLD1!,97545.0,97635.0,97530.0,97627.0,78.0
2025-07-03 12:30:00,MCX:GOLD1!,97628.0,97670.0,97550.0,97550.0,89.0
2025-07-03 12:45:00,MCX:GOLD1!,97550.0,97559.0,97399.0,97430.0,261.0
2025-07-03 13:00:00,MCX:GOLD1!,97444.0,97500.0,97276.0,97280.0,328.0
2025-07-03 13:15:00,MCX:GOLD1!,97299.0,97318.0,97241.0,97253.0,361.0
2025-07-03 13:30:00,MCX:GOLD1!,97246.0,97255.0,97155.0,97196.0,290.0
2025-07-03 13:45:00,MCX:GOLD1!,97201.0,97340.0,97186.0,97322.0,138.0
2025-07-03 14:00:00,MCX:GOLD1!,97326.0,97386.0,97285.0,97376.0,152.0
2025-07-03 14:15:00,MCX:GOLD1!,97390.0,97392.0,97341.0,97369.0,54.0
2025-07-03 14:30:00,MCX:GOLD1!,97366.0,97366.0,97270.0,97276.0,63.0
2025-07-03 14:45:00,MCX:GOLD1!,97275.0,97275.0,97160.0,97182.0,146.0
2025-07-03 15:00:00,MCX:GOLD1!,97202.0,97220.0,97080.0,97080.0,303.0
2025-07-03 15:15:00,MCX:GOLD1!,97081.0,97139.0,97050.0,97087.0,287.0
2025-07-03 15:30:00,MCX:GOLD1!,97097.0,97139.0,97067.0,97139.0,211.0
2025-07-03 15:45:00,MCX:GOLD1!,97139.0,97225.0,97111.0,97220.0,95.0
2025-07-03 16:00:00,MCX:GOLD1!,97220.0,97285.0,97210.0,97265.0,85.0
2025-07-03 16:15:00,MCX:GOLD1!,97283.0,97345.0,97260.0,97266.0,85.0
2025-07-03 16:30:00,MCX:GOLD1!,97266.0,97279.0,97150.0,97170.0,96.0
2025-07-03 16:45:00,MCX:GOLD1!,97153.0,97173.0,97130.0,97155.0,37.0
2025-07-03 17:00:00,MCX:GOLD1!,97150.0,97165.0,97111.0,97138.0,71.0
2025-07-03 17:15:00,MCX:GOLD1!,97150.0,97150.0,97070.0,97144.0,99.0
2025-07-03 17:30:00,MCX:GOLD1!,97150.0,97186.0,97086.0,97172.0,109.0
2025-07-03 17:45:00,MCX:GOLD1!,97180.0,97294.0,97180.0,97250.0,265.0
2025-07-03 18:00:00,MCX:GOLD1!,97250.0,97250.0,96449.0,96451.0,2673.0
2025-07-03 18:15:00,MCX:GOLD1!,96467.0,96737.0,96451.0,96681.0,783.0
2025-07-03 18:30:00,MCX:GOLD1!,96695.0,96846.0,96640.0,96766.0,501.0
2025-07-03 18:45:00,MCX:GOLD1!,96761.0,96885.0,96725.0,96824.0,248.0
2025-07-03 19:00:00,MCX:GOLD1!,96825.0,96972.0,96804.0,96948.0,256.0
2025-07-03 19:15:00,MCX:GOLD1!,96949.0,96949.0,96810.0,96810.0,160.0
2025-07-03 19:30:00,MCX:GOLD1!,96806.0,96867.0,96701.0,96794.0,512.0
2025-07-03 19:45:00,MCX:GOLD1!,96821.0,96821.0,96633.0,96714.0,163.0
2025-07-03 20:00:00,MCX:GOLD1!,96734.0,96812.0,96680.0,96680.0,160.0
2025-07-03 20:15:00,MCX:GOLD1!,96672.0,96740.0,96651.0,96675.0,281.0
2025-07-03 20:30:00,MCX:GOLD1!,96665.0,96770.0,96650.0,96770.0,75.0
2025-07-03 20:45:00,MCX:GOLD1!,96741.0,96804.0,96741.0,96769.0,184.0
2025-07-03 21:00:00,MCX:GOLD1!,96773.0,96773.0,96716.0,96733.0,28.0
2025-07-03 21:15:00,MCX:GOLD1!,96745.0,96763.0,96710.0,96763.0,33.0
2025-07-03 21:30:00,MCX:GOLD1!,96755.0,96765.0,96725.0,96738.0,23.0
2025-07-03 21:45:00,MCX:GOLD1!,96720.0,96762.0,96706.0,96762.0,20.0
2025-07-03 22:00:00,MCX:GOLD1!,96773.0,96872.0,96767.0,96859.0,112.0
2025-07-03 22:15:00,MCX:GOLD1!,96864.0,96940.0,96856.0,96880.0,145.0
2025-07-03 22:30:00,MCX:GOLD1!,96880.0,96912.0,96850.0,96860.0,37.0
2025-07-03 22:45:00,MCX:GOLD1!,96882.0,96882.0,96822.0,96830.0,47.0
2025-07-03 23:00:00,MCX:GOLD1!,96825.0,96825.0,96755.0,96796.0,97.0
2025-07-03 23:15:00,MCX:GOLD1!,96792.0,96800.0,96762.0,96779.0,127.0
2025-07-04 09:00:00,MCX:GOLD1!,96735.0,96947.0,96735.0,96941.0,133.0
2025-07-04 09:15:00,MCX:GOLD1!,96924.0,96963.0,96903.0,96942.0,82.0
2025-07-04 09:30:00,MCX:GOLD1!,96960.0,97070.0,96946.0,97019.0,427.0
2025-07-04 09:45:00,MCX:GOLD1!,97050.0,97114.0,97028.0,97085.0,132.0
2025-07-04 10:00:00,MCX:GOLD1!,97075.0,97108.0,97060.0,97060.0,66.0
2025-07-04 10:15:00,MCX:GOLD1!,97060.0,97079.0,97005.0,97048.0,75.0
2025-07-04 10:30:00,MCX:GOLD1!,97045.0,97081.0,97001.0,97015.0,53.0
2025-07-04 10:45:00,MCX:GOLD1!,97015.0,97025.0,96936.0,96955.0,65.0
2025-07-04 11:00:00,MCX:GOLD1!,96950.0,96960.0,96903.0,96915.0,108.0
2025-07-04 11:15:00,MCX:GOLD1!,96917.0,96940.0,96910.0,96940.0,26.0
2025-07-04 11:30:00,MCX:GOLD1!,96969.0,97103.0,96945.0,97000.0,102.0
2025-07-04 11:45:00,MCX:GOLD1!,96996.0,97070.0,96996.0,97070.0,62.0
2025-07-04 12:00:00,MCX:GOLD1!,97070.0,97070.0,97025.0,97043.0,32.0
2025-07-04 12:15:00,MCX:GOLD1!,97034.0,97048.0,97017.0,97017.0,17.0
2025-07-04 12:30:00,MCX:GOLD1!,97020.0,97051.0,96943.0,96966.0,87.0
2025-07-04 12:45:00,MCX:GOLD1!,96965.0,96997.0,96910.0,96932.0,87.0
2025-07-04 13:00:00,MCX:GOLD1!,96932.0,97030.0,96932.0,97004.0,90.0
2025-07-04 13:15:00,MCX:GOLD1!,97025.0,97055.0,97000.0,97050.0,58.0
2025-07-04 13:30:00,MCX:GOLD1!,97049.0,97085.0,97010.0,97076.0,88.0
2025-07-04 13:45:00,MCX:GOLD1!,97079.0,97124.0,97067.0,97091.0,117.0
2025-07-04 14:00:00,MCX:GOLD1!,97103.0,97131.0,97068.0,97087.0,73.0
2025-07-04 14:15:00,MCX:GOLD1!,97089.0,97101.0,97060.0,97080.0,58.0
2025-07-04 14:30:00,MCX:GOLD1!,97089.0,97089.0,97036.0,97036.0,63.0
2025-07-04 14:45:00,MCX:GOLD1!,97045.0,97093.0,96980.0,96980.0,119.0
2025-07-04 15:00:00,MCX:GOLD1!,96970.0,96972.0,96849.0,96920.0,248.0
2025-07-04 15:15:00,MCX:GOLD1!,96903.0,96962.0,96892.0,96892.0,84.0
2025-07-04 15:30:00,MCX:GOLD1!,96877.0,96926.0,96877.0,96919.0,39.0
2025-07-04 15:45:00,MCX:GOLD1!,96916.0,96940.0,96880.0,96890.0,42.0
2025-07-04 16:00:00,MCX:GOLD1!,96892.0,96947.0,96845.0,96890.0,61.0
2025-07-04 16:15:00,MCX:GOLD1!,96891.0,96981.0,96891.0,96929.0,42.0
2025-07-04 16:30:00,MCX:GOLD1!,96922.0,96960.0,96901.0,96925.0,32.0
2025-07-04 16:45:00,MCX:GOLD1!,96927.0,96960.0,96927.0,96944.0,11.0
2025-07-04 17:00:00,MCX:GOLD1!,96960.0,96962.0,96912.0,96923.0,45.0
2025-07-04 17:15:00,MCX:GOLD1!,96920.0,96944.0,96906.0,96910.0,20.0
2025-07-04 17:30:00,MCX:GOLD1!,96906.0,96955.0,96877.0,96944.0,50.0
2025-07-04 17:45:00,MCX:GOLD1!,96926.0,96958.0,96890.0,96924.0,20.0
2025-07-04 18:00:00,MCX:GOLD1!,96905.0,96948.0,96871.0,96871.0,39.0
2025-07-04 18:15:00,MCX:GOLD1!,96867.0,96925.0,96849.0,96913.0,57.0
2025-07-04 18:30:00,MCX:GOLD1!,96900.0,96916.0,96858.0,96890.0,71.0
2025-07-04 18:45:00,MCX:GOLD1!,96887.0,96908.0,96865.0,96908.0,14.0
2025-07-04 19:00:00,MCX:GOLD1!,96905.0,96980.0,96905.0,96980.0,46.0
2025-07-04 19:15:00,MCX:GOLD1!,96980.0,96984.0,96900.0,96900.0,34.0
2025-07-04 19:30:00,MCX:GOLD1!,96900.0,96910.0,96870.0,96870.0,46.0
2025-07-04 19:45:00,MCX:GOLD1!,96871.0,96922.0,96871.0,96913.0,54.0
2025-07-04 20:00:00,MCX:GOLD1!,96894.0,96903.0,96850.0,96861.0,95.0
2025-07-04 20:15:00,MCX:GOLD1!,96862.0,96915.0,96852.0,96900.0,52.0
2025-07-04 20:30:00,MCX:GOLD1!,96905.0,96926.0,96880.0,96908.0,30.0
2025-07-04 20:45:00,MCX:GOLD1!,96895.0,96904.0,96882.0,96900.0,4.0
2025-07-04 21:00:00,MCX:GOLD1!,96860.0,96900.0,96860.0,96900.0,26.0
2025-07-04 21:15:00,MCX:GOLD1!,96912.0,96915.0,96897.0,96911.0,8.0
2025-07-04 21:30:00,MCX:GOLD1!,96915.0,96936.0,96905.0,96936.0,12.0
2025-07-04 21:45:00,MCX:GOLD1!,96930.0,96944.0,96925.0,96940.0,12.0
2025-07-04 22:00:00,MCX:GOLD1!,96940.0,96984.0,96940.0,96984.0,32.0
2025-07-04 22:15:00,MCX:GOLD1!,96962.0,97005.0,96962.0,96980.0,80.0
2025-07-04 22:30:00,MCX:GOLD1!,96980.0,96990.0,96975.0,96975.0,41.0
2025-07-04 22:45:00,MCX:GOLD1!,96975.0,96984.0,96960.0,96965.0,22.0
2025-07-04 23:00:00,MCX:GOLD1!,96965.0,96999.0,96965.0,96990.0,55.0
2025-07-04 23:15:00,MCX:GOLD1!,96995.0,97010.0,96966.0,96988.0,111.0
2025-07-07 09:00:00,MCX:GOLD1!,96476.0,96564.0,96402.0,96462.0,620.0
2025-07-07 09:15:00,MCX:GOLD1!,96479.0,96541.0,96470.0,96520.0,156.0
2025-07-07 09:30:00,MCX:GOLD1!,96550.0,96555.0,96490.0,96546.0,149.0
2025-07-07 09:45:00,MCX:GOLD1!,96550.0,96554.0,96410.0,96423.0,154.0
2025-07-07 10:00:00,MCX:GOLD1!,96443.0,96473.0,96382.0,96412.0,99.0
2025-07-07 10:15:00,MCX:GOLD1!,96395.0,96475.0,96384.0,96453.0,108.0
2025-07-07 10:30:00,MCX:GOLD1!,96453.0,96515.0,96430.0,96509.0,146.0
2025-07-07 10:45:00,MCX:GOLD1!,96506.0,96530.0,96425.0,96465.0,92.0
2025-07-07 11:00:00,MCX:GOLD1!,96450.0,96560.0,96450.0,96533.0,74.0
2025-07-07 11:15:00,MCX:GOLD1!,96550.0,96682.0,96550.0,96624.0,157.0
2025-07-07 11:30:00,MCX:GOLD1!,96618.0,96688.0,96585.0,96659.0,105.0
2025-07-07 11:45:00,MCX:GOLD1!,96650.0,96657.0,96575.0,96641.0,87.0
2025-07-07 12:00:00,MCX:GOLD1!,96636.0,96659.0,96560.0,96635.0,79.0
2025-07-07 12:15:00,MCX:GOLD1!,96649.0,96650.0,96601.0,96639.0,52.0
2025-07-07 12:30:00,MCX:GOLD1!,96605.0,96738.0,96547.0,96704.0,127.0
2025-07-07 12:45:00,MCX:GOLD1!,96700.0,96770.0,96670.0,96739.0,111.0
2025-07-07 13:00:00,MCX:GOLD1!,96754.0,96755.0,96645.0,96645.0,104.0
2025-07-07 13:15:00,MCX:GOLD1!,96640.0,96640.0,96494.0,96535.0,161.0
2025-07-07 13:30:00,MCX:GOLD1!,96535.0,96660.0,96516.0,96643.0,81.0
2025-07-07 13:45:00,MCX:GOLD1!,96663.0,96750.0,96655.0,96740.0,191.0
2025-07-07 14:00:00,MCX:GOLD1!,96745.0,96796.0,96721.0,96779.0,169.0
2025-07-07 14:15:00,MCX:GOLD1!,96790.0,96790.0,96719.0,96777.0,51.0
2025-07-07 14:30:00,MCX:GOLD1!,96777.0,96800.0,96760.0,96760.0,52.0
2025-07-07 14:45:00,MCX:GOLD1!,96740.0,96740.0,96670.0,96686.0,74.0
2025-07-07 15:00:00,MCX:GOLD1!,96669.0,96688.0,96620.0,96669.0,65.0
2025-07-07 15:15:00,MCX:GOLD1!,96665.0,96680.0,96613.0,96636.0,64.0
2025-07-07 15:30:00,MCX:GOLD1!,96636.0,96676.0,96636.0,96659.0,25.0
2025-07-07 15:45:00,MCX:GOLD1!,96674.0,96674.0,96630.0,96630.0,15.0
2025-07-07 16:00:00,MCX:GOLD1!,96616.0,96650.0,96352.0,96379.0,481.0
2025-07-07 16:15:00,MCX:GOLD1!,96370.0,96508.0,96340.0,96455.0,229.0
2025-07-07 16:30:00,MCX:GOLD1!,96465.0,96595.0,96435.0,96518.0,99.0
2025-07-07 16:45:00,MCX:GOLD1!,96529.0,96539.0,96481.0,96502.0,33.0
2025-07-07 17:00:00,MCX:GOLD1!,96519.0,96520.0,96460.0,96470.0,48.0
2025-07-07 17:15:00,MCX:GOLD1!,96490.0,96583.0,96461.0,96498.0,82.0
2025-07-07 17:30:00,MCX:GOLD1!,96520.0,96560.0,96500.0,96544.0,39.0
2025-07-07 17:45:00,MCX:GOLD1!,96520.0,96585.0,96467.0,96523.0,82.0
2025-07-07 18:00:00,MCX:GOLD1!,96517.0,96698.0,96517.0,96650.0,218.0
2025-07-07 18:15:00,MCX:GOLD1!,96654.0,96719.0,96651.0,96651.0,136.0
2025-07-07 18:30:00,MCX:GOLD1!,96651.0,96681.0,96591.0,96603.0,76.0
2025-07-07 18:45:00,MCX:GOLD1!,96603.0,96668.0,96600.0,96660.0,88.0
2025-07-07 19:00:00,MCX:GOLD1!,96656.0,96673.0,96541.0,96673.0,63.0
2025-07-07 19:15:00,MCX:GOLD1!,96675.0,96765.0,96628.0,96734.0,207.0
2025-07-07 19:30:00,MCX:GOLD1!,96755.0,96814.0,96697.0,96790.0,158.0
2025-07-07 19:45:00,MCX:GOLD1!,96790.0,96845.0,96708.0,96718.0,170.0
2025-07-07 20:00:00,MCX:GOLD1!,96740.0,96823.0,96723.0,96797.0,68.0
2025-07-07 20:15:00,MCX:GOLD1!,96804.0,96840.0,96772.0,96781.0,61.0
2025-07-07 20:30:00,MCX:GOLD1!,96770.0,96800.0,96760.0,96780.0,26.0
2025-07-07 20:45:00,MCX:GOLD1!,96790.0,96831.0,96776.0,96777.0,30.0
2025-07-07 21:00:00,MCX:GOLD1!,96785.0,96850.0,96785.0,96821.0,44.0
2025-07-07 21:15:00,MCX:GOLD1!,96840.0,96880.0,96840.0,96855.0,43.0
2025-07-07 21:30:00,MCX:GOLD1!,96840.0,96876.0,96835.0,96876.0,43.0
2025-07-07 21:45:00,MCX:GOLD1!,96872.0,97069.0,96836.0,97005.0,405.0
2025-07-07 22:00:00,MCX:GOLD1!,96990.0,97089.0,96982.0,97066.0,135.0
2025-07-07 22:15:00,MCX:GOLD1!,97066.0,97122.0,97039.0,97118.0,175.0
2025-07-07 22:30:00,MCX:GOLD1!,97125.0,97250.0,97120.0,97239.0,274.0
2025-07-07 22:45:00,MCX:GOLD1!,97236.0,97287.0,97225.0,97255.0,261.0
2025-07-07 23:00:00,MCX:GOLD1!,97264.0,97330.0,97201.0,97263.0,239.0
2025-07-07 23:15:00,MCX:GOLD1!,97270.0,97299.0,97230.0,97248.0,162.0
2025-07-08 09:00:00,MCX:GOLD1!,97172.0,97183.0,97069.0,97083.0,103.0
2025-07-08 09:15:00,MCX:GOLD1!,97090.0,97141.0,97078.0,97106.0,54.0
2025-07-08 09:30:00,MCX:GOLD1!,97106.0,97201.0,97085.0,97180.0,74.0
2025-07-08 09:45:00,MCX:GOLD1!,97160.0,97206.0,97132.0,97134.0,58.0
2025-07-08 10:00:00,MCX:GOLD1!,97154.0,97179.0,97096.0,97096.0,31.0
2025-07-08 10:15:00,MCX:GOLD1!,97099.0,97099.0,97008.0,97016.0,63.0
2025-07-08 10:30:00,MCX:GOLD1!,97024.0,97130.0,97016.0,97115.0,102.0
2025-07-08 10:45:00,MCX:GOLD1!,97142.0,97215.0,97134.0,97212.0,100.0
2025-07-08 11:00:00,MCX:GOLD1!,97190.0,97228.0,97179.0,97180.0,65.0
2025-07-08 11:15:00,MCX:GOLD1!,97180.0,97203.0,97155.0,97155.0,41.0
2025-07-08 11:30:00,MCX:GOLD1!,97150.0,97185.0,97051.0,97100.0,68.0
2025-07-08 11:45:00,MCX:GOLD1!,97101.0,97180.0,97076.0,97180.0,48.0
2025-07-08 12:00:00,MCX:GOLD1!,97155.0,97155.0,97126.0,97145.0,23.0
2025-07-08 12:15:00,MCX:GOLD1!,97127.0,97170.0,97105.0,97170.0,41.0
2025-07-08 12:30:00,MCX:GOLD1!,97190.0,97246.0,97170.0,97218.0,130.0
2025-07-08 12:45:00,MCX:GOLD1!,97210.0,97218.0,97115.0,97120.0,67.0
2025-07-08 13:00:00,MCX:GOLD1!,97129.0,97129.0,97035.0,97089.0,117.0
2025-07-08 13:15:00,MCX:GOLD1!,97108.0,97150.0,97095.0,97126.0,41.0
2025-07-08 13:30:00,MCX:GOLD1!,97100.0,97100.0,96916.0,96999.0,234.0
2025-07-08 13:45:00,MCX:GOLD1!,96995.0,97043.0,96938.0,97039.0,70.0
2025-07-08 14:00:00,MCX:GOLD1!,97040.0,97050.0,96971.0,96987.0,48.0
2025-07-08 14:15:00,MCX:GOLD1!,96987.0,96993.0,96917.0,96921.0,73.0
2025-07-08 14:30:00,MCX:GOLD1!,96921.0,96980.0,96906.0,96955.0,91.0
2025-07-08 14:45:00,MCX:GOLD1!,96950.0,96983.0,96904.0,96904.0,52.0
2025-07-08 15:00:00,MCX:GOLD1!,96888.0,96970.0,96860.0,96912.0,113.0
2025-07-08 15:15:00,MCX:GOLD1!,96924.0,96930.0,96804.0,96820.0,141.0
2025-07-08 15:30:00,MCX:GOLD1!,96828.0,96881.0,96825.0,96840.0,41.0
2025-07-08 15:45:00,MCX:GOLD1!,96852.0,96869.0,96780.0,96869.0,97.0
2025-07-08 16:00:00,MCX:GOLD1!,96851.0,96931.0,96851.0,96931.0,111.0
2025-07-08 16:15:00,MCX:GOLD1!,96929.0,96948.0,96863.0,96863.0,75.0
2025-07-08 16:30:00,MCX:GOLD1!,96862.0,96895.0,96821.0,96851.0,61.0
2025-07-08 16:45:00,MCX:GOLD1!,96895.0,96938.0,96834.0,96871.0,45.0
2025-07-08 17:00:00,MCX:GOLD1!,96871.0,96915.0,96771.0,96790.0,94.0
2025-07-08 17:15:00,MCX:GOLD1!,96781.0,96860.0,96781.0,96851.0,68.0
2025-07-08 17:30:00,MCX:GOLD1!,96867.0,96973.0,96867.0,96973.0,146.0
2025-07-08 17:45:00,MCX:GOLD1!,96949.0,96968.0,96873.0,96887.0,106.0
2025-07-08 18:00:00,MCX:GOLD1!,96939.0,96966.0,96884.0,96884.0,29.0
2025-07-08 18:15:00,MCX:GOLD1!,96885.0,96957.0,96885.0,96957.0,16.0
2025-07-08 18:30:00,MCX:GOLD1!,96930.0,96930.0,96784.0,96807.0,98.0
2025-07-08 18:45:00,MCX:GOLD1!,96844.0,96936.0,96770.0,96910.0,134.0
2025-07-08 19:00:00,MCX:GOLD1!,96910.0,96958.0,96840.0,96841.0,69.0
2025-07-08 19:15:00,MCX:GOLD1!,96850.0,96866.0,96668.0,96709.0,377.0
2025-07-08 19:30:00,MCX:GOLD1!,96694.0,96719.0,96469.0,96495.0,968.0
2025-07-08 19:45:00,MCX:GOLD1!,96482.0,96509.0,96377.0,96440.0,731.0
2025-07-08 20:00:00,MCX:GOLD1!,96426.0,96426.0,96206.0,96282.0,863.0
2025-07-08 20:15:00,MCX:GOLD1!,96277.0,96299.0,96176.0,96237.0,566.0
2025-07-08 20:30:00,MCX:GOLD1!,96236.0,96275.0,96012.0,96134.0,654.0
2025-07-08 20:45:00,MCX:GOLD1!,96109.0,96275.0,96060.0,96270.0,308.0
2025-07-08 21:00:00,MCX:GOLD1!,96277.0,96290.0,96200.0,96268.0,169.0
2025-07-08 21:15:00,MCX:GOLD1!,96260.0,96332.0,96260.0,96290.0,103.0
2025-07-08 21:30:00,MCX:GOLD1!,96296.0,96314.0,96240.0,96260.0,83.0
2025-07-08 21:45:00,MCX:GOLD1!,96236.0,96341.0,96230.0,96305.0,174.0
2025-07-08 22:00:00,MCX:GOLD1!,96294.0,96322.0,96260.0,96299.0,65.0
2025-07-08 22:15:00,MCX:GOLD1!,96298.0,96345.0,96259.0,96337.0,100.0
2025-07-08 22:30:00,MCX:GOLD1!,96325.0,96476.0,96289.0,96395.0,322.0
2025-07-08 22:45:00,MCX:GOLD1!,96400.0,96566.0,96400.0,96510.0,264.0
2025-07-08 23:00:00,MCX:GOLD1!,96507.0,96537.0,96463.0,96463.0,88.0
2025-07-08 23:15:00,MCX:GOLD1!,96458.0,96495.0,96417.0,96450.0,220.0
2025-07-09 09:00:00,MCX:GOLD1!,96196.0,96288.0,96140.0,96265.0,340.0
2025-07-09 09:15:00,MCX:GOLD1!,96276.0,96336.0,96242.0,96297.0,95.0
2025-07-09 09:30:00,MCX:GOLD1!,96280.0,96313.0,96208.0,96269.0,77.0
2025-07-09 09:45:00,MCX:GOLD1!,96261.0,96305.0,96250.0,96270.0,31.0
2025-07-09 10:00:00,MCX:GOLD1!,96266.0,96289.0,96245.0,96245.0,52.0
2025-07-09 10:15:00,MCX:GOLD1!,96280.0,96280.0,96206.0,96229.0,81.0
2025-07-09 10:30:00,MCX:GOLD1!,96215.0,96295.0,96172.0,96267.0,114.0
2025-07-09 10:45:00,MCX:GOLD1!,96267.0,96290.0,96194.0,96216.0,175.0
2025-07-09 11:00:00,MCX:GOLD1!,96199.0,96235.0,96152.0,96207.0,120.0
2025-07-09 11:15:00,MCX:GOLD1!,96190.0,96190.0,96101.0,96125.0,124.0
2025-07-09 11:30:00,MCX:GOLD1!,96125.0,96142.0,96028.0,96041.0,216.0
2025-07-09 11:45:00,MCX:GOLD1!,96040.0,96066.0,96015.0,96033.0,114.0
2025-07-09 12:00:00,MCX:GOLD1!,96033.0,96095.0,95995.0,96036.0,175.0
2025-07-09 12:15:00,MCX:GOLD1!,96045.0,96100.0,96045.0,96100.0,117.0
2025-07-09 12:30:00,MCX:GOLD1!,96100.0,96132.0,96026.0,96026.0,111.0
2025-07-09 12:45:00,MCX:GOLD1!,96035.0,96093.0,96015.0,96017.0,60.0
2025-07-09 13:00:00,MCX:GOLD1!,96035.0,96105.0,95971.0,96060.0,141.0
2025-07-09 13:15:00,MCX:GOLD1!,96100.0,96169.0,96041.0,96060.0,77.0
2025-07-09 13:30:00,MCX:GOLD1!,96078.0,96099.0,95987.0,96018.0,115.0
2025-07-09 13:45:00,MCX:GOLD1!,96018.0,96018.0,95875.0,95887.0,247.0
2025-07-09 14:00:00,MCX:GOLD1!,95896.0,95925.0,95802.0,95884.0,329.0
2025-07-09 14:15:00,MCX:GOLD1!,95900.0,95967.0,95840.0,95856.0,101.0
2025-07-09 14:30:00,MCX:GOLD1!,95856.0,95942.0,95839.0,95920.0,92.0
2025-07-09 14:45:00,MCX:GOLD1!,95941.0,95998.0,95941.0,95994.0,110.0
2025-07-09 15:00:00,MCX:GOLD1!,95983.0,96010.0,95941.0,95945.0,80.0
2025-07-09 15:15:00,MCX:GOLD1!,95960.0,95969.0,95883.0,95950.0,63.0
2025-07-09 15:30:00,MCX:GOLD1!,95953.0,96021.0,95953.0,95965.0,79.0
2025-07-09 15:45:00,MCX:GOLD1!,95973.0,95979.0,95935.0,95969.0,36.0
2025-07-09 16:00:00,MCX:GOLD1!,95974.0,96119.0,95974.0,96095.0,255.0
2025-07-09 16:15:00,MCX:GOLD1!,96076.0,96111.0,96046.0,96100.0,28.0
2025-07-09 16:30:00,MCX:GOLD1!,96111.0,96111.0,96063.0,96073.0,46.0
2025-07-09 16:45:00,MCX:GOLD1!,96070.0,96070.0,95918.0,95928.0,135.0
2025-07-09 17:00:00,MCX:GOLD1!,95926.0,95966.0,95879.0,95902.0,101.0
2025-07-09 17:15:00,MCX:GOLD1!,95903.0,95928.0,95845.0,95886.0,175.0
2025-07-09 17:30:00,MCX:GOLD1!,95930.0,96060.0,95900.0,96055.0,162.0
2025-07-09 17:45:00,MCX:GOLD1!,96053.0,96077.0,95953.0,96000.0,123.0
2025-07-09 18:00:00,MCX:GOLD1!,96019.0,96114.0,96019.0,96077.0,198.0
2025-07-09 18:15:00,MCX:GOLD1!,96067.0,96134.0,96050.0,96123.0,122.0
2025-07-09 18:30:00,MCX:GOLD1!,96107.0,96185.0,96086.0,96170.0,187.0
2025-07-09 18:45:00,MCX:GOLD1!,96147.0,96175.0,96083.0,96130.0,67.0
2025-07-09 19:00:00,MCX:GOLD1!,96120.0,96175.0,96006.0,96125.0,138.0
2025-07-09 19:15:00,MCX:GOLD1!,96100.0,96320.0,96061.0,96209.0,331.0
2025-07-09 19:30:00,MCX:GOLD1!,96209.0,96360.0,96205.0,96347.0,164.0
2025-07-09 19:45:00,MCX:GOLD1!,96350.0,96412.0,96330.0,96380.0,263.0
2025-07-09 20:00:00,MCX:GOLD1!,96357.0,96525.0,96350.0,96485.0,349.0
2025-07-09 20:15:00,MCX:GOLD1!,96464.0,96549.0,96430.0,96535.0,208.0
2025-07-09 20:30:00,MCX:GOLD1!,96535.0,96535.0,96419.0,96425.0,148.0
2025-07-09 20:45:00,MCX:GOLD1!,96420.0,96485.0,96408.0,96451.0,100.0
2025-07-09 21:00:00,MCX:GOLD1!,96451.0,96476.0,96401.0,96446.0,74.0
2025-07-09 21:15:00,MCX:GOLD1!,96450.0,96500.0,96418.0,96480.0,63.0
2025-07-09 21:30:00,MCX:GOLD1!,96492.0,96530.0,96438.0,96499.0,79.0
2025-07-09 21:45:00,MCX:GOLD1!,96493.0,96530.0,96493.0,96528.0,50.0
2025-07-09 22:00:00,MCX:GOLD1!,96520.0,96545.0,96483.0,96483.0,72.0
2025-07-09 22:15:00,MCX:GOLD1!,96494.0,96548.0,96494.0,96513.0,65.0
2025-07-09 22:30:00,MCX:GOLD1!,96505.0,96566.0,96465.0,96555.0,167.0
2025-07-09 22:45:00,MCX:GOLD1!,96553.0,96553.0,96486.0,96530.0,41.0
2025-07-09 23:00:00,MCX:GOLD1!,96526.0,96530.0,96450.0,96450.0,92.0
2025-07-09 23:15:00,MCX:GOLD1!,96450.0,96490.0,96420.0,96439.0,115.0
2025-07-10 09:00:00,MCX:GOLD1!,96548.0,96640.0,96536.0,96640.0,184.0
2025-07-10 09:15:00,MCX:GOLD1!,96647.0,96647.0,96500.0,96500.0,75.0
2025-07-10 09:30:00,MCX:GOLD1!,96489.0,96542.0,96444.0,96542.0,80.0
2025-07-10 09:45:00,MCX:GOLD1!,96549.0,96588.0,96520.0,96553.0,58.0
2025-07-10 10:00:00,MCX:GOLD1!,96525.0,96601.0,96525.0,96595.0,39.0
2025-07-10 10:15:00,MCX:GOLD1!,96599.0,96699.0,96585.0,96651.0,207.0
2025-07-10 10:30:00,MCX:GOLD1!,96663.0,96692.0,96636.0,96670.0,117.0
2025-07-10 10:45:00,MCX:GOLD1!,96670.0,96698.0,96648.0,96687.0,126.0
2025-07-10 11:00:00,MCX:GOLD1!,96665.0,96683.0,96610.0,96669.0,125.0
2025-07-10 11:15:00,MCX:GOLD1!,96651.0,96655.0,96605.0,96612.0,12.0
2025-07-10 11:30:00,MCX:GOLD1!,96600.0,96730.0,96600.0,96730.0,89.0
2025-07-10 11:45:00,MCX:GOLD1!,96736.0,96768.0,96687.0,96720.0,266.0
2025-07-10 12:00:00,MCX:GOLD1!,96705.0,96744.0,96704.0,96704.0,70.0
2025-07-10 12:15:00,MCX:GOLD1!,96704.0,96739.0,96690.0,96727.0,49.0
2025-07-10 12:30:00,MCX:GOLD1!,96740.0,96825.0,96740.0,96782.0,347.0
2025-07-10 12:45:00,MCX:GOLD1!,96751.0,96800.0,96747.0,96790.0,74.0
2025-07-10 13:00:00,MCX:GOLD1!,96790.0,96817.0,96700.0,96701.0,117.0
2025-07-10 13:15:00,MCX:GOLD1!,96682.0,96690.0,96620.0,96635.0,107.0
2025-07-10 13:30:00,MCX:GOLD1!,96655.0,96685.0,96640.0,96675.0,34.0
2025-07-10 13:45:00,MCX:GOLD1!,96685.0,96717.0,96652.0,96709.0,43.0
2025-07-10 14:00:00,MCX:GOLD1!,96716.0,96825.0,96716.0,96808.0,100.0
2025-07-10 14:15:00,MCX:GOLD1!,96810.0,96943.0,96810.0,96899.0,386.0
2025-07-10 14:30:00,MCX:GOLD1!,96886.0,96944.0,96843.0,96860.0,156.0
2025-07-10 14:45:00,MCX:GOLD1!,96875.0,96920.0,96851.0,96851.0,86.0
2025-07-10 15:00:00,MCX:GOLD1!,96840.0,96840.0,96741.0,96788.0,105.0
2025-07-10 15:15:00,MCX:GOLD1!,96782.0,96845.0,96775.0,96824.0,82.0
2025-07-10 15:30:00,MCX:GOLD1!,96845.0,96861.0,96780.0,96810.0,51.0
2025-07-10 15:45:00,MCX:GOLD1!,96813.0,96838.0,96766.0,96809.0,36.0
2025-07-10 16:00:00,MCX:GOLD1!,96850.0,96890.0,96832.0,96885.0,44.0
2025-07-10 16:15:00,MCX:GOLD1!,96885.0,96914.0,96819.0,96850.0,71.0
2025-07-10 16:30:00,MCX:GOLD1!,96880.0,96959.0,96880.0,96951.0,136.0
2025-07-10 16:45:00,MCX:GOLD1!,96950.0,96975.0,96900.0,96948.0,169.0
2025-07-10 17:00:00,MCX:GOLD1!,96948.0,96948.0,96814.0,96874.0,45.0
2025-07-10 17:15:00,MCX:GOLD1!,96876.0,96876.0,96722.0,96743.0,113.0
2025-07-10 17:30:00,MCX:GOLD1!,96755.0,96788.0,96721.0,96753.0,113.0
2025-07-10 17:45:00,MCX:GOLD1!,96760.0,96828.0,96753.0,96787.0,64.0
2025-07-10 18:00:00,MCX:GOLD1!,96805.0,96860.0,96741.0,96822.0,91.0
2025-07-10 18:15:00,MCX:GOLD1!,96823.0,96908.0,96822.0,96834.0,74.0
2025-07-10 18:30:00,MCX:GOLD1!,96852.0,96980.0,96850.0,96910.0,267.0
2025-07-10 18:45:00,MCX:GOLD1!,96918.0,96956.0,96802.0,96855.0,153.0
2025-07-10 19:00:00,MCX:GOLD1!,96841.0,96950.0,96810.0,96810.0,120.0
2025-07-10 19:15:00,MCX:GOLD1!,96801.0,96807.0,96608.0,96608.0,277.0
2025-07-10 19:30:00,MCX:GOLD1!,96610.0,96743.0,96562.0,96735.0,211.0
2025-07-10 19:45:00,MCX:GOLD1!,96724.0,96765.0,96600.0,96600.0,86.0
2025-07-10 20:00:00,MCX:GOLD1!,96597.0,96691.0,96590.0,96670.0,65.0
2025-07-10 20:15:00,MCX:GOLD1!,96670.0,96730.0,96640.0,96670.0,26.0
2025-07-10 20:30:00,MCX:GOLD1!,96670.0,96725.0,96670.0,96712.0,19.0
2025-07-10 20:45:00,MCX:GOLD1!,96729.0,96795.0,96712.0,96791.0,58.0
2025-07-10 21:00:00,MCX:GOLD1!,96789.0,96789.0,96730.0,96747.0,41.0
2025-07-10 21:15:00,MCX:GOLD1!,96778.0,96778.0,96750.0,96775.0,8.0
2025-07-10 21:30:00,MCX:GOLD1!,96771.0,96775.0,96731.0,96736.0,16.0
2025-07-10 21:45:00,MCX:GOLD1!,96735.0,96735.0,96670.0,96670.0,41.0
2025-07-10 22:00:00,MCX:GOLD1!,96668.0,96668.0,96573.0,96584.0,125.0
2025-07-10 22:15:00,MCX:GOLD1!,96584.0,96676.0,96584.0,96668.0,52.0
2025-07-10 22:30:00,MCX:GOLD1!,96677.0,96725.0,96660.0,96680.0,57.0
2025-07-10 22:45:00,MCX:GOLD1!,96680.0,96718.0,96667.0,96668.0,26.0
2025-07-10 23:00:00,MCX:GOLD1!,96695.0,96715.0,96681.0,96700.0,32.0
2025-07-10 23:15:00,MCX:GOLD1!,96680.0,96706.0,96662.0,96690.0,121.0
2025-07-11 09:00:00,MCX:GOLD1!,97330.0,97350.0,97151.0,97266.0,707.0
2025-07-11 09:15:00,MCX:GOLD1!,97264.0,97285.0,97210.0,97250.0,194.0
2025-07-11 09:30:00,MCX:GOLD1!,97249.0,97320.0,97245.0,97310.0,260.0
2025-07-11 09:45:00,MCX:GOLD1!,97314.0,97330.0,97252.0,97252.0,138.0
2025-07-11 10:00:00,MCX:GOLD1!,97251.0,97267.0,97201.0,97209.0,91.0
2025-07-11 10:15:00,MCX:GOLD1!,97220.0,97278.0,97196.0,97270.0,124.0
2025-07-11 10:30:00,MCX:GOLD1!,97268.0,97300.0,97260.0,97270.0,71.0
2025-07-11 10:45:00,MCX:GOLD1!,97285.0,97548.0,97285.0,97530.0,666.0
2025-07-11 11:00:00,MCX:GOLD1!,97508.0,97508.0,97350.0,97354.0,248.0
2025-07-11 11:15:00,MCX:GOLD1!,97350.0,97365.0,97295.0,97326.0,156.0
2025-07-11 11:30:00,MCX:GOLD1!,97351.0,97428.0,97320.0,97399.0,174.0
2025-07-11 11:45:00,MCX:GOLD1!,97413.0,97540.0,97413.0,97521.0,341.0
2025-07-11 12:00:00,MCX:GOLD1!,97521.0,97534.0,97400.0,97423.0,182.0
2025-07-11 12:15:00,MCX:GOLD1!,97410.0,97420.0,97230.0,97230.0,236.0
2025-07-11 12:30:00,MCX:GOLD1!,97249.0,97276.0,97197.0,97249.0,242.0
2025-07-11 12:45:00,MCX:GOLD1!,97285.0,97289.0,97226.0,97250.0,76.0
2025-07-11 13:00:00,MCX:GOLD1!,97256.0,97373.0,97256.0,97373.0,79.0
2025-07-11 13:15:00,MCX:GOLD1!,97376.0,97440.0,97370.0,97440.0,96.0
2025-07-11 13:30:00,MCX:GOLD1!,97440.0,97490.0,97430.0,97487.0,187.0
2025-07-11 13:45:00,MCX:GOLD1!,97471.0,97509.0,97361.0,97381.0,186.0
2025-07-11 14:00:00,MCX:GOLD1!,97366.0,97443.0,97327.0,97400.0,69.0
2025-07-11 14:15:00,MCX:GOLD1!,97440.0,97450.0,97290.0,97301.0,113.0
2025-07-11 14:30:00,MCX:GOLD1!,97300.0,97345.0,97285.0,97303.0,123.0
2025-07-11 14:45:00,MCX:GOLD1!,97303.0,97325.0,97281.0,97282.0,79.0
2025-07-11 15:00:00,MCX:GOLD1!,97282.0,97328.0,97250.0,97264.0,155.0
2025-07-11 15:15:00,MCX:GOLD1!,97267.0,97387.0,97258.0,97373.0,218.0
2025-07-11 15:30:00,MCX:GOLD1!,97363.0,97410.0,97355.0,97369.0,174.0
2025-07-11 15:45:00,MCX:GOLD1!,97391.0,97472.0,97361.0,97470.0,137.0
2025-07-11 16:00:00,MCX:GOLD1!,97475.0,97518.0,97441.0,97508.0,193.0
2025-07-11 16:15:00,MCX:GOLD1!,97508.0,97525.0,97424.0,97424.0,173.0
2025-07-11 16:30:00,MCX:GOLD1!,97430.0,97525.0,97405.0,97525.0,106.0
2025-07-11 16:45:00,MCX:GOLD1!,97515.0,97539.0,97386.0,97486.0,106.0
2025-07-11 17:00:00,MCX:GOLD1!,97444.0,97550.0,97444.0,97521.0,201.0
2025-07-11 17:15:00,MCX:GOLD1!,97549.0,97575.0,97512.0,97512.0,187.0
2025-07-11 17:30:00,MCX:GOLD1!,97522.0,97610.0,97501.0,97501.0,276.0
2025-07-11 17:45:00,MCX:GOLD1!,97480.0,97605.0,97473.0,97539.0,121.0
2025-07-11 18:00:00,MCX:GOLD1!,97559.0,97719.0,97559.0,97692.0,438.0
2025-07-11 18:15:00,MCX:GOLD1!,97657.0,97775.0,97640.0,97710.0,431.0
2025-07-11 18:30:00,MCX:GOLD1!,97730.0,97790.0,97683.0,97751.0,263.0
2025-07-11 18:45:00,MCX:GOLD1!,97757.0,97791.0,97620.0,97658.0,234.0
2025-07-11 19:00:00,MCX:GOLD1!,97655.0,97819.0,97640.0,97710.0,286.0
2025-07-11 19:15:00,MCX:GOLD1!,97736.0,97792.0,97655.0,97736.0,226.0
2025-07-11 19:30:00,MCX:GOLD1!,97758.0,97824.0,97725.0,97740.0,117.0
2025-07-11 19:45:00,MCX:GOLD1!,97753.0,97795.0,97707.0,97777.0,116.0
2025-07-11 20:00:00,MCX:GOLD1!,97800.0,97893.0,97770.0,97886.0,234.0
2025-07-11 20:15:00,MCX:GOLD1!,97888.0,97974.0,97856.0,97902.0,216.0
2025-07-11 20:30:00,MCX:GOLD1!,97930.0,98000.0,97920.0,97977.0,272.0
2025-07-11 20:45:00,MCX:GOLD1!,97977.0,98076.0,97969.0,98062.0,298.0
2025-07-11 21:00:00,MCX:GOLD1!,98067.0,98067.0,97891.0,97906.0,160.0
2025-07-11 21:15:00,MCX:GOLD1!,97891.0,97927.0,97851.0,97910.0,95.0
2025-07-11 21:30:00,MCX:GOLD1!,97900.0,97929.0,97825.0,97829.0,103.0
2025-07-11 21:45:00,MCX:GOLD1!,97826.0,97852.0,97766.0,97827.0,97.0
2025-07-11 22:00:00,MCX:GOLD1!,97811.0,97844.0,97780.0,97781.0,70.0
2025-07-11 22:15:00,MCX:GOLD1!,97802.0,97829.0,97760.0,97829.0,85.0
2025-07-11 22:30:00,MCX:GOLD1!,97818.0,97834.0,97701.0,97753.0,129.0
2025-07-11 22:45:00,MCX:GOLD1!,97777.0,97797.0,97722.0,97725.0,48.0
2025-07-11 23:00:00,MCX:GOLD1!,97726.0,97829.0,97726.0,97829.0,94.0
2025-07-11 23:15:00,MCX:GOLD1!,97824.0,97859.0,97801.0,97830.0,188.0
2025-07-14 09:00:00,MCX:GOLD1!,97857.0,98148.0,97857.0,98094.0,276.0
2025-07-14 09:15:00,MCX:GOLD1!,98094.0,98144.0,98000.0,98117.0,162.0
2025-07-14 09:30:00,MCX:GOLD1!,98135.0,98157.0,98050.0,98100.0,190.0
2025-07-14 09:45:00,MCX:GOLD1!,98100.0,98105.0,98015.0,98028.0,72.0
2025-07-14 10:00:00,MCX:GOLD1!,98029.0,98156.0,98018.0,98139.0,126.0
2025-07-14 10:15:00,MCX:GOLD1!,98150.0,98150.0,98095.0,98129.0,107.0
2025-07-14 10:30:00,MCX:GOLD1!,98100.0,98141.0,98080.0,98112.0,87.0
2025-07-14 10:45:00,MCX:GOLD1!,98113.0,98138.0,97988.0,98030.0,83.0
2025-07-14 11:00:00,MCX:GOLD1!,98030.0,98125.0,98030.0,98115.0,100.0
2025-07-14 11:15:00,MCX:GOLD1!,98100.0,98100.0,98048.0,98071.0,23.0
2025-07-14 11:30:00,MCX:GOLD1!,98075.0,98147.0,98030.0,98146.0,111.0
2025-07-14 11:45:00,MCX:GOLD1!,98134.0,98170.0,98086.0,98145.0,113.0
2025-07-14 12:00:00,MCX:GOLD1!,98150.0,98185.0,98100.0,98177.0,50.0
2025-07-14 12:15:00,MCX:GOLD1!,98171.0,98345.0,98171.0,98345.0,242.0
2025-07-14 12:30:00,MCX:GOLD1!,98349.0,98438.0,98267.0,98310.0,286.0
2025-07-14 12:45:00,MCX:GOLD1!,98285.0,98449.0,98283.0,98449.0,123.0
2025-07-14 13:00:00,MCX:GOLD1!,98445.0,98450.0,98356.0,98380.0,98.0
2025-07-14 13:15:00,MCX:GOLD1!,98375.0,98399.0,98349.0,98396.0,69.0
2025-07-14 13:30:00,MCX:GOLD1!,98350.0,98396.0,98321.0,98376.0,161.0
2025-07-14 13:45:00,MCX:GOLD1!,98378.0,98390.0,98272.0,98275.0,104.0
2025-07-14 14:00:00,MCX:GOLD1!,98270.0,98295.0,98222.0,98261.0,149.0
2025-07-14 14:15:00,MCX:GOLD1!,98285.0,98302.0,98235.0,98241.0,83.0
2025-07-14 14:30:00,MCX:GOLD1!,98245.0,98334.0,98233.0,98288.0,102.0
2025-07-14 14:45:00,MCX:GOLD1!,98280.0,98340.0,98280.0,98330.0,42.0
2025-07-14 15:00:00,MCX:GOLD1!,98324.0,98324.0,98223.0,98244.0,164.0
2025-07-14 15:15:00,MCX:GOLD1!,98239.0,98378.0,98225.0,98376.0,105.0
2025-07-14 15:30:00,MCX:GOLD1!,98376.0,98450.0,98365.0,98430.0,186.0
2025-07-14 15:45:00,MCX:GOLD1!,98403.0,98410.0,98335.0,98346.0,73.0
2025-07-14 16:00:00,MCX:GOLD1!,98322.0,98380.0,98322.0,98365.0,35.0
2025-07-14 16:15:00,MCX:GOLD1!,98359.0,98395.0,98352.0,98395.0,18.0
2025-07-14 16:30:00,MCX:GOLD1!,98381.0,98392.0,98335.0,98375.0,21.0
2025-07-14 16:45:00,MCX:GOLD1!,98361.0,98396.0,98309.0,98309.0,53.0
2025-07-14 17:00:00,MCX:GOLD1!,98329.0,98392.0,98323.0,98385.0,27.0
2025-07-14 17:15:00,MCX:GOLD1!,98328.0,98328.0,98225.0,98225.0,137.0
2025-07-14 17:30:00,MCX:GOLD1!,98225.0,98289.0,98146.0,98172.0,348.0
2025-07-14 17:45:00,MCX:GOLD1!,98172.0,98178.0,98026.0,98026.0,302.0
2025-07-14 18:00:00,MCX:GOLD1!,98043.0,98073.0,97825.0,97852.0,469.0
2025-07-14 18:15:00,MCX:GOLD1!,97838.0,97934.0,97809.0,97850.0,276.0
2025-07-14 18:30:00,MCX:GOLD1!,97836.0,97880.0,97750.0,97865.0,244.0
2025-07-14 18:45:00,MCX:GOLD1!,97868.0,97974.0,97851.0,97950.0,118.0
2025-07-14 19:00:00,MCX:GOLD1!,97970.0,98030.0,97948.0,97991.0,123.0
2025-07-14 19:15:00,MCX:GOLD1!,97958.0,98014.0,97894.0,97898.0,54.0
2025-07-14 19:30:00,MCX:GOLD1!,97920.0,97956.0,97840.0,97880.0,60.0
2025-07-14 19:45:00,MCX:GOLD1!,97872.0,97872.0,97705.0,97865.0,317.0
2025-07-14 20:00:00,MCX:GOLD1!,97865.0,97870.0,97600.0,97620.0,375.0
2025-07-14 20:15:00,MCX:GOLD1!,97611.0,97700.0,97590.0,97650.0,158.0
2025-07-14 20:30:00,MCX:GOLD1!,97644.0,97820.0,97631.0,97760.0,92.0
2025-07-14 20:45:00,MCX:GOLD1!,97760.0,97777.0,97699.0,97703.0,50.0
2025-07-14 21:00:00,MCX:GOLD1!,97714.0,97777.0,97682.0,97706.0,66.0
2025-07-14 21:15:00,MCX:GOLD1!,97705.0,97721.0,97636.0,97666.0,72.0
2025-07-14 21:30:00,MCX:GOLD1!,97650.0,97696.0,97626.0,97684.0,61.0
2025-07-14 21:45:00,MCX:GOLD1!,97664.0,97748.0,97652.0,97741.0,47.0
2025-07-14 22:00:00,MCX:GOLD1!,97749.0,97774.0,97721.0,97724.0,42.0
2025-07-14 22:15:00,MCX:GOLD1!,97720.0,97736.0,97701.0,97711.0,65.0
2025-07-14 22:30:00,MCX:GOLD1!,97704.0,97741.0,97690.0,97715.0,53.0
2025-07-14 22:45:00,MCX:GOLD1!,97703.0,97796.0,97699.0,97770.0,169.0
2025-07-14 23:00:00,MCX:GOLD1!,97760.0,97785.0,97748.0,97779.0,96.0
2025-07-14 23:15:00,MCX:GOLD1!,97761.0,97804.0,97761.0,97778.0,190.0
2025-07-15 09:00:00,MCX:GOLD1!,97894.0,97943.0,97885.0,97935.0,109.0
2025-07-15 09:15:00,MCX:GOLD1!,97935.0,97970.0,97914.0,97950.0,84.0
2025-07-15 09:30:00,MCX:GOLD1!,97971.0,98005.0,97936.0,98000.0,57.0
2025-07-15 09:45:00,MCX:GOLD1!,98000.0,98003.0,97942.0,97973.0,44.0
2025-07-15 10:00:00,MCX:GOLD1!,97973.0,97980.0,97951.0,97965.0,38.0
2025-07-15 10:15:00,MCX:GOLD1!,97964.0,97964.0,97911.0,97953.0,276.0
2025-07-15 10:30:00,MCX:GOLD1!,97953.0,98000.0,97942.0,97997.0,72.0
2025-07-15 10:45:00,MCX:GOLD1!,97990.0,98000.0,97953.0,97991.0,46.0
2025-07-15 11:00:00,MCX:GOLD1!,97990.0,98046.0,97981.0,98035.0,104.0
2025-07-15 11:15:00,MCX:GOLD1!,98035.0,98080.0,97991.0,98010.0,154.0
2025-07-15 11:30:00,MCX:GOLD1!,97983.0,98018.0,97925.0,97983.0,143.0
2025-07-15 11:45:00,MCX:GOLD1!,97975.0,97975.0,97900.0,97901.0,52.0
2025-07-15 12:00:00,MCX:GOLD1!,97902.0,97960.0,97885.0,97941.0,98.0
2025-07-15 12:15:00,MCX:GOLD1!,97935.0,97945.0,97880.0,97895.0,105.0
2025-07-15 12:30:00,MCX:GOLD1!,97876.0,97890.0,97839.0,97840.0,125.0
2025-07-15 12:45:00,MCX:GOLD1!,97876.0,97948.0,97876.0,97948.0,59.0
2025-07-15 13:00:00,MCX:GOLD1!,97925.0,97925.0,97892.0,97920.0,31.0
2025-07-15 13:15:00,MCX:GOLD1!,97950.0,97978.0,97921.0,97947.0,50.0
2025-07-15 13:30:00,MCX:GOLD1!,97941.0,97990.0,97891.0,97943.0,42.0
2025-07-15 13:45:00,MCX:GOLD1!,97895.0,97895.0,97773.0,97790.0,137.0
2025-07-15 14:00:00,MCX:GOLD1!,97830.0,97948.0,97830.0,97936.0,64.0
2025-07-15 14:15:00,MCX:GOLD1!,97920.0,97939.0,97900.0,97901.0,50.0
2025-07-15 14:30:00,MCX:GOLD1!,97901.0,97960.0,97901.0,97935.0,77.0
2025-07-15 14:45:00,MCX:GOLD1!,97897.0,97957.0,97851.0,97909.0,49.0
2025-07-15 15:00:00,MCX:GOLD1!,97900.0,97925.0,97860.0,97919.0,66.0
2025-07-15 15:15:00,MCX:GOLD1!,97905.0,97930.0,97890.0,97930.0,182.0
2025-07-15 15:30:00,MCX:GOLD1!,97929.0,97993.0,97919.0,97980.0,84.0
2025-07-15 15:45:00,MCX:GOLD1!,97989.0,98018.0,97960.0,97960.0,66.0
2025-07-15 16:00:00,MCX:GOLD1!,97950.0,97981.0,97929.0,97963.0,35.0
2025-07-15 16:15:00,MCX:GOLD1!,97939.0,97951.0,97910.0,97930.0,58.0
2025-07-15 16:30:00,MCX:GOLD1!,97916.0,97954.0,97881.0,97892.0,268.0
2025-07-15 16:45:00,MCX:GOLD1!,97898.0,97910.0,97858.0,97869.0,77.0
2025-07-15 17:00:00,MCX:GOLD1!,97869.0,97889.0,97850.0,97850.0,65.0
2025-07-15 17:15:00,MCX:GOLD1!,97847.0,97867.0,97782.0,97805.0,99.0
2025-07-15 17:30:00,MCX:GOLD1!,97791.0,97791.0,97725.0,97731.0,159.0
2025-07-15 17:45:00,MCX:GOLD1!,97729.0,97780.0,97649.0,97756.0,155.0
2025-07-15 18:00:00,MCX:GOLD1!,97810.0,97836.0,97560.0,97650.0,455.0
2025-07-15 18:15:00,MCX:GOLD1!,97643.0,97705.0,97569.0,97595.0,146.0
2025-07-15 18:30:00,MCX:GOLD1!,97605.0,97650.0,97530.0,97535.0,180.0
2025-07-15 18:45:00,MCX:GOLD1!,97535.0,97547.0,97351.0,97382.0,428.0
2025-07-15 19:00:00,MCX:GOLD1!,97383.0,97423.0,97282.0,97386.0,361.0
2025-07-15 19:15:00,MCX:GOLD1!,97382.0,97618.0,97304.0,97580.0,307.0
2025-07-15 19:30:00,MCX:GOLD1!,97600.0,97606.0,97507.0,97565.0,121.0
2025-07-15 19:45:00,MCX:GOLD1!,97561.0,97669.0,97512.0,97626.0,117.0
2025-07-15 20:00:00,MCX:GOLD1!,97630.0,97723.0,97630.0,97695.0,113.0
2025-07-15 20:15:00,MCX:GOLD1!,97694.0,97694.0,97598.0,97639.0,75.0
2025-07-15 20:30:00,MCX:GOLD1!,97635.0,97689.0,97605.0,97634.0,74.0
2025-07-15 20:45:00,MCX:GOLD1!,97634.0,97636.0,97306.0,97341.0,303.0
2025-07-15 21:00:00,MCX:GOLD1!,97337.0,97383.0,97135.0,97325.0,619.0
2025-07-15 21:15:00,MCX:GOLD1!,97300.0,97300.0,97200.0,97244.0,207.0
2025-07-15 21:30:00,MCX:GOLD1!,97218.0,97220.0,97062.0,97095.0,434.0
2025-07-15 21:45:00,MCX:GOLD1!,97072.0,97188.0,97025.0,97172.0,361.0
2025-07-15 22:00:00,MCX:GOLD1!,97185.0,97233.0,97160.0,97211.0,158.0
2025-07-15 22:15:00,MCX:GOLD1!,97225.0,97293.0,97211.0,97250.0,108.0
2025-07-15 22:30:00,MCX:GOLD1!,97255.0,97304.0,97219.0,97304.0,67.0
2025-07-15 22:45:00,MCX:GOLD1!,97305.0,97308.0,97229.0,97268.0,44.0
2025-07-15 23:00:00,MCX:GOLD1!,97268.0,97268.0,97205.0,97205.0,68.0
2025-07-15 23:15:00,MCX:GOLD1!,97201.0,97239.0,97182.0,97208.0,143.0
2025-07-16 09:00:00,MCX:GOLD1!,97220.0,97421.0,97220.0,97392.0,172.0
2025-07-16 09:15:00,MCX:GOLD1!,97411.0,97417.0,97363.0,97406.0,58.0
2025-07-16 09:30:00,MCX:GOLD1!,97422.0,97422.0,97370.0,97396.0,49.0
2025-07-16 09:45:00,MCX:GOLD1!,97373.0,97410.0,97330.0,97354.0,57.0
2025-07-16 10:00:00,MCX:GOLD1!,97373.0,97420.0,97360.0,97360.0,71.0
2025-07-16 10:15:00,MCX:GOLD1!,97346.0,97354.0,97276.0,97328.0,138.0
2025-07-16 10:30:00,MCX:GOLD1!,97345.0,97346.0,97314.0,97343.0,32.0
2025-07-16 10:45:00,MCX:GOLD1!,97345.0,97348.0,97285.0,97325.0,44.0
2025-07-16 11:00:00,MCX:GOLD1!,97326.0,97330.0,97229.0,97229.0,58.0
2025-07-16 11:15:00,MCX:GOLD1!,97235.0,97285.0,97205.0,97285.0,67.0
2025-07-16 11:30:00,MCX:GOLD1!,97271.0,97359.0,97264.0,97345.0,107.0
2025-07-16 11:45:00,MCX:GOLD1!,97356.0,97379.0,97315.0,97364.0,73.0
2025-07-16 12:00:00,MCX:GOLD1!,97350.0,97380.0,97324.0,97373.0,65.0
2025-07-16 12:15:00,MCX:GOLD1!,97363.0,97363.0,97307.0,97361.0,51.0
2025-07-16 12:30:00,MCX:GOLD1!,97350.0,97350.0,97290.0,97325.0,98.0
2025-07-16 12:45:00,MCX:GOLD1!,97330.0,97387.0,97330.0,97365.0,48.0
2025-07-16 13:00:00,MCX:GOLD1!,97365.0,97396.0,97321.0,97336.0,37.0
2025-07-16 13:15:00,MCX:GOLD1!,97360.0,97394.0,97316.0,97394.0,23.0
2025-07-16 13:30:00,MCX:GOLD1!,97394.0,97498.0,97394.0,97435.0,172.0
2025-07-16 13:45:00,MCX:GOLD1!,97429.0,97471.0,97423.0,97464.0,35.0
2025-07-16 14:00:00,MCX:GOLD1!,97458.0,97463.0,97437.0,97460.0,39.0
2025-07-16 14:15:00,MCX:GOLD1!,97467.0,97497.0,97456.0,97493.0,56.0
2025-07-16 14:30:00,MCX:GOLD1!,97485.0,97500.0,97411.0,97411.0,189.0
2025-07-16 14:45:00,MCX:GOLD1!,97440.0,97478.0,97411.0,97455.0,32.0
2025-07-16 15:00:00,MCX:GOLD1!,97440.0,97495.0,97440.0,97473.0,50.0
2025-07-16 15:15:00,MCX:GOLD1!,97484.0,97515.0,97471.0,97486.0,48.0
2025-07-16 15:30:00,MCX:GOLD1!,97485.0,97485.0,97430.0,97450.0,51.0
2025-07-16 15:45:00,MCX:GOLD1!,97451.0,97451.0,97421.0,97442.0,34.0
2025-07-16 16:00:00,MCX:GOLD1!,97440.0,97466.0,97425.0,97425.0,49.0
2025-07-16 16:15:00,MCX:GOLD1!,97426.0,97430.0,97350.0,97370.0,91.0
2025-07-16 16:30:00,MCX:GOLD1!,97361.0,97390.0,97337.0,97375.0,40.0
2025-07-16 16:45:00,MCX:GOLD1!,97375.0,97398.0,97316.0,97380.0,58.0
2025-07-16 17:00:00,MCX:GOLD1!,97377.0,97400.0,97360.0,97400.0,37.0
2025-07-16 17:15:00,MCX:GOLD1!,97406.0,97482.0,97380.0,97476.0,129.0
2025-07-16 17:30:00,MCX:GOLD1!,97481.0,97534.0,97435.0,97478.0,119.0
2025-07-16 17:45:00,MCX:GOLD1!,97450.0,97450.0,97360.0,97379.0,78.0
2025-07-16 18:00:00,MCX:GOLD1!,97410.0,97441.0,97300.0,97350.0,96.0
2025-07-16 18:15:00,MCX:GOLD1!,97335.0,97357.0,97269.0,97340.0,115.0
2025-07-16 18:30:00,MCX:GOLD1!,97356.0,97414.0,97325.0,97325.0,46.0
2025-07-16 18:45:00,MCX:GOLD1!,97360.0,97480.0,97360.0,97410.0,107.0
2025-07-16 19:00:00,MCX:GOLD1!,97383.0,97393.0,97250.0,97282.0,198.0
2025-07-16 19:15:00,MCX:GOLD1!,97256.0,97260.0,97155.0,97260.0,249.0
2025-07-16 19:30:00,MCX:GOLD1!,97253.0,97275.0,97161.0,97241.0,100.0
2025-07-16 19:45:00,MCX:GOLD1!,97250.0,97285.0,97167.0,97244.0,89.0
2025-07-16 20:00:00,MCX:GOLD1!,97220.0,97232.0,97089.0,97198.0,236.0
2025-07-16 20:15:00,MCX:GOLD1!,97198.0,97562.0,97181.0,97463.0,456.0
2025-07-16 20:30:00,MCX:GOLD1!,97459.0,97800.0,97455.0,97705.0,855.0
2025-07-16 20:45:00,MCX:GOLD1!,97689.0,98199.0,97660.0,97975.0,1449.0
2025-07-16 21:00:00,MCX:GOLD1!,97989.0,98282.0,97884.0,97957.0,1008.0
2025-07-16 21:15:00,MCX:GOLD1!,97955.0,98077.0,97478.0,97646.0,1167.0
2025-07-16 21:30:00,MCX:GOLD1!,97626.0,97818.0,97507.0,97793.0,434.0
2025-07-16 21:45:00,MCX:GOLD1!,97759.0,97800.0,97642.0,97795.0,118.0
2025-07-16 22:00:00,MCX:GOLD1!,97803.0,97810.0,97709.0,97760.0,94.0
2025-07-16 22:15:00,MCX:GOLD1!,97771.0,97839.0,97680.0,97730.0,85.0
2025-07-16 22:30:00,MCX:GOLD1!,97700.0,97799.0,97691.0,97751.0,72.0
2025-07-16 22:45:00,MCX:GOLD1!,97730.0,97778.0,97715.0,97741.0,24.0
2025-07-16 23:00:00,MCX:GOLD1!,97771.0,97808.0,97726.0,97790.0,63.0
2025-07-16 23:15:00,MCX:GOLD1!,97790.0,97825.0,97750.0,97786.0,156.0
2025-07-17 09:00:00,MCX:GOLD1!,97549.0,97549.0,97410.0,97434.0,514.0
2025-07-17 09:15:00,MCX:GOLD1!,97441.0,97481.0,97405.0,97408.0,177.0
2025-07-17 09:30:00,MCX:GOLD1!,97408.0,97408.0,97333.0,97357.0,161.0
2025-07-17 09:45:00,MCX:GOLD1!,97377.0,97432.0,97347.0,97432.0,64.0
2025-07-17 10:00:00,MCX:GOLD1!,97424.0,97497.0,97424.0,97477.0,63.0
2025-07-17 10:15:00,MCX:GOLD1!,97477.0,97489.0,97451.0,97473.0,23.0
2025-07-17 10:30:00,MCX:GOLD1!,97468.0,97482.0,97408.0,97424.0,25.0
2025-07-17 10:45:00,MCX:GOLD1!,97433.0,97433.0,97403.0,97422.0,15.0
2025-07-17 11:00:00,MCX:GOLD1!,97438.0,97438.0,97333.0,97333.0,177.0
2025-07-17 11:15:00,MCX:GOLD1!,97330.0,97376.0,97315.0,97360.0,93.0
2025-07-17 11:30:00,MCX:GOLD1!,97360.0,97368.0,97200.0,97220.0,348.0
2025-07-17 11:45:00,MCX:GOLD1!,97224.0,97281.0,97185.0,97205.0,268.0
2025-07-17 12:00:00,MCX:GOLD1!,97200.0,97249.0,97178.0,97206.0,143.0
2025-07-17 12:15:00,MCX:GOLD1!,97207.0,97360.0,97202.0,97350.0,108.0
2025-07-17 12:30:00,MCX:GOLD1!,97332.0,97360.0,97287.0,97307.0,50.0
2025-07-17 12:45:00,MCX:GOLD1!,97295.0,97295.0,97158.0,97196.0,251.0
2025-07-17 13:00:00,MCX:GOLD1!,97210.0,97230.0,97171.0,97171.0,104.0
2025-07-17 13:15:00,MCX:GOLD1!,97172.0,97199.0,97110.0,97113.0,262.0
2025-07-17 13:30:00,MCX:GOLD1!,97129.0,97200.0,97129.0,97191.0,103.0
2025-07-17 13:45:00,MCX:GOLD1!,97191.0,97225.0,97155.0,97210.0,173.0
2025-07-17 14:00:00,MCX:GOLD1!,97245.0,97258.0,97216.0,97216.0,92.0
2025-07-17 14:15:00,MCX:GOLD1!,97244.0,97280.0,97230.0,97252.0,100.0
2025-07-17 14:30:00,MCX:GOLD1!,97230.0,97260.0,97200.0,97220.0,128.0
2025-07-17 14:45:00,MCX:GOLD1!,97220.0,97334.0,97220.0,97295.0,81.0
2025-07-17 15:00:00,MCX:GOLD1!,97260.0,97317.0,97229.0,97315.0,68.0
2025-07-17 15:15:00,MCX:GOLD1!,97294.0,97320.0,97228.0,97240.0,68.0
2025-07-17 15:30:00,MCX:GOLD1!,97242.0,97300.0,97242.0,97284.0,82.0
2025-07-17 15:45:00,MCX:GOLD1!,97284.0,97366.0,97243.0,97366.0,129.0
2025-07-17 16:00:00,MCX:GOLD1!,97361.0,97387.0,97342.0,97370.0,62.0
2025-07-17 16:15:00,MCX:GOLD1!,97360.0,97370.0,97250.0,97258.0,25.0
2025-07-17 16:30:00,MCX:GOLD1!,97254.0,97328.0,97220.0,97315.0,44.0
2025-07-17 16:45:00,MCX:GOLD1!,97315.0,97315.0,97244.0,97260.0,56.0
2025-07-17 17:00:00,MCX:GOLD1!,97264.0,97264.0,97217.0,97260.0,100.0
2025-07-17 17:15:00,MCX:GOLD1!,97250.0,97286.0,97200.0,97235.0,91.0
2025-07-17 17:30:00,MCX:GOLD1!,97205.0,97243.0,97187.0,97243.0,81.0
2025-07-17 17:45:00,MCX:GOLD1!,97243.0,97285.0,97174.0,97269.0,86.0
2025-07-17 18:00:00,MCX:GOLD1!,97205.0,97258.0,96900.0,96950.0,885.0
2025-07-17 18:15:00,MCX:GOLD1!,96940.0,96987.0,96829.0,96936.0,492.0
2025-07-17 18:30:00,MCX:GOLD1!,96915.0,96960.0,96856.0,96960.0,161.0
2025-07-17 18:45:00,MCX:GOLD1!,96990.0,97065.0,96914.0,97018.0,188.0
2025-07-17 19:00:00,MCX:GOLD1!,97000.0,97072.0,96939.0,96952.0,79.0
2025-07-17 19:15:00,MCX:GOLD1!,96955.0,97068.0,96950.0,97015.0,120.0
2025-07-17 19:30:00,MCX:GOLD1!,97020.0,97189.0,97020.0,97155.0,159.0
2025-07-17 19:45:00,MCX:GOLD1!,97170.0,97300.0,97170.0,97289.0,268.0
2025-07-17 20:00:00,MCX:GOLD1!,97298.0,97390.0,97293.0,97364.0,296.0
2025-07-17 20:15:00,MCX:GOLD1!,97363.0,97405.0,97305.0,97366.0,235.0
2025-07-17 20:30:00,MCX:GOLD1!,97379.0,97420.0,97311.0,97332.0,98.0
2025-07-17 20:45:00,MCX:GOLD1!,97331.0,97453.0,97320.0,97436.0,152.0
2025-07-17 21:00:00,MCX:GOLD1!,97436.0,97470.0,97400.0,97423.0,143.0
2025-07-17 21:15:00,MCX:GOLD1!,97432.0,97486.0,97410.0,97440.0,125.0
2025-07-17 21:30:00,MCX:GOLD1!,97440.0,97450.0,97410.0,97420.0,66.0
2025-07-17 21:45:00,MCX:GOLD1!,97435.0,97467.0,97400.0,97456.0,159.0
2025-07-17 22:00:00,MCX:GOLD1!,97470.0,97480.0,97420.0,97478.0,98.0
2025-07-17 22:15:00,MCX:GOLD1!,97493.0,97515.0,97475.0,97485.0,180.0
2025-07-17 22:30:00,MCX:GOLD1!,97486.0,97519.0,97486.0,97497.0,53.0
2025-07-17 22:45:00,MCX:GOLD1!,97497.0,97532.0,97497.0,97511.0,73.0
2025-07-17 23:00:00,MCX:GOLD1!,97515.0,97534.0,97428.0,97460.0,70.0
2025-07-17 23:15:00,MCX:GOLD1!,97471.0,97500.0,97460.0,97460.0,97.0
2025-07-18 09:00:00,MCX:GOLD1!,97320.0,97449.0,97320.0,97406.0,118.0
2025-07-18 09:15:00,MCX:GOLD1!,97420.0,97474.0,97406.0,97411.0,86.0
2025-07-18 09:30:00,MCX:GOLD1!,97417.0,97515.0,97417.0,97475.0,93.0
2025-07-18 09:45:00,MCX:GOLD1!,97475.0,97560.0,97475.0,97505.0,84.0
2025-07-18 10:00:00,MCX:GOLD1!,97515.0,97515.0,97449.0,97483.0,62.0
2025-07-18 10:15:00,MCX:GOLD1!,97466.0,97559.0,97428.0,97559.0,84.0
2025-07-18 10:30:00,MCX:GOLD1!,97569.0,97679.0,97569.0,97650.0,172.0
2025-07-18 10:45:00,MCX:GOLD1!,97662.0,97683.0,97620.0,97620.0,99.0
2025-07-18 11:00:00,MCX:GOLD1!,97618.0,97644.0,97550.0,97550.0,122.0
2025-07-18 11:15:00,MCX:GOLD1!,97551.0,97551.0,97510.0,97527.0,54.0
2025-07-18 11:30:00,MCX:GOLD1!,97510.0,97603.0,97486.0,97603.0,59.0
2025-07-18 11:45:00,MCX:GOLD1!,97612.0,97656.0,97580.0,97656.0,35.0
2025-07-18 12:00:00,MCX:GOLD1!,97664.0,97720.0,97638.0,97640.0,115.0
2025-07-18 12:15:00,MCX:GOLD1!,97650.0,97733.0,97642.0,97689.0,119.0
2025-07-18 12:30:00,MCX:GOLD1!,97718.0,97790.0,97673.0,97773.0,145.0
2025-07-18 12:45:00,MCX:GOLD1!,97764.0,97852.0,97755.0,97790.0,188.0
2025-07-18 13:00:00,MCX:GOLD1!,97794.0,97890.0,97760.0,97845.0,209.0
2025-07-18 13:15:00,MCX:GOLD1!,97823.0,97893.0,97804.0,97890.0,158.0
2025-07-18 13:30:00,MCX:GOLD1!,97890.0,97890.0,97800.0,97800.0,158.0
2025-07-18 13:45:00,MCX:GOLD1!,97800.0,97860.0,97770.0,97855.0,130.0
2025-07-18 14:00:00,MCX:GOLD1!,97870.0,97898.0,97850.0,97885.0,121.0
2025-07-18 14:15:00,MCX:GOLD1!,97882.0,97884.0,97826.0,97838.0,67.0
2025-07-18 14:30:00,MCX:GOLD1!,97825.0,97999.0,97825.0,97950.0,285.0
2025-07-18 14:45:00,MCX:GOLD1!,97966.0,97968.0,97900.0,97968.0,123.0
2025-07-18 15:00:00,MCX:GOLD1!,97960.0,98069.0,97953.0,98030.0,252.0
2025-07-18 15:15:00,MCX:GOLD1!,98045.0,98046.0,97951.0,98001.0,143.0
2025-07-18 15:30:00,MCX:GOLD1!,97990.0,97990.0,97872.0,97936.0,138.0
2025-07-18 15:45:00,MCX:GOLD1!,97952.0,97961.0,97900.0,97923.0,42.0
2025-07-18 16:00:00,MCX:GOLD1!,97948.0,97987.0,97935.0,97963.0,48.0
2025-07-18 16:15:00,MCX:GOLD1!,97938.0,97940.0,97901.0,97922.0,25.0
2025-07-18 16:30:00,MCX:GOLD1!,97950.0,97980.0,97922.0,97935.0,36.0
2025-07-18 16:45:00,MCX:GOLD1!,97950.0,97986.0,97950.0,97979.0,45.0
2025-07-18 17:00:00,MCX:GOLD1!,97970.0,98076.0,97951.0,98070.0,120.0
2025-07-18 17:15:00,MCX:GOLD1!,98075.0,98110.0,98025.0,98025.0,153.0
2025-07-18 17:30:00,MCX:GOLD1!,98025.0,98135.0,98025.0,98102.0,138.0
2025-07-18 17:45:00,MCX:GOLD1!,98113.0,98115.0,98038.0,98082.0,108.0
2025-07-18 18:00:00,MCX:GOLD1!,98082.0,98150.0,98055.0,98140.0,145.0
2025-07-18 18:15:00,MCX:GOLD1!,98139.0,98157.0,98110.0,98117.0,87.0
2025-07-18 18:30:00,MCX:GOLD1!,98116.0,98118.0,98044.0,98100.0,84.0
2025-07-18 18:45:00,MCX:GOLD1!,98101.0,98120.0,98030.0,98064.0,82.0
2025-07-18 19:00:00,MCX:GOLD1!,98068.0,98068.0,97934.0,98006.0,150.0
2025-07-18 19:15:00,MCX:GOLD1!,98014.0,98030.0,97976.0,98019.0,42.0
2025-07-18 19:30:00,MCX:GOLD1!,97994.0,98089.0,97993.0,98018.0,86.0
2025-07-18 19:45:00,MCX:GOLD1!,98001.0,98014.0,97924.0,97990.0,69.0
2025-07-18 20:00:00,MCX:GOLD1!,97981.0,98043.0,97981.0,98020.0,26.0
2025-07-18 20:15:00,MCX:GOLD1!,98000.0,98018.0,97968.0,97998.0,21.0
2025-07-18 20:30:00,MCX:GOLD1!,97990.0,98010.0,97930.0,97950.0,70.0
2025-07-18 20:45:00,MCX:GOLD1!,97946.0,97973.0,97935.0,97970.0,47.0
2025-07-18 21:00:00,MCX:GOLD1!,97946.0,98010.0,97942.0,98010.0,17.0
2025-07-18 21:15:00,MCX:GOLD1!,98010.0,98050.0,97978.0,98000.0,51.0
2025-07-18 21:30:00,MCX:GOLD1!,97994.0,98024.0,97955.0,97955.0,40.0
2025-07-18 21:45:00,MCX:GOLD1!,97966.0,98040.0,97966.0,98020.0,28.0
2025-07-18 22:00:00,MCX:GOLD1!,98020.0,98100.0,98018.0,98068.0,94.0
2025-07-18 22:15:00,MCX:GOLD1!,98043.0,98060.0,98007.0,98050.0,44.0
2025-07-18 22:30:00,MCX:GOLD1!,98031.0,98064.0,98018.0,98040.0,40.0
2025-07-18 22:45:00,MCX:GOLD1!,98037.0,98040.0,98010.0,98020.0,34.0
2025-07-18 23:00:00,MCX:GOLD1!,98027.0,98049.0,98025.0,98030.0,64.0
2025-07-18 23:15:00,MCX:GOLD1!,98030.0,98037.0,98004.0,98015.0,177.0
2025-07-21 09:00:00,MCX:GOLD1!,98210.0,98213.0,98091.0,98131.0,136.0
2025-07-21 09:15:00,MCX:GOLD1!,98137.0,98149.0,98070.0,98075.0,82.0
2025-07-21 09:30:00,MCX:GOLD1!,98083.0,98099.0,98050.0,98080.0,60.0
2025-07-21 09:45:00,MCX:GOLD1!,98075.0,98160.0,98075.0,98152.0,71.0
2025-07-21 10:00:00,MCX:GOLD1!,98147.0,98271.0,98147.0,98263.0,198.0
2025-07-21 10:15:00,MCX:GOLD1!,98265.0,98300.0,98255.0,98276.0,107.0
2025-07-21 10:30:00,MCX:GOLD1!,98276.0,98417.0,98276.0,98398.0,189.0
2025-07-21 10:45:00,MCX:GOLD1!,98397.0,98530.0,98397.0,98508.0,335.0
2025-07-21 11:00:00,MCX:GOLD1!,98506.0,98550.0,98435.0,98526.0,301.0
2025-07-21 11:15:00,MCX:GOLD1!,98517.0,98537.0,98490.0,98528.0,147.0
2025-07-21 11:30:00,MCX:GOLD1!,98531.0,98544.0,98465.0,98486.0,164.0
2025-07-21 11:45:00,MCX:GOLD1!,98485.0,98535.0,98479.0,98526.0,144.0
2025-07-21 12:00:00,MCX:GOLD1!,98529.0,98535.0,98458.0,98465.0,73.0
2025-07-21 12:15:00,MCX:GOLD1!,98475.0,98519.0,98463.0,98474.0,145.0
2025-07-21 12:30:00,MCX:GOLD1!,98485.0,98542.0,98453.0,98502.0,146.0
2025-07-21 12:45:00,MCX:GOLD1!,98502.0,98502.0,98425.0,98450.0,100.0
2025-07-21 13:00:00,MCX:GOLD1!,98443.0,98507.0,98443.0,98454.0,74.0
2025-07-21 13:15:00,MCX:GOLD1!,98470.0,98495.0,98435.0,98451.0,36.0
2025-07-21 13:30:00,MCX:GOLD1!,98446.0,98464.0,98407.0,98433.0,146.0
2025-07-21 13:45:00,MCX:GOLD1!,98430.0,98442.0,98390.0,98432.0,124.0
2025-07-21 14:00:00,MCX:GOLD1!,98446.0,98448.0,98413.0,98428.0,56.0
2025-07-21 14:15:00,MCX:GOLD1!,98424.0,98460.0,98418.0,98455.0,56.0
2025-07-21 14:30:00,MCX:GOLD1!,98438.0,98462.0,98395.0,98436.0,187.0
2025-07-21 14:45:00,MCX:GOLD1!,98431.0,98474.0,98430.0,98455.0,32.0
2025-07-21 15:00:00,MCX:GOLD1!,98446.0,98459.0,98409.0,98459.0,48.0
2025-07-21 15:15:00,MCX:GOLD1!,98460.0,98519.0,98433.0,98519.0,66.0
2025-07-21 15:30:00,MCX:GOLD1!,98519.0,98549.0,98513.0,98535.0,77.0
2025-07-21 15:45:00,MCX:GOLD1!,98535.0,98542.0,98487.0,98491.0,58.0
2025-07-21 16:00:00,MCX:GOLD1!,98501.0,98505.0,98454.0,98484.0,54.0
2025-07-21 16:15:00,MCX:GOLD1!,98489.0,98526.0,98469.0,98520.0,50.0
2025-07-21 16:30:00,MCX:GOLD1!,98525.0,98594.0,98516.0,98588.0,149.0
2025-07-21 16:45:00,MCX:GOLD1!,98591.0,98677.0,98589.0,98670.0,321.0
2025-07-21 17:00:00,MCX:GOLD1!,98670.0,98680.0,98609.0,98663.0,176.0
2025-07-21 17:15:00,MCX:GOLD1!,98661.0,98707.0,98637.0,98696.0,202.0
2025-07-21 17:30:00,MCX:GOLD1!,98697.0,98744.0,98654.0,98654.0,244.0
2025-07-21 17:45:00,MCX:GOLD1!,98677.0,98872.0,98659.0,98821.0,526.0
2025-07-21 18:00:00,MCX:GOLD1!,98844.0,99000.0,98830.0,99000.0,530.0
2025-07-21 18:15:00,MCX:GOLD1!,98977.0,99033.0,98941.0,98984.0,430.0
2025-07-21 18:30:00,MCX:GOLD1!,98985.0,99031.0,98940.0,98993.0,306.0
2025-07-21 18:45:00,MCX:GOLD1!,98999.0,99078.0,98986.0,99010.0,230.0
2025-07-21 19:00:00,MCX:GOLD1!,99003.0,99124.0,98938.0,99100.0,353.0
2025-07-21 19:15:00,MCX:GOLD1!,99114.0,99271.0,99103.0,99190.0,377.0
2025-07-21 19:30:00,MCX:GOLD1!,99173.0,99360.0,99113.0,99360.0,436.0
2025-07-21 19:45:00,MCX:GOLD1!,99360.0,99414.0,99350.0,99370.0,354.0
2025-07-21 20:00:00,MCX:GOLD1!,99386.0,99476.0,99370.0,99448.0,433.0
2025-07-21 20:15:00,MCX:GOLD1!,99461.0,99465.0,99374.0,99464.0,229.0
2025-07-21 20:30:00,MCX:GOLD1!,99463.0,99469.0,99356.0,99365.0,163.0
2025-07-21 20:45:00,MCX:GOLD1!,99350.0,99491.0,99331.0,99482.0,169.0
2025-07-21 21:00:00,MCX:GOLD1!,99462.0,99480.0,99375.0,99378.0,90.0
2025-07-21 21:15:00,MCX:GOLD1!,99386.0,99419.0,99380.0,99390.0,94.0
2025-07-21 21:30:00,MCX:GOLD1!,99400.0,99400.0,99355.0,99361.0,46.0
2025-07-21 21:45:00,MCX:GOLD1!,99350.0,99399.0,99333.0,99360.0,96.0
2025-07-21 22:00:00,MCX:GOLD1!,99363.0,99435.0,99363.0,99368.0,87.0
2025-07-21 22:15:00,MCX:GOLD1!,99368.0,99375.0,99336.0,99375.0,131.0
2025-07-21 22:30:00,MCX:GOLD1!,99390.0,99390.0,99325.0,99335.0,77.0
2025-07-21 22:45:00,MCX:GOLD1!,99335.0,99360.0,99319.0,99331.0,95.0
2025-07-21 23:00:00,MCX:GOLD1!,99325.0,99340.0,99306.0,99310.0,171.0
2025-07-21 23:15:00,MCX:GOLD1!,99307.0,99361.0,99307.0,99350.0,205.0
2025-07-22 09:00:00,MCX:GOLD1!,99301.0,99311.0,99199.0,99310.0,125.0
2025-07-22 09:15:00,MCX:GOLD1!,99322.0,99342.0,99280.0,99300.0,62.0
2025-07-22 09:30:00,MCX:GOLD1!,99284.0,99298.0,99181.0,99224.0,189.0
2025-07-22 09:45:00,MCX:GOLD1!,99231.0,99248.0,99200.0,99230.0,92.0
2025-07-22 10:00:00,MCX:GOLD1!,99227.0,99239.0,99191.0,99205.0,63.0
2025-07-22 10:15:00,MCX:GOLD1!,99212.0,99245.0,99152.0,99245.0,105.0
2025-07-22 10:30:00,MCX:GOLD1!,99245.0,99284.0,99188.0,99190.0,67.0
2025-07-22 10:45:00,MCX:GOLD1!,99190.0,99232.0,99185.0,99217.0,28.0
2025-07-22 11:00:00,MCX:GOLD1!,99199.0,99247.0,99185.0,99185.0,55.0
2025-07-22 11:15:00,MCX:GOLD1!,99180.0,99198.0,99130.0,99135.0,81.0
2025-07-22 11:30:00,MCX:GOLD1!,99127.0,99166.0,99123.0,99130.0,63.0
2025-07-22 11:45:00,MCX:GOLD1!,99130.0,99187.0,99112.0,99120.0,73.0
2025-07-22 12:00:00,MCX:GOLD1!,99109.0,99175.0,99101.0,99141.0,54.0
2025-07-22 12:15:00,MCX:GOLD1!,99135.0,99150.0,99115.0,99137.0,65.0
2025-07-22 12:30:00,MCX:GOLD1!,99115.0,99177.0,99115.0,99133.0,115.0
2025-07-22 12:45:00,MCX:GOLD1!,99131.0,99147.0,99107.0,99138.0,59.0
2025-07-22 13:00:00,MCX:GOLD1!,99120.0,99242.0,99119.0,99242.0,128.0
2025-07-22 13:15:00,MCX:GOLD1!,99250.0,99338.0,99246.0,99324.0,183.0
2025-07-22 13:30:00,MCX:GOLD1!,99320.0,99331.0,99282.0,99314.0,99.0
2025-07-22 13:45:00,MCX:GOLD1!,99324.0,99425.0,99317.0,99400.0,231.0
2025-07-22 14:00:00,MCX:GOLD1!,99412.0,99412.0,99361.0,99365.0,108.0
2025-07-22 14:15:00,MCX:GOLD1!,99368.0,99390.0,99355.0,99379.0,29.0
2025-07-22 14:30:00,MCX:GOLD1!,99372.0,99383.0,99331.0,99360.0,47.0
2025-07-22 14:45:00,MCX:GOLD1!,99360.0,99360.0,99200.0,99229.0,257.0
2025-07-22 15:00:00,MCX:GOLD1!,99221.0,99250.0,99180.0,99250.0,67.0
2025-07-22 15:15:00,MCX:GOLD1!,99247.0,99277.0,99212.0,99217.0,73.0
2025-07-22 15:30:00,MCX:GOLD1!,99215.0,99215.0,99150.0,99178.0,115.0
2025-07-22 15:45:00,MCX:GOLD1!,99200.0,99253.0,99162.0,99221.0,53.0
2025-07-22 16:00:00,MCX:GOLD1!,99221.0,99244.0,99199.0,99227.0,32.0
2025-07-22 16:15:00,MCX:GOLD1!,99237.0,99255.0,99213.0,99225.0,26.0
2025-07-22 16:30:00,MCX:GOLD1!,99234.0,99322.0,99221.0,99322.0,35.0
2025-07-22 16:45:00,MCX:GOLD1!,99315.0,99340.0,99276.0,99296.0,47.0
2025-07-22 17:00:00,MCX:GOLD1!,99279.0,99350.0,99266.0,99344.0,88.0
2025-07-22 17:15:00,MCX:GOLD1!,99350.0,99389.0,99350.0,99385.0,54.0
2025-07-22 17:30:00,MCX:GOLD1!,99390.0,99525.0,99390.0,99525.0,262.0
2025-07-22 17:45:00,MCX:GOLD1!,99518.0,99656.0,99518.0,99650.0,365.0
2025-07-22 18:00:00,MCX:GOLD1!,99656.0,99766.0,99565.0,99704.0,355.0
2025-07-22 18:15:00,MCX:GOLD1!,99704.0,99800.0,99651.0,99798.0,369.0
2025-07-22 18:30:00,MCX:GOLD1!,99800.0,99990.0,99783.0,99898.0,491.0
2025-07-22 18:45:00,MCX:GOLD1!,99860.0,100027.0,99840.0,100022.0,403.0
2025-07-22 19:00:00,MCX:GOLD1!,100015.0,100086.0,99960.0,100046.0,358.0
2025-07-22 19:15:00,MCX:GOLD1!,100050.0,100135.0,99858.0,99888.0,493.0
2025-07-22 19:30:00,MCX:GOLD1!,99865.0,100025.0,99640.0,99988.0,882.0
2025-07-22 19:45:00,MCX:GOLD1!,99980.0,100220.0,99967.0,100201.0,325.0
2025-07-22 20:00:00,MCX:GOLD1!,100193.0,100350.0,100185.0,100260.0,281.0
2025-07-22 20:15:00,MCX:GOLD1!,100255.0,100280.0,100144.0,100263.0,150.0
2025-07-22 20:30:00,MCX:GOLD1!,100250.0,100410.0,100210.0,100318.0,194.0
2025-07-22 20:45:00,MCX:GOLD1!,100331.0,100331.0,100250.0,100250.0,96.0
2025-07-22 21:00:00,MCX:GOLD1!,100263.0,100270.0,100211.0,100213.0,48.0
2025-07-22 21:15:00,MCX:GOLD1!,100220.0,100288.0,100186.0,100288.0,87.0
2025-07-22 21:30:00,MCX:GOLD1!,100285.0,100387.0,100262.0,100375.0,145.0
2025-07-22 21:45:00,MCX:GOLD1!,100376.0,100384.0,100305.0,100305.0,119.0
2025-07-22 22:00:00,MCX:GOLD1!,100309.0,100352.0,100290.0,100320.0,112.0
2025-07-22 22:15:00,MCX:GOLD1!,100326.0,100376.0,100320.0,100365.0,172.0
2025-07-22 22:30:00,MCX:GOLD1!,100363.0,100378.0,100250.0,100260.0,125.0
2025-07-22 22:45:00,MCX:GOLD1!,100270.0,100323.0,100267.0,100305.0,77.0
2025-07-22 23:00:00,MCX:GOLD1!,100305.0,100354.0,100290.0,100340.0,99.0
2025-07-22 23:15:00,MCX:GOLD1!,100338.0,100359.0,100309.0,100357.0,284.0
2025-07-23 09:00:00,MCX:GOLD1!,100451.0,100453.0,100335.0,100390.0,120.0
2025-07-23 10:15:00,MCX:GOLD1!,100291.0,100291.0,100181.0,100250.0,163.0
2025-07-23 10:30:00,MCX:GOLD1!,100245.0,100245.0,100112.0,100112.0,121.0
2025-07-23 10:45:00,MCX:GOLD1!,100135.0,100200.0,100116.0,100200.0,100.0
2025-07-23 11:00:00,MCX:GOLD1!,100183.0,100190.0,100100.0,100110.0,56.0
2025-07-23 11:15:00,MCX:GOLD1!,100106.0,100140.0,100060.0,100140.0,287.0
2025-07-23 11:30:00,MCX:GOLD1!,100140.0,100294.0,100138.0,100294.0,349.0
2025-07-23 11:45:00,MCX:GOLD1!,100274.0,100320.0,100238.0,100282.0,209.0
2025-07-23 12:00:00,MCX:GOLD1!,100310.0,100320.0,100195.0,100304.0,133.0
2025-07-23 12:15:00,MCX:GOLD1!,100301.0,100328.0,100296.0,100325.0,103.0
2025-07-23 12:30:00,MCX:GOLD1!,100320.0,100455.0,100253.0,100440.0,232.0
2025-07-23 12:45:00,MCX:GOLD1!,100440.0,100518.0,100435.0,100446.0,202.0
2025-07-23 13:00:00,MCX:GOLD1!,100462.0,100465.0,100340.0,100357.0,137.0
2025-07-23 13:15:00,MCX:GOLD1!,100340.0,100345.0,100270.0,100319.0,206.0
2025-07-23 13:30:00,MCX:GOLD1!,100319.0,100400.0,100319.0,100400.0,201.0
2025-07-23 13:45:00,MCX:GOLD1!,100399.0,100463.0,100342.0,100357.0,333.0
2025-07-23 14:00:00,MCX:GOLD1!,100340.0,100421.0,100340.0,100417.0,215.0
2025-07-23 14:15:00,MCX:GOLD1!,100420.0,100464.0,100363.0,100446.0,151.0
2025-07-23 14:30:00,MCX:GOLD1!,100467.0,100481.0,100421.0,100469.0,43.0
2025-07-23 14:45:00,MCX:GOLD1!,100451.0,100555.0,100451.0,100520.0,171.0
2025-07-23 15:00:00,MCX:GOLD1!,100530.0,100550.0,100482.0,100524.0,59.0
2025-07-23 15:15:00,MCX:GOLD1!,100496.0,100544.0,100496.0,100528.0,61.0
2025-07-23 15:30:00,MCX:GOLD1!,100525.0,100544.0,100360.0,100400.0,174.0
2025-07-23 15:45:00,MCX:GOLD1!,100370.0,100377.0,100303.0,100317.0,132.0
2025-07-23 16:00:00,MCX:GOLD1!,100315.0,100369.0,100272.0,100326.0,223.0
2025-07-23 16:15:00,MCX:GOLD1!,100318.0,100363.0,100280.0,100344.0,129.0
2025-07-23 16:30:00,MCX:GOLD1!,100321.0,100338.0,100278.0,100305.0,181.0
2025-07-23 16:45:00,MCX:GOLD1!,100305.0,100414.0,100280.0,100414.0,132.0
2025-07-23 17:00:00,MCX:GOLD1!,100430.0,100468.0,100403.0,100447.0,58.0
2025-07-23 17:15:00,MCX:GOLD1!,100460.0,100500.0,100456.0,100473.0,117.0
2025-07-23 17:30:00,MCX:GOLD1!,100490.0,100507.0,100415.0,100430.0,82.0
2025-07-23 17:45:00,MCX:GOLD1!,100425.0,100465.0,100365.0,100400.0,101.0
2025-07-23 18:00:00,MCX:GOLD1!,100393.0,100425.0,100326.0,100380.0,91.0
2025-07-23 18:15:00,MCX:GOLD1!,100392.0,100433.0,100217.0,100230.0,300.0
2025-07-23 18:30:00,MCX:GOLD1!,100171.0,100205.0,100001.0,100114.0,583.0
2025-07-23 18:45:00,MCX:GOLD1!,100137.0,100164.0,99870.0,99895.0,485.0
2025-07-23 19:00:00,MCX:GOLD1!,99920.0,100004.0,99802.0,100004.0,386.0
2025-07-23 19:15:00,MCX:GOLD1!,100004.0,100068.0,99976.0,100047.0,183.0
2025-07-23 19:30:00,MCX:GOLD1!,100032.0,100223.0,100017.0,100124.0,324.0
2025-07-23 19:45:00,MCX:GOLD1!,100110.0,100110.0,99944.0,99961.0,171.0
2025-07-23 20:00:00,MCX:GOLD1!,99960.0,100124.0,99940.0,100015.0,114.0
2025-07-23 20:15:00,MCX:GOLD1!,100031.0,100050.0,99941.0,99996.0,65.0
2025-07-23 20:30:00,MCX:GOLD1!,99975.0,100055.0,99930.0,100039.0,64.0
2025-07-23 20:45:00,MCX:GOLD1!,100039.0,100061.0,99954.0,99986.0,94.0
2025-07-23 21:00:00,MCX:GOLD1!,99999.0,99999.0,99925.0,99925.0,85.0
2025-07-23 21:15:00,MCX:GOLD1!,99925.0,99938.0,99610.0,99615.0,473.0
2025-07-23 21:30:00,MCX:GOLD1!,99625.0,99625.0,99300.0,99357.0,1197.0
2025-07-23 21:45:00,MCX:GOLD1!,99361.0,99435.0,99240.0,99291.0,488.0
2025-07-23 22:00:00,MCX:GOLD1!,99280.0,99438.0,99230.0,99426.0,270.0
2025-07-23 22:15:00,MCX:GOLD1!,99426.0,99434.0,99325.0,99325.0,97.0
2025-07-23 22:30:00,MCX:GOLD1!,99358.0,99385.0,99305.0,99385.0,94.0
2025-07-23 22:45:00,MCX:GOLD1!,99414.0,99423.0,99340.0,99414.0,133.0
2025-07-23 23:00:00,MCX:GOLD1!,99400.0,99414.0,99342.0,99355.0,94.0
2025-07-23 23:15:00,MCX:GOLD1!,99347.0,99490.0,99345.0,99489.0,284.0
2025-07-24 09:00:00,MCX:GOLD1!,99118.0,99118.0,98968.0,99038.0,526.0
2025-07-24 09:15:00,MCX:GOLD1!,99038.0,99070.0,99005.0,99005.0,218.0
2025-07-24 09:30:00,MCX:GOLD1!,99017.0,99036.0,98995.0,99000.0,97.0
2025-07-24 09:45:00,MCX:GOLD1!,99001.0,99038.0,98995.0,99010.0,103.0
2025-07-24 10:00:00,MCX:GOLD1!,99025.0,99068.0,99002.0,99060.0,105.0
2025-07-24 10:15:00,MCX:GOLD1!,99051.0,99065.0,98991.0,99016.0,161.0
2025-07-24 10:30:00,MCX:GOLD1!,99013.0,99013.0,98927.0,98950.0,110.0
2025-07-24 10:45:00,MCX:GOLD1!,98940.0,98970.0,98910.0,98930.0,66.0
2025-07-24 11:00:00,MCX:GOLD1!,98939.0,98957.0,98806.0,98853.0,255.0
2025-07-24 11:15:00,MCX:GOLD1!,98854.0,98935.0,98802.0,98902.0,133.0
2025-07-24 11:30:00,MCX:GOLD1!,98924.0,98924.0,98850.0,98875.0,62.0
2025-07-24 11:45:00,MCX:GOLD1!,98852.0,98934.0,98815.0,98815.0,67.0
2025-07-24 12:00:00,MCX:GOLD1!,98800.0,98893.0,98769.0,98874.0,170.0
2025-07-24 12:15:00,MCX:GOLD1!,98885.0,98885.0,98810.0,98870.0,115.0
2025-07-24 12:30:00,MCX:GOLD1!,98887.0,98950.0,98855.0,98949.0,181.0
2025-07-24 12:45:00,MCX:GOLD1!,98950.0,98955.0,98887.0,98915.0,118.0
2025-07-24 13:00:00,MCX:GOLD1!,98905.0,98947.0,98896.0,98944.0,91.0
2025-07-24 13:15:00,MCX:GOLD1!,98925.0,98926.0,98700.0,98716.0,266.0
2025-07-24 13:30:00,MCX:GOLD1!,98716.0,98767.0,98678.0,98749.0,191.0
2025-07-24 13:45:00,MCX:GOLD1!,98747.0,98800.0,98725.0,98793.0,123.0
2025-07-24 14:00:00,MCX:GOLD1!,98790.0,98823.0,98775.0,98790.0,54.0
2025-07-24 14:15:00,MCX:GOLD1!,98810.0,98810.0,98715.0,98730.0,114.0
2025-07-24 14:30:00,MCX:GOLD1!,98745.0,98745.0,98652.0,98660.0,117.0
2025-07-24 14:45:00,MCX:GOLD1!,98650.0,98669.0,98563.0,98563.0,186.0
2025-07-24 15:00:00,MCX:GOLD1!,98563.0,98631.0,98560.0,98591.0,151.0
2025-07-24 15:15:00,MCX:GOLD1!,98585.0,98625.0,98568.0,98620.0,110.0
2025-07-24 15:30:00,MCX:GOLD1!,98620.0,98635.0,98580.0,98602.0,163.0
2025-07-24 15:45:00,MCX:GOLD1!,98610.0,98650.0,98590.0,98631.0,160.0
2025-07-24 16:00:00,MCX:GOLD1!,98631.0,98650.0,98570.0,98650.0,95.0
2025-07-24 16:15:00,MCX:GOLD1!,98668.0,98743.0,98595.0,98650.0,205.0
2025-07-24 16:30:00,MCX:GOLD1!,98650.0,98697.0,98641.0,98670.0,27.0
2025-07-24 16:45:00,MCX:GOLD1!,98663.0,98678.0,98590.0,98598.0,68.0
2025-07-24 17:00:00,MCX:GOLD1!,98598.0,98635.0,98529.0,98565.0,129.0
2025-07-24 17:15:00,MCX:GOLD1!,98565.0,98614.0,98554.0,98563.0,36.0
2025-07-24 17:30:00,MCX:GOLD1!,98570.0,98591.0,98500.0,98565.0,242.0
2025-07-24 17:45:00,MCX:GOLD1!,98556.0,98585.0,98530.0,98542.0,113.0
2025-07-24 18:00:00,MCX:GOLD1!,98542.0,98627.0,98468.0,98531.0,271.0
2025-07-24 18:15:00,MCX:GOLD1!,98544.0,98544.0,98325.0,98328.0,424.0
2025-07-24 18:30:00,MCX:GOLD1!,98315.0,98470.0,98283.0,98398.0,331.0
2025-07-24 18:45:00,MCX:GOLD1!,98420.0,98466.0,98369.0,98440.0,92.0
2025-07-24 19:00:00,MCX:GOLD1!,98454.0,98692.0,98410.0,98662.0,428.0
2025-07-24 19:15:00,MCX:GOLD1!,98669.0,98805.0,98625.0,98680.0,341.0
2025-07-24 19:30:00,MCX:GOLD1!,98700.0,98790.0,98653.0,98770.0,170.0
2025-07-24 19:45:00,MCX:GOLD1!,98770.0,98920.0,98754.0,98845.0,216.0
2025-07-24 20:00:00,MCX:GOLD1!,98860.0,98974.0,98860.0,98914.0,130.0
2025-07-24 20:15:00,MCX:GOLD1!,98910.0,98910.0,98810.0,98850.0,150.0
2025-07-24 20:30:00,MCX:GOLD1!,98819.0,98875.0,98758.0,98786.0,90.0
2025-07-24 20:45:00,MCX:GOLD1!,98780.0,98850.0,98720.0,98850.0,85.0
2025-07-24 21:00:00,MCX:GOLD1!,98840.0,98850.0,98792.0,98792.0,29.0
2025-07-24 21:15:00,MCX:GOLD1!,98800.0,98813.0,98764.0,98781.0,35.0
2025-07-24 21:30:00,MCX:GOLD1!,98773.0,98805.0,98750.0,98760.0,33.0
2025-07-24 21:45:00,MCX:GOLD1!,98770.0,98796.0,98705.0,98705.0,82.0
2025-07-24 22:00:00,MCX:GOLD1!,98701.0,98760.0,98600.0,98681.0,199.0
2025-07-24 22:15:00,MCX:GOLD1!,98681.0,98682.0,98638.0,98650.0,52.0
2025-07-24 22:30:00,MCX:GOLD1!,98650.0,98692.0,98620.0,98671.0,40.0
2025-07-24 22:45:00,MCX:GOLD1!,98695.0,98730.0,98642.0,98730.0,53.0
2025-07-24 23:00:00,MCX:GOLD1!,98750.0,98760.0,98712.0,98735.0,57.0
2025-07-24 23:15:00,MCX:GOLD1!,98722.0,98749.0,98680.0,98749.0,122.0
2025-07-25 09:00:00,MCX:GOLD1!,98582.0,98627.0,98521.0,98549.0,175.0
2025-07-25 09:15:00,MCX:GOLD1!,98546.0,98585.0,98482.0,98482.0,77.0
2025-07-25 09:30:00,MCX:GOLD1!,98497.0,98582.0,98487.0,98560.0,90.0
2025-07-25 09:45:00,MCX:GOLD1!,98560.0,98590.0,98540.0,98555.0,44.0
2025-07-25 10:00:00,MCX:GOLD1!,98533.0,98590.0,98496.0,98496.0,101.0
2025-07-25 10:15:00,MCX:GOLD1!,98509.0,98573.0,98509.0,98559.0,37.0
2025-07-25 10:30:00,MCX:GOLD1!,98556.0,98583.0,98556.0,98580.0,41.0
2025-07-25 10:45:00,MCX:GOLD1!,98571.0,98595.0,98523.0,98523.0,37.0
2025-07-25 11:00:00,MCX:GOLD1!,98525.0,98539.0,98444.0,98446.0,130.0
2025-07-25 11:15:00,MCX:GOLD1!,98442.0,98475.0,98401.0,98465.0,174.0
2025-07-25 11:30:00,MCX:GOLD1!,98469.0,98526.0,98440.0,98471.0,121.0
2025-07-25 11:45:00,MCX:GOLD1!,98496.0,98511.0,98440.0,98464.0,43.0
2025-07-25 12:00:00,MCX:GOLD1!,98435.0,98500.0,98420.0,98498.0,58.0
2025-07-25 12:15:00,MCX:GOLD1!,98498.0,98520.0,98455.0,98520.0,44.0
2025-07-25 12:30:00,MCX:GOLD1!,98522.0,98522.0,98467.0,98467.0,72.0
2025-07-25 12:45:00,MCX:GOLD1!,98480.0,98601.0,98480.0,98583.0,64.0
2025-07-25 13:00:00,MCX:GOLD1!,98560.0,98588.0,98432.0,98435.0,88.0
2025-07-25 13:15:00,MCX:GOLD1!,98455.0,98479.0,98431.0,98442.0,51.0
2025-07-25 13:30:00,MCX:GOLD1!,98455.0,98470.0,98441.0,98462.0,64.0
2025-07-25 13:45:00,MCX:GOLD1!,98470.0,98470.0,98270.0,98270.0,203.0
2025-07-25 14:00:00,MCX:GOLD1!,98251.0,98357.0,98179.0,98309.0,784.0
2025-07-25 14:15:00,MCX:GOLD1!,98290.0,98312.0,98211.0,98225.0,120.0
2025-07-25 14:30:00,MCX:GOLD1!,98225.0,98281.0,98205.0,98220.0,143.0
2025-07-25 14:45:00,MCX:GOLD1!,98236.0,98337.0,98236.0,98273.0,107.0
2025-07-25 15:00:00,MCX:GOLD1!,98270.0,98307.0,98257.0,98279.0,106.0
2025-07-25 15:15:00,MCX:GOLD1!,98280.0,98281.0,98223.0,98223.0,123.0
2025-07-25 15:30:00,MCX:GOLD1!,98234.0,98274.0,98186.0,98220.0,183.0
2025-07-25 15:45:00,MCX:GOLD1!,98219.0,98236.0,98153.0,98174.0,134.0
2025-07-25 16:00:00,MCX:GOLD1!,98160.0,98200.0,98126.0,98160.0,199.0
2025-07-25 16:15:00,MCX:GOLD1!,98160.0,98170.0,98102.0,98119.0,99.0
2025-07-25 16:30:00,MCX:GOLD1!,98126.0,98174.0,98111.0,98136.0,120.0
2025-07-25 16:45:00,MCX:GOLD1!,98110.0,98156.0,98070.0,98070.0,85.0
2025-07-25 17:00:00,MCX:GOLD1!,98071.0,98095.0,98032.0,98080.0,214.0
2025-07-25 17:15:00,MCX:GOLD1!,98080.0,98194.0,98080.0,98096.0,196.0
2025-07-25 17:30:00,MCX:GOLD1!,98091.0,98147.0,98066.0,98080.0,193.0
2025-07-25 17:45:00,MCX:GOLD1!,98084.0,98129.0,98060.0,98083.0,139.0
2025-07-25 18:00:00,MCX:GOLD1!,98075.0,98086.0,97936.0,98012.0,366.0
2025-07-25 18:15:00,MCX:GOLD1!,98011.0,98044.0,97960.0,98030.0,192.0
2025-07-25 18:30:00,MCX:GOLD1!,98030.0,98058.0,97968.0,98000.0,112.0
2025-07-25 18:45:00,MCX:GOLD1!,98025.0,98063.0,97955.0,98062.0,168.0
2025-07-25 19:00:00,MCX:GOLD1!,98073.0,98236.0,98070.0,98070.0,275.0
2025-07-25 19:15:00,MCX:GOLD1!,98085.0,98185.0,98085.0,98158.0,88.0
2025-07-25 19:30:00,MCX:GOLD1!,98156.0,98177.0,98045.0,98045.0,202.0
2025-07-25 19:45:00,MCX:GOLD1!,98039.0,98039.0,97905.0,97990.0,542.0
2025-07-25 20:00:00,MCX:GOLD1!,97997.0,97997.0,97893.0,97953.0,257.0
2025-07-25 20:15:00,MCX:GOLD1!,97950.0,97959.0,97881.0,97921.0,247.0
2025-07-25 20:30:00,MCX:GOLD1!,97918.0,97918.0,97840.0,97868.0,262.0
2025-07-25 20:45:00,MCX:GOLD1!,97869.0,97881.0,97827.0,97838.0,127.0
2025-07-25 21:00:00,MCX:GOLD1!,97844.0,97850.0,97747.0,97784.0,219.0
2025-07-25 21:15:00,MCX:GOLD1!,97767.0,97816.0,97762.0,97762.0,157.0
2025-07-25 21:30:00,MCX:GOLD1!,97761.0,97810.0,97751.0,97800.0,106.0
2025-07-25 21:45:00,MCX:GOLD1!,97800.0,97884.0,97800.0,97812.0,128.0
2025-07-25 22:00:00,MCX:GOLD1!,97812.0,97812.0,97744.0,97788.0,255.0
2025-07-25 22:15:00,MCX:GOLD1!,97805.0,97820.0,97764.0,97781.0,105.0
2025-07-25 22:30:00,MCX:GOLD1!,97769.0,97810.0,97767.0,97797.0,119.0
2025-07-25 22:45:00,MCX:GOLD1!,97800.0,97812.0,97785.0,97799.0,181.0
2025-07-25 23:00:00,MCX:GOLD1!,97806.0,97816.0,97792.0,97805.0,141.0
2025-07-25 23:15:00,MCX:GOLD1!,97807.0,97850.0,97801.0,97806.0,362.0
2025-07-28 09:00:00,MCX:GOLD1!,97852.0,97922.0,97839.0,97890.0,119.0
2025-07-28 09:15:00,MCX:GOLD1!,97895.0,97960.0,97895.0,97940.0,76.0
2025-07-28 09:30:00,MCX:GOLD1!,97970.0,98000.0,97946.0,97994.0,67.0
2025-07-28 09:45:00,MCX:GOLD1!,97995.0,98057.0,97940.0,97945.0,98.0
2025-07-28 10:00:00,MCX:GOLD1!,97980.0,97993.0,97941.0,97993.0,151.0
2025-07-28 10:15:00,MCX:GOLD1!,98000.0,98039.0,98000.0,98005.0,36.0
2025-07-28 10:30:00,MCX:GOLD1!,98001.0,98035.0,98000.0,98003.0,66.0
2025-07-28 10:45:00,MCX:GOLD1!,98010.0,98010.0,97933.0,97967.0,70.0
2025-07-28 11:00:00,MCX:GOLD1!,97989.0,98030.0,97961.0,98015.0,95.0
2025-07-28 11:15:00,MCX:GOLD1!,98023.0,98100.0,98000.0,98088.0,88.0
2025-07-28 11:30:00,MCX:GOLD1!,98090.0,98120.0,98022.0,98052.0,48.0
2025-07-28 11:45:00,MCX:GOLD1!,98032.0,98043.0,98000.0,98001.0,61.0
2025-07-28 12:00:00,MCX:GOLD1!,98006.0,98006.0,97918.0,98003.0,107.0
2025-07-28 12:15:00,MCX:GOLD1!,97977.0,98015.0,97973.0,98015.0,18.0
2025-07-28 12:30:00,MCX:GOLD1!,98014.0,98038.0,97992.0,98030.0,27.0
2025-07-28 12:45:00,MCX:GOLD1!,98035.0,98040.0,97995.0,98040.0,38.0
2025-07-28 13:00:00,MCX:GOLD1!,98025.0,98036.0,97940.0,97984.0,129.0
2025-07-28 13:15:00,MCX:GOLD1!,97976.0,97992.0,97863.0,97900.0,100.0
2025-07-28 13:30:00,MCX:GOLD1!,97924.0,97999.0,97920.0,97948.0,82.0
2025-07-28 13:45:00,MCX:GOLD1!,97965.0,97985.0,97941.0,97942.0,19.0
2025-07-28 14:00:00,MCX:GOLD1!,97925.0,97935.0,97840.0,97851.0,93.0
2025-07-28 14:15:00,MCX:GOLD1!,97875.0,97962.0,97850.0,97962.0,112.0
2025-07-28 14:30:00,MCX:GOLD1!,97980.0,98055.0,97960.0,98020.0,123.0
2025-07-28 14:45:00,MCX:GOLD1!,98025.0,98093.0,98025.0,98056.0,37.0
2025-07-28 15:00:00,MCX:GOLD1!,98039.0,98070.0,98010.0,98070.0,21.0
2025-07-28 15:15:00,MCX:GOLD1!,98070.0,98120.0,98050.0,98117.0,127.0
2025-07-28 15:30:00,MCX:GOLD1!,98115.0,98115.0,98070.0,98090.0,83.0
2025-07-28 15:45:00,MCX:GOLD1!,98093.0,98093.0,98030.0,98070.0,50.0
2025-07-28 16:00:00,MCX:GOLD1!,98070.0,98080.0,98030.0,98080.0,44.0
2025-07-28 16:15:00,MCX:GOLD1!,98047.0,98068.0,98029.0,98029.0,27.0
2025-07-28 16:30:00,MCX:GOLD1!,98031.0,98082.0,98031.0,98062.0,39.0
2025-07-28 16:45:00,MCX:GOLD1!,98062.0,98062.0,98033.0,98055.0,74.0
2025-07-28 17:00:00,MCX:GOLD1!,98048.0,98060.0,98048.0,98050.0,18.0
2025-07-28 17:15:00,MCX:GOLD1!,98047.0,98089.0,98043.0,98066.0,83.0
2025-07-28 17:30:00,MCX:GOLD1!,98050.0,98071.0,98027.0,98027.0,25.0
2025-07-28 17:45:00,MCX:GOLD1!,98020.0,98024.0,97900.0,97925.0,150.0
2025-07-28 18:00:00,MCX:GOLD1!,97925.0,97925.0,97832.0,97890.0,138.0
2025-07-28 18:15:00,MCX:GOLD1!,97860.0,97935.0,97845.0,97911.0,105.0
2025-07-28 18:30:00,MCX:GOLD1!,97912.0,97940.0,97881.0,97921.0,72.0
2025-07-28 18:45:00,MCX:GOLD1!,97910.0,97939.0,97885.0,97895.0,38.0
2025-07-28 19:00:00,MCX:GOLD1!,97900.0,97900.0,97768.0,97775.0,241.0
2025-07-28 19:15:00,MCX:GOLD1!,97769.0,97782.0,97280.0,97290.0,792.0
2025-07-28 19:30:00,MCX:GOLD1!,97280.0,97438.0,97280.0,97417.0,314.0
2025-07-28 19:45:00,MCX:GOLD1!,97420.0,97589.0,97373.0,97491.0,163.0
2025-07-28 20:00:00,MCX:GOLD1!,97524.0,97550.0,97411.0,97505.0,60.0
2025-07-28 20:15:00,MCX:GOLD1!,97522.0,97563.0,97370.0,97391.0,137.0
2025-07-28 20:30:00,MCX:GOLD1!,97411.0,97501.0,97362.0,97443.0,135.0
2025-07-28 20:45:00,MCX:GOLD1!,97463.0,97541.0,97433.0,97511.0,69.0
2025-07-28 21:00:00,MCX:GOLD1!,97520.0,97623.0,97520.0,97596.0,91.0
2025-07-28 21:15:00,MCX:GOLD1!,97590.0,97620.0,97581.0,97595.0,25.0
2025-07-28 21:30:00,MCX:GOLD1!,97580.0,97601.0,97521.0,97545.0,45.0
2025-07-28 21:45:00,MCX:GOLD1!,97539.0,97583.0,97538.0,97567.0,13.0
2025-07-28 22:00:00,MCX:GOLD1!,97577.0,97587.0,97536.0,97573.0,62.0
2025-07-28 22:15:00,MCX:GOLD1!,97547.0,97555.0,97505.0,97535.0,280.0
2025-07-28 22:30:00,MCX:GOLD1!,97544.0,97545.0,97452.0,97531.0,276.0
2025-07-28 22:45:00,MCX:GOLD1!,97527.0,97599.0,97510.0,97510.0,60.0
2025-07-28 23:00:00,MCX:GOLD1!,97546.0,97557.0,97480.0,97527.0,113.0
2025-07-28 23:15:00,MCX:GOLD1!,97509.0,97624.0,97509.0,97541.0,84.0
2025-07-29 09:00:00,MCX:GOLD1!,97627.0,97745.0,97580.0,97628.0,69.0
2025-07-29 09:15:00,MCX:GOLD1!,97635.0,97699.0,97625.0,97633.0,52.0
2025-07-29 09:30:00,MCX:GOLD1!,97635.0,97652.0,97611.0,97640.0,36.0
2025-07-29 09:45:00,MCX:GOLD1!,97645.0,97670.0,97600.0,97625.0,38.0
2025-07-29 10:00:00,MCX:GOLD1!,97619.0,97727.0,97619.0,97717.0,69.0
2025-07-29 10:15:00,MCX:GOLD1!,97725.0,97786.0,97720.0,97769.0,144.0
2025-07-29 10:30:00,MCX:GOLD1!,97765.0,97797.0,97741.0,97752.0,146.0
2025-07-29 10:45:00,MCX:GOLD1!,97777.0,97898.0,97755.0,97873.0,172.0
2025-07-29 11:00:00,MCX:GOLD1!,97870.0,97949.0,97836.0,97889.0,165.0
2025-07-29 11:15:00,MCX:GOLD1!,97887.0,97930.0,97860.0,97930.0,93.0
2025-07-29 11:30:00,MCX:GOLD1!,97930.0,97930.0,97809.0,97822.0,166.0
2025-07-29 11:45:00,MCX:GOLD1!,97855.0,97875.0,97816.0,97870.0,110.0
2025-07-29 12:00:00,MCX:GOLD1!,97850.0,97890.0,97785.0,97839.0,107.0
2025-07-29 12:15:00,MCX:GOLD1!,97826.0,97871.0,97750.0,97750.0,192.0
2025-07-29 12:30:00,MCX:GOLD1!,97741.0,97765.0,97708.0,97752.0,137.0
2025-07-29 12:45:00,MCX:GOLD1!,97721.0,97760.0,97705.0,97715.0,141.0
2025-07-29 13:00:00,MCX:GOLD1!,97705.0,97825.0,97680.0,97818.0,189.0
2025-07-29 13:15:00,MCX:GOLD1!,97786.0,97820.0,97767.0,97800.0,49.0
2025-07-29 13:30:00,MCX:GOLD1!,97794.0,97975.0,97794.0,97975.0,217.0
2025-07-29 13:45:00,MCX:GOLD1!,97983.0,98045.0,97974.0,98038.0,113.0
2025-07-29 14:00:00,MCX:GOLD1!,98038.0,98050.0,97990.0,98050.0,72.0
2025-07-29 14:15:00,MCX:GOLD1!,98050.0,98070.0,97980.0,97997.0,124.0
2025-07-29 14:30:00,MCX:GOLD1!,98001.0,98001.0,97905.0,97950.0,156.0
2025-07-29 14:45:00,MCX:GOLD1!,97950.0,98000.0,97872.0,98000.0,81.0
2025-07-29 15:00:00,MCX:GOLD1!,97998.0,98024.0,97954.0,97965.0,83.0
2025-07-29 15:15:00,MCX:GOLD1!,97954.0,97980.0,97920.0,97930.0,127.0
2025-07-29 15:30:00,MCX:GOLD1!,97925.0,97942.0,97890.0,97901.0,101.0
2025-07-29 15:45:00,MCX:GOLD1!,97913.0,97925.0,97895.0,97915.0,20.0
2025-07-29 16:00:00,MCX:GOLD1!,97915.0,97940.0,97894.0,97925.0,36.0
2025-07-29 16:15:00,MCX:GOLD1!,97925.0,97925.0,97830.0,97830.0,51.0
2025-07-29 16:30:00,MCX:GOLD1!,97830.0,97830.0,97737.0,97795.0,78.0
2025-07-29 16:45:00,MCX:GOLD1!,97800.0,97870.0,97785.0,97856.0,45.0
2025-07-29 17:00:00,MCX:GOLD1!,97872.0,97872.0,97770.0,97810.0,75.0
2025-07-29 17:15:00,MCX:GOLD1!,97828.0,97833.0,97750.0,97750.0,60.0
2025-07-29 17:30:00,MCX:GOLD1!,97729.0,97830.0,97729.0,97830.0,39.0
2025-07-29 17:45:00,MCX:GOLD1!,97813.0,97860.0,97790.0,97857.0,76.0
2025-07-29 18:00:00,MCX:GOLD1!,97866.0,97866.0,97750.0,97816.0,78.0
2025-07-29 18:15:00,MCX:GOLD1!,97818.0,97900.0,97815.0,97895.0,75.0
2025-07-29 18:30:00,MCX:GOLD1!,97883.0,97919.0,97815.0,97885.0,127.0
2025-07-29 18:45:00,MCX:GOLD1!,97900.0,98050.0,97900.0,97953.0,161.0
2025-07-29 19:00:00,MCX:GOLD1!,97955.0,98027.0,97790.0,98025.0,251.0
2025-07-29 19:15:00,MCX:GOLD1!,97953.0,97953.0,97883.0,97904.0,33.0
2025-07-29 19:30:00,MCX:GOLD1!,97911.0,97979.0,97800.0,97979.0,61.0
2025-07-29 19:45:00,MCX:GOLD1!,97960.0,98070.0,97938.0,98070.0,61.0
2025-07-29 20:00:00,MCX:GOLD1!,98059.0,98175.0,98009.0,98132.0,188.0
2025-07-29 20:15:00,MCX:GOLD1!,98132.0,98210.0,98132.0,98210.0,89.0
2025-07-29 20:30:00,MCX:GOLD1!,98220.0,98412.0,98170.0,98324.0,351.0
2025-07-29 20:45:00,MCX:GOLD1!,98311.0,98370.0,98211.0,98239.0,91.0
2025-07-29 21:00:00,MCX:GOLD1!,98243.0,98298.0,98166.0,98166.0,146.0
2025-07-29 21:15:00,MCX:GOLD1!,98153.0,98192.0,98046.0,98096.0,62.0
2025-07-29 21:30:00,MCX:GOLD1!,98083.0,98115.0,98048.0,98115.0,76.0
2025-07-29 21:45:00,MCX:GOLD1!,98124.0,98159.0,98080.0,98136.0,52.0
2025-07-29 22:00:00,MCX:GOLD1!,98124.0,98130.0,98095.0,98115.0,28.0
2025-07-29 22:15:00,MCX:GOLD1!,98115.0,98133.0,98068.0,98110.0,33.0
2025-07-29 22:30:00,MCX:GOLD1!,98100.0,98173.0,98100.0,98150.0,60.0
2025-07-29 22:45:00,MCX:GOLD1!,98140.0,98290.0,98131.0,98244.0,136.0
2025-07-29 23:00:00,MCX:GOLD1!,98244.0,98298.0,98142.0,98298.0,159.0
2025-07-29 23:15:00,MCX:GOLD1!,98282.0,98339.0,98265.0,98265.0,59.0
2025-07-30 09:00:00,MCX:GOLD1!,98501.0,98620.0,98257.0,98270.0,103.0
2025-07-30 09:15:00,MCX:GOLD1!,98270.0,98364.0,98270.0,98312.0,62.0
2025-07-30 09:30:00,MCX:GOLD1!,98301.0,98349.0,98250.0,98284.0,57.0
2025-07-30 09:45:00,MCX:GOLD1!,98276.0,98445.0,98275.0,98410.0,80.0
2025-07-30 10:00:00,MCX:GOLD1!,98430.0,98450.0,98391.0,98391.0,64.0
2025-07-30 10:15:00,MCX:GOLD1!,98400.0,98409.0,98350.0,98380.0,40.0
2025-07-30 10:30:00,MCX:GOLD1!,98360.0,98375.0,98336.0,98355.0,10.0
2025-07-30 10:45:00,MCX:GOLD1!,98380.0,98445.0,98380.0,98435.0,11.0
2025-07-30 11:00:00,MCX:GOLD1!,98432.0,98432.0,98395.0,98395.0,19.0
2025-07-30 11:15:00,MCX:GOLD1!,98395.0,98395.0,98339.0,98385.0,34.0
2025-07-30 11:30:00,MCX:GOLD1!,98375.0,98429.0,98365.0,98365.0,30.0
2025-07-30 11:45:00,MCX:GOLD1!,98384.0,98389.0,98328.0,98369.0,26.0
2025-07-30 12:00:00,MCX:GOLD1!,98379.0,98408.0,98337.0,98408.0,20.0
2025-07-30 12:15:00,MCX:GOLD1!,98411.0,98449.0,98376.0,98440.0,14.0
2025-07-30 12:30:00,MCX:GOLD1!,98390.0,98635.0,98390.0,98584.0,43.0
2025-07-30 12:45:00,MCX:GOLD1!,98600.0,98635.0,98500.0,98500.0,23.0
2025-07-30 13:00:00,MCX:GOLD1!,98524.0,98575.0,98507.0,98575.0,9.0
2025-07-30 13:15:00,MCX:GOLD1!,98595.0,98600.0,98556.0,98556.0,18.0
2025-07-30 13:30:00,MCX:GOLD1!,98570.0,98649.0,98570.0,98630.0,15.0
2025-07-30 13:45:00,MCX:GOLD1!,98650.0,98701.0,98640.0,98683.0,18.0
2025-07-30 14:00:00,MCX:GOLD1!,98665.0,98665.0,98630.0,98630.0,8.0
2025-07-30 14:15:00,MCX:GOLD1!,98620.0,98675.0,98603.0,98655.0,22.0
2025-07-30 14:30:00,MCX:GOLD1!,98679.0,98750.0,98653.0,98721.0,35.0
2025-07-30 14:45:00,MCX:GOLD1!,98735.0,98775.0,98720.0,98770.0,38.0
2025-07-30 15:00:00,MCX:GOLD1!,98760.0,98760.0,98680.0,98728.0,41.0
2025-07-30 15:15:00,MCX:GOLD1!,98710.0,98780.0,98710.0,98725.0,30.0
2025-07-30 15:30:00,MCX:GOLD1!,98686.0,98700.0,98586.0,98635.0,44.0
2025-07-30 15:45:00,MCX:GOLD1!,98689.0,98689.0,98630.0,98640.0,7.0
2025-07-30 16:00:00,MCX:GOLD1!,98650.0,98660.0,98632.0,98640.0,43.0
2025-07-30 16:15:00,MCX:GOLD1!,98655.0,98665.0,98631.0,98631.0,12.0
2025-07-30 16:30:00,MCX:GOLD1!,98625.0,98630.0,98525.0,98525.0,35.0
2025-07-30 16:45:00,MCX:GOLD1!,98551.0,98649.0,98551.0,98649.0,14.0
2025-07-30 17:00:00,MCX:GOLD1!,98616.0,98619.0,98595.0,98595.0,18.0
2025-07-30 17:15:00,MCX:GOLD1!,98565.0,98698.0,98502.0,98684.0,66.0
2025-07-30 17:30:00,MCX:GOLD1!,98650.0,98850.0,98642.0,98850.0,36.0
2025-07-30 17:45:00,MCX:GOLD1!,98865.0,98900.0,98800.0,98900.0,30.0
2025-07-30 18:00:00,MCX:GOLD1!,98890.0,98900.0,98765.0,98825.0,22.0
2025-07-30 18:15:00,MCX:GOLD1!,98773.0,98800.0,98520.0,98590.0,45.0
2025-07-30 18:30:00,MCX:GOLD1!,98590.0,98628.0,98510.0,98510.0,51.0
2025-07-30 18:45:00,MCX:GOLD1!,98500.0,98500.0,98430.0,98430.0,49.0
2025-07-30 19:00:00,MCX:GOLD1!,98420.0,98450.0,98350.0,98350.0,41.0
2025-07-30 19:15:00,MCX:GOLD1!,98420.0,98420.0,98300.0,98320.0,33.0
2025-07-30 19:30:00,MCX:GOLD1!,98329.0,98450.0,98329.0,98450.0,21.0
2025-07-30 19:45:00,MCX:GOLD1!,98450.0,98455.0,98302.0,98302.0,40.0
2025-07-30 20:00:00,MCX:GOLD1!,98310.0,98372.0,98300.0,98337.0,21.0
2025-07-30 20:15:00,MCX:GOLD1!,98350.0,98350.0,98285.0,98300.0,15.0
2025-07-30 20:30:00,MCX:GOLD1!,98291.0,98300.0,98257.0,98257.0,11.0
2025-07-30 20:45:00,MCX:GOLD1!,98230.0,98230.0,97990.0,98021.0,32.0
2025-07-30 21:00:00,MCX:GOLD1!,98050.0,98050.0,97911.0,98025.0,38.0
2025-07-30 21:15:00,MCX:GOLD1!,98025.0,98051.0,97899.0,98000.0,16.0
2025-07-30 21:30:00,MCX:GOLD1!,98049.0,98137.0,97934.0,98137.0,28.0
2025-07-30 21:45:00,MCX:GOLD1!,98096.0,98107.0,98077.0,98077.0,7.0
2025-07-30 22:00:00,MCX:GOLD1!,98080.0,98107.0,97984.0,98106.0,13.0
2025-07-30 22:15:00,MCX:GOLD1!,98107.0,98107.0,98006.0,98050.0,34.0
2025-07-30 22:30:00,MCX:GOLD1!,98026.0,98030.0,98026.0,98030.0,4.0
2025-07-30 22:45:00,MCX:GOLD1!,98080.0,98148.0,98074.0,98148.0,15.0
2025-07-30 23:00:00,MCX:GOLD1!,98140.0,98140.0,98050.0,98050.0,11.0
2025-07-30 23:15:00,MCX:GOLD1!,98100.0,98196.0,98025.0,98196.0,26.0
2025-07-31 09:00:00,MCX:GOLD1!,98944.0,98944.0,98758.0,98783.0,205.0
2025-07-31 09:15:00,MCX:GOLD1!,98783.0,98833.0,98731.0,98731.0,168.0
2025-07-31 09:30:00,MCX:GOLD1!,98740.0,98751.0,98668.0,98691.0,129.0
2025-07-31 09:45:00,MCX:GOLD1!,98717.0,98780.0,98717.0,98740.0,118.0
2025-07-31 10:00:00,MCX:GOLD1!,98779.0,98846.0,98777.0,98810.0,99.0
2025-07-31 10:15:00,MCX:GOLD1!,98810.0,98844.0,98774.0,98778.0,81.0
2025-07-31 10:30:00,MCX:GOLD1!,98798.0,98850.0,98764.0,98764.0,68.0
2025-07-31 10:45:00,MCX:GOLD1!,98764.0,98764.0,98703.0,98707.0,54.0
2025-07-31 11:00:00,MCX:GOLD1!,98710.0,98724.0,98681.0,98715.0,65.0
2025-07-31 11:15:00,MCX:GOLD1!,98700.0,98850.0,98688.0,98842.0,86.0
2025-07-31 11:30:00,MCX:GOLD1!,98803.0,98960.0,98766.0,98889.0,170.0
2025-07-31 11:45:00,MCX:GOLD1!,98932.0,98949.0,98855.0,98880.0,176.0
2025-07-31 12:00:00,MCX:GOLD1!,98879.0,98918.0,98835.0,98842.0,73.0
2025-07-31 12:15:00,MCX:GOLD1!,98837.0,98880.0,98770.0,98781.0,133.0
2025-07-31 12:30:00,MCX:GOLD1!,98780.0,98873.0,98774.0,98821.0,56.0
2025-07-31 12:45:00,MCX:GOLD1!,98822.0,98926.0,98791.0,98850.0,95.0
2025-07-31 13:00:00,MCX:GOLD1!,98890.0,99048.0,98850.0,99033.0,132.0
2025-07-31 13:15:00,MCX:GOLD1!,99042.0,99180.0,99005.0,99034.0,162.0
2025-07-31 13:30:00,MCX:GOLD1!,99041.0,99181.0,99041.0,99130.0,96.0
2025-07-31 13:45:00,MCX:GOLD1!,99142.0,99295.0,99142.0,99209.0,164.0
2025-07-31 14:00:00,MCX:GOLD1!,99202.0,99238.0,99148.0,99169.0,119.0
2025-07-31 14:15:00,MCX:GOLD1!,99169.0,99198.0,99165.0,99192.0,39.0
2025-07-31 14:30:00,MCX:GOLD1!,99199.0,99270.0,99186.0,99230.0,71.0
2025-07-31 14:45:00,MCX:GOLD1!,99238.0,99254.0,99132.0,99132.0,69.0
2025-07-31 15:00:00,MCX:GOLD1!,99131.0,99155.0,99063.0,99090.0,130.0
2025-07-31 15:15:00,MCX:GOLD1!,99091.0,99191.0,99058.0,99080.0,132.0
2025-07-31 15:30:00,MCX:GOLD1!,99080.0,99108.0,99060.0,99070.0,87.0
2025-07-31 15:45:00,MCX:GOLD1!,99070.0,99084.0,98962.0,98987.0,173.0
2025-07-31 16:00:00,MCX:GOLD1!,99000.0,99002.0,98928.0,98928.0,113.0
2025-07-31 16:15:00,MCX:GOLD1!,98928.0,98928.0,98750.0,98819.0,257.0
2025-07-31 16:30:00,MCX:GOLD1!,98814.0,99000.0,98787.0,98950.0,107.0
2025-07-31 16:45:00,MCX:GOLD1!,98950.0,99049.0,98910.0,98981.0,126.0
2025-07-31 17:00:00,MCX:GOLD1!,99000.0,99135.0,99000.0,99070.0,83.0
2025-07-31 17:15:00,MCX:GOLD1!,99072.0,99098.0,98984.0,99080.0,147.0
2025-07-31 17:30:00,MCX:GOLD1!,99077.0,99077.0,99030.0,99075.0,102.0
2025-07-31 17:45:00,MCX:GOLD1!,99075.0,99100.0,99022.0,99090.0,79.0
2025-07-31 18:00:00,MCX:GOLD1!,99039.0,99139.0,99039.0,99106.0,88.0
2025-07-31 18:15:00,MCX:GOLD1!,99095.0,99159.0,99060.0,99065.0,77.0
2025-07-31 18:30:00,MCX:GOLD1!,99089.0,99120.0,98970.0,99095.0,68.0
2025-07-31 18:45:00,MCX:GOLD1!,99090.0,99120.0,99055.0,99102.0,53.0
2025-07-31 19:00:00,MCX:GOLD1!,99100.0,99100.0,98933.0,98971.0,59.0
2025-07-31 19:15:00,MCX:GOLD1!,98971.0,98971.0,98880.0,98890.0,75.0
2025-07-31 19:30:00,MCX:GOLD1!,98882.0,98929.0,98803.0,98861.0,131.0
2025-07-31 19:45:00,MCX:GOLD1!,98869.0,98944.0,98761.0,98801.0,128.0
2025-07-31 20:00:00,MCX:GOLD1!,98776.0,98852.0,98655.0,98801.0,225.0
2025-07-31 20:15:00,MCX:GOLD1!,98801.0,98801.0,98685.0,98729.0,82.0
2025-07-31 20:30:00,MCX:GOLD1!,98740.0,98740.0,98600.0,98727.0,273.0
2025-07-31 20:45:00,MCX:GOLD1!,98746.0,98799.0,98721.0,98730.0,53.0
2025-07-31 21:00:00,MCX:GOLD1!,98720.0,98758.0,98680.0,98706.0,63.0
2025-07-31 21:15:00,MCX:GOLD1!,98712.0,98743.0,98680.0,98743.0,17.0
2025-07-31 21:30:00,MCX:GOLD1!,98742.0,98750.0,98572.0,98599.0,173.0
2025-07-31 21:45:00,MCX:GOLD1!,98606.0,98652.0,98583.0,98626.0,72.0
2025-07-31 22:00:00,MCX:GOLD1!,98629.0,98768.0,98629.0,98735.0,98.0
2025-07-31 22:15:00,MCX:GOLD1!,98756.0,98780.0,98701.0,98704.0,78.0
2025-07-31 22:30:00,MCX:GOLD1!,98737.0,98800.0,98710.0,98781.0,28.0
2025-07-31 22:45:00,MCX:GOLD1!,98792.0,98840.0,98780.0,98785.0,45.0
2025-07-31 23:00:00,MCX:GOLD1!,98785.0,98791.0,98753.0,98761.0,46.0
2025-07-31 23:15:00,MCX:GOLD1!,98779.0,98787.0,98748.0,98778.0,114.0
2025-08-01 09:00:00,MCX:GOLD1!,98702.0,98704.0,98556.0,98584.0,242.0
2025-08-01 09:15:00,MCX:GOLD1!,98585.0,98610.0,98510.0,98529.0,158.0
2025-08-01 09:30:00,MCX:GOLD1!,98530.0,98550.0,98292.0,98320.0,405.0
2025-08-01 09:45:00,MCX:GOLD1!,98310.0,98407.0,98301.0,98336.0,176.0
2025-08-01 10:00:00,MCX:GOLD1!,98336.0,98425.0,98336.0,98377.0,97.0
2025-08-01 10:15:00,MCX:GOLD1!,98376.0,98477.0,98375.0,98469.0,81.0
2025-08-01 10:30:00,MCX:GOLD1!,98469.0,98576.0,98469.0,98533.0,86.0
2025-08-01 10:45:00,MCX:GOLD1!,98522.0,98522.0,98450.0,98470.0,38.0
2025-08-01 11:00:00,MCX:GOLD1!,98450.0,98470.0,98386.0,98470.0,91.0
2025-08-01 11:15:00,MCX:GOLD1!,98480.0,98568.0,98451.0,98494.0,107.0
2025-08-01 11:30:00,MCX:GOLD1!,98484.0,98583.0,98484.0,98520.0,81.0
2025-08-01 11:45:00,MCX:GOLD1!,98500.0,98528.0,98450.0,98452.0,48.0
2025-08-01 12:00:00,MCX:GOLD1!,98468.0,98475.0,98432.0,98460.0,33.0
2025-08-01 12:15:00,MCX:GOLD1!,98460.0,98463.0,98427.0,98455.0,21.0
2025-08-01 12:30:00,MCX:GOLD1!,98466.0,98515.0,98430.0,98515.0,38.0
2025-08-01 12:45:00,MCX:GOLD1!,98525.0,98550.0,98452.0,98474.0,37.0
2025-08-01 13:00:00,MCX:GOLD1!,98451.0,98451.0,98350.0,98366.0,83.0
2025-08-01 13:15:00,MCX:GOLD1!,98380.0,98430.0,98350.0,98380.0,18.0
2025-08-01 13:30:00,MCX:GOLD1!,98391.0,98397.0,98350.0,98350.0,25.0
2025-08-01 13:45:00,MCX:GOLD1!,98396.0,98407.0,98360.0,98375.0,36.0
2025-08-01 14:00:00,MCX:GOLD1!,98370.0,98470.0,98370.0,98415.0,25.0
2025-08-01 14:15:00,MCX:GOLD1!,98410.0,98543.0,98410.0,98543.0,108.0
2025-08-01 14:30:00,MCX:GOLD1!,98528.0,98590.0,98517.0,98575.0,83.0
2025-08-01 14:45:00,MCX:GOLD1!,98580.0,98640.0,98549.0,98620.0,59.0
2025-08-01 15:00:00,MCX:GOLD1!,98624.0,98660.0,98571.0,98660.0,93.0
2025-08-01 15:15:00,MCX:GOLD1!,98660.0,98720.0,98600.0,98643.0,100.0
2025-08-01 15:30:00,MCX:GOLD1!,98636.0,98680.0,98616.0,98626.0,55.0
2025-08-01 15:45:00,MCX:GOLD1!,98621.0,98645.0,98600.0,98618.0,48.0
2025-08-01 16:00:00,MCX:GOLD1!,98603.0,98719.0,98582.0,98660.0,47.0
2025-08-01 16:15:00,MCX:GOLD1!,98654.0,98920.0,98640.0,98761.0,345.0
2025-08-01 16:30:00,MCX:GOLD1!,98760.0,98848.0,98760.0,98802.0,60.0
2025-08-01 16:45:00,MCX:GOLD1!,98783.0,98800.0,98765.0,98785.0,38.0
2025-08-01 17:00:00,MCX:GOLD1!,98785.0,98795.0,98746.0,98752.0,43.0
2025-08-01 17:15:00,MCX:GOLD1!,98746.0,98750.0,98670.0,98742.0,91.0
2025-08-01 17:30:00,MCX:GOLD1!,98742.0,98750.0,98706.0,98750.0,30.0
2025-08-01 17:45:00,MCX:GOLD1!,98762.0,98890.0,98762.0,98817.0,130.0
2025-08-01 18:00:00,MCX:GOLD1!,98888.0,99570.0,98888.0,99530.0,1963.0
2025-08-01 18:15:00,MCX:GOLD1!,99518.0,99643.0,99401.0,99555.0,1341.0
2025-08-01 18:30:00,MCX:GOLD1!,99580.0,99800.0,99535.0,99800.0,1103.0
2025-08-01 18:45:00,MCX:GOLD1!,99800.0,99901.0,99760.0,99825.0,884.0
2025-08-01 19:00:00,MCX:GOLD1!,99825.0,99874.0,99666.0,99825.0,427.0
2025-08-01 19:15:00,MCX:GOLD1!,99825.0,99851.0,99640.0,99722.0,323.0
2025-08-01 19:30:00,MCX:GOLD1!,99762.0,99910.0,99751.0,99869.0,533.0
2025-08-01 19:45:00,MCX:GOLD1!,99866.0,99975.0,99732.0,99750.0,367.0
2025-08-01 20:00:00,MCX:GOLD1!,99754.0,99766.0,99662.0,99760.0,142.0
2025-08-01 20:15:00,MCX:GOLD1!,99780.0,99849.0,99710.0,99771.0,96.0
2025-08-01 20:30:00,MCX:GOLD1!,99800.0,99865.0,99710.0,99860.0,126.0
2025-08-01 20:45:00,MCX:GOLD1!,99842.0,99889.0,99810.0,99840.0,121.0
2025-08-01 21:00:00,MCX:GOLD1!,99820.0,99873.0,99720.0,99769.0,126.0
2025-08-01 21:15:00,MCX:GOLD1!,99793.0,99793.0,99733.0,99750.0,124.0
2025-08-01 21:30:00,MCX:GOLD1!,99750.0,99750.0,99635.0,99650.0,118.0
2025-08-01 21:45:00,MCX:GOLD1!,99650.0,99669.0,99524.0,99530.0,187.0
2025-08-01 22:00:00,MCX:GOLD1!,99533.0,99615.0,99530.0,99591.0,68.0
2025-08-01 22:15:00,MCX:GOLD1!,99590.0,99768.0,99570.0,99740.0,137.0
2025-08-01 22:30:00,MCX:GOLD1!,99750.0,99784.0,99734.0,99750.0,60.0
2025-08-01 22:45:00,MCX:GOLD1!,99759.0,99769.0,99721.0,99735.0,50.0
2025-08-01 23:00:00,MCX:GOLD1!,99749.0,99789.0,99735.0,99766.0,152.0
2025-08-01 23:15:00,MCX:GOLD1!,99749.0,99760.0,99728.0,99735.0,207.0
2025-08-04 09:00:00,MCX:GOLD1!,99999.0,100150.0,99939.0,100133.0,288.0
2025-08-04 09:15:00,MCX:GOLD1!,100145.0,100297.0,100145.0,100257.0,292.0
2025-08-04 09:30:00,MCX:GOLD1!,100240.0,100296.0,100200.0,100250.0,138.0
2025-08-04 09:45:00,MCX:GOLD1!,100252.0,100276.0,100194.0,100259.0,110.0
2025-08-04 10:00:00,MCX:GOLD1!,100268.0,100347.0,100260.0,100313.0,97.0
2025-08-04 10:15:00,MCX:GOLD1!,100313.0,100313.0,100239.0,100287.0,85.0
2025-08-04 10:30:00,MCX:GOLD1!,100287.0,100299.0,100246.0,100290.0,118.0
2025-08-04 10:45:00,MCX:GOLD1!,100290.0,100319.0,100269.0,100269.0,112.0
2025-08-04 11:00:00,MCX:GOLD1!,100281.0,100301.0,100234.0,100260.0,103.0
2025-08-04 11:15:00,MCX:GOLD1!,100270.0,100338.0,100245.0,100326.0,95.0
2025-08-04 11:30:00,MCX:GOLD1!,100331.0,100360.0,100250.0,100342.0,74.0
2025-08-04 11:45:00,MCX:GOLD1!,100327.0,100365.0,100251.0,100253.0,72.0
2025-08-04 12:00:00,MCX:GOLD1!,100253.0,100400.0,100243.0,100400.0,133.0
2025-08-04 12:15:00,MCX:GOLD1!,100400.0,100539.0,100400.0,100539.0,303.0
2025-08-04 12:30:00,MCX:GOLD1!,100537.0,100565.0,100452.0,100550.0,241.0
2025-08-04 12:45:00,MCX:GOLD1!,100556.0,100575.0,100350.0,100350.0,265.0
2025-08-04 13:00:00,MCX:GOLD1!,100360.0,100440.0,100300.0,100421.0,101.0
2025-08-04 13:15:00,MCX:GOLD1!,100395.0,100401.0,100351.0,100401.0,76.0
2025-08-04 13:30:00,MCX:GOLD1!,100410.0,100424.0,100381.0,100423.0,16.0
2025-08-04 13:45:00,MCX:GOLD1!,100423.0,100560.0,100423.0,100525.0,133.0
2025-08-04 14:00:00,MCX:GOLD1!,100546.0,100568.0,100485.0,100536.0,163.0
2025-08-04 14:15:00,MCX:GOLD1!,100516.0,100560.0,100516.0,100540.0,81.0
2025-08-04 14:30:00,MCX:GOLD1!,100548.0,100561.0,100509.0,100534.0,121.0
2025-08-04 14:45:00,MCX:GOLD1!,100536.0,100567.0,100506.0,100560.0,195.0
2025-08-04 15:00:00,MCX:GOLD1!,100560.0,100560.0,100448.0,100470.0,149.0
2025-08-04 15:15:00,MCX:GOLD1!,100468.0,100520.0,100452.0,100490.0,162.0
2025-08-04 15:30:00,MCX:GOLD1!,100500.0,100542.0,100490.0,100505.0,63.0
2025-08-04 15:45:00,MCX:GOLD1!,100502.0,100519.0,100401.0,100488.0,146.0
2025-08-04 16:00:00,MCX:GOLD1!,100500.0,100560.0,100500.0,100539.0,70.0
2025-08-04 16:15:00,MCX:GOLD1!,100539.0,100539.0,100459.0,100460.0,85.0
2025-08-04 16:30:00,MCX:GOLD1!,100459.0,100649.0,100459.0,100630.0,213.0
2025-08-04 16:45:00,MCX:GOLD1!,100630.0,100776.0,100622.0,100755.0,208.0
2025-08-04 17:00:00,MCX:GOLD1!,100753.0,100769.0,100700.0,100769.0,97.0
2025-08-04 17:15:00,MCX:GOLD1!,100765.0,100847.0,100750.0,100846.0,184.0
2025-08-04 17:30:00,MCX:GOLD1!,100822.0,100850.0,100725.0,100725.0,161.0
2025-08-04 17:45:00,MCX:GOLD1!,100740.0,100777.0,100631.0,100631.0,60.0
2025-08-04 18:00:00,MCX:GOLD1!,100628.0,100660.0,100545.0,100651.0,106.0
2025-08-04 18:15:00,MCX:GOLD1!,100660.0,100800.0,100660.0,100771.0,85.0
2025-08-04 18:30:00,MCX:GOLD1!,100789.0,100930.0,100789.0,100930.0,283.0
2025-08-04 18:45:00,MCX:GOLD1!,100930.0,100998.0,100883.0,100945.0,331.0
2025-08-04 19:00:00,MCX:GOLD1!,100951.0,101011.0,100914.0,100975.0,232.0
2025-08-04 19:15:00,MCX:GOLD1!,100999.0,101210.0,100991.0,101170.0,533.0
2025-08-04 19:30:00,MCX:GOLD1!,101164.0,101190.0,100965.0,100995.0,286.0
2025-08-04 19:45:00,MCX:GOLD1!,100983.0,101044.0,100905.0,101000.0,175.0
2025-08-04 20:00:00,MCX:GOLD1!,101050.0,101055.0,101000.0,101016.0,98.0
2025-08-04 20:15:00,MCX:GOLD1!,100997.0,101344.0,100854.0,101300.0,849.0
2025-08-04 20:30:00,MCX:GOLD1!,101267.0,101344.0,101227.0,101310.0,286.0
2025-08-04 20:45:00,MCX:GOLD1!,101289.0,101310.0,101145.0,101177.0,133.0
2025-08-04 21:00:00,MCX:GOLD1!,101194.0,101199.0,101135.0,101197.0,77.0
2025-08-04 21:15:00,MCX:GOLD1!,101215.0,101250.0,101181.0,101230.0,54.0
2025-08-04 21:30:00,MCX:GOLD1!,101238.0,101299.0,101216.0,101292.0,79.0
2025-08-04 21:45:00,MCX:GOLD1!,101299.0,101309.0,101178.0,101200.0,145.0
2025-08-04 22:00:00,MCX:GOLD1!,101186.0,101186.0,101151.0,101151.0,74.0
2025-08-04 22:15:00,MCX:GOLD1!,101152.0,101197.0,101139.0,101159.0,37.0
2025-08-04 22:30:00,MCX:GOLD1!,101159.0,101220.0,101154.0,101165.0,39.0
2025-08-04 22:45:00,MCX:GOLD1!,101153.0,101200.0,101150.0,101175.0,38.0
2025-08-04 23:00:00,MCX:GOLD1!,101200.0,101230.0,101188.0,101195.0,73.0
2025-08-04 23:15:00,MCX:GOLD1!,101186.0,101230.0,101175.0,101225.0,155.0
2025-08-05 09:00:00,MCX:GOLD1!,101133.0,101223.0,101058.0,101065.0,222.0
2025-08-05 09:15:00,MCX:GOLD1!,101075.0,101135.0,101050.0,101113.0,146.0
2025-08-05 09:30:00,MCX:GOLD1!,101084.0,101137.0,101083.0,101128.0,81.0
2025-08-05 09:45:00,MCX:GOLD1!,101136.0,101177.0,101050.0,101050.0,53.0
2025-08-05 10:00:00,MCX:GOLD1!,101050.0,101067.0,101000.0,101042.0,87.0
2025-08-05 10:15:00,MCX:GOLD1!,101012.0,101048.0,100940.0,100940.0,106.0
2025-08-05 10:30:00,MCX:GOLD1!,100937.0,100973.0,100900.0,100927.0,155.0
2025-08-05 10:45:00,MCX:GOLD1!,100911.0,100989.0,100900.0,100930.0,176.0
2025-08-05 11:00:00,MCX:GOLD1!,100947.0,101078.0,100946.0,101040.0,104.0
2025-08-05 11:15:00,MCX:GOLD1!,101030.0,101151.0,101030.0,101130.0,64.0
2025-08-05 11:30:00,MCX:GOLD1!,101130.0,101130.0,100986.0,100992.0,52.0
2025-08-05 11:45:00,MCX:GOLD1!,100982.0,100995.0,100928.0,100950.0,78.0
2025-08-05 12:00:00,MCX:GOLD1!,100950.0,100950.0,100900.0,100900.0,47.0
2025-08-05 12:15:00,MCX:GOLD1!,100866.0,100973.0,100866.0,100920.0,72.0
2025-08-05 12:30:00,MCX:GOLD1!,100940.0,101050.0,100940.0,101030.0,70.0
2025-08-05 12:45:00,MCX:GOLD1!,101048.0,101150.0,101034.0,101150.0,110.0
2025-08-05 13:00:00,MCX:GOLD1!,101151.0,101190.0,101059.0,101099.0,80.0
2025-08-05 13:15:00,MCX:GOLD1!,101057.0,101120.0,101040.0,101120.0,81.0
2025-08-05 13:30:00,MCX:GOLD1!,101115.0,101115.0,101058.0,101099.0,21.0
2025-08-05 13:45:00,MCX:GOLD1!,101087.0,101167.0,101087.0,101115.0,31.0
2025-08-05 14:00:00,MCX:GOLD1!,101090.0,101132.0,101013.0,101013.0,47.0
2025-08-05 14:15:00,MCX:GOLD1!,101013.0,101013.0,100950.0,100965.0,86.0
2025-08-05 14:30:00,MCX:GOLD1!,100960.0,100960.0,100899.0,100923.0,111.0
2025-08-05 14:45:00,MCX:GOLD1!,100905.0,100943.0,100905.0,100924.0,39.0
2025-08-05 15:00:00,MCX:GOLD1!,100900.0,100910.0,100836.0,100877.0,161.0
2025-08-05 15:15:00,MCX:GOLD1!,100870.0,100900.0,100696.0,100723.0,259.0
2025-08-05 15:30:00,MCX:GOLD1!,100734.0,100791.0,100614.0,100641.0,179.0
2025-08-05 15:45:00,MCX:GOLD1!,100650.0,100684.0,100580.0,100650.0,127.0
2025-08-05 16:00:00,MCX:GOLD1!,100650.0,100692.0,100622.0,100666.0,73.0
2025-08-05 16:15:00,MCX:GOLD1!,100658.0,100678.0,100515.0,100527.0,140.0
2025-08-05 16:30:00,MCX:GOLD1!,100500.0,100574.0,100475.0,100546.0,249.0
2025-08-05 16:45:00,MCX:GOLD1!,100562.0,100562.0,100506.0,100528.0,189.0
2025-08-05 17:00:00,MCX:GOLD1!,100517.0,100556.0,100486.0,100521.0,219.0
2025-08-05 17:15:00,MCX:GOLD1!,100533.0,100620.0,100531.0,100531.0,126.0
2025-08-05 17:30:00,MCX:GOLD1!,100502.0,100640.0,100491.0,100572.0,153.0
2025-08-05 17:45:00,MCX:GOLD1!,100572.0,100911.0,100572.0,100905.0,350.0
2025-08-05 18:00:00,MCX:GOLD1!,100901.0,100988.0,100860.0,100868.0,264.0
2025-08-05 18:15:00,MCX:GOLD1!,100854.0,100980.0,100828.0,100932.0,106.0
2025-08-05 18:30:00,MCX:GOLD1!,100942.0,101045.0,100940.0,101036.0,164.0
2025-08-05 18:45:00,MCX:GOLD1!,101043.0,101091.0,101030.0,101058.0,87.0
2025-08-05 19:00:00,MCX:GOLD1!,101043.0,101333.0,101043.0,101238.0,466.0
2025-08-05 19:15:00,MCX:GOLD1!,101260.0,101299.0,101095.0,101155.0,235.0
2025-08-05 19:30:00,MCX:GOLD1!,101187.0,101299.0,101108.0,101180.0,257.0
2025-08-05 19:45:00,MCX:GOLD1!,101180.0,101371.0,101180.0,101321.0,251.0
2025-08-05 20:00:00,MCX:GOLD1!,101323.0,101463.0,101295.0,101449.0,263.0
2025-08-05 20:15:00,MCX:GOLD1!,101435.0,101494.0,101402.0,101464.0,181.0
2025-08-05 20:30:00,MCX:GOLD1!,101450.0,101498.0,101425.0,101480.0,150.0
2025-08-05 20:45:00,MCX:GOLD1!,101485.0,101555.0,101438.0,101464.0,221.0
2025-08-05 21:00:00,MCX:GOLD1!,101458.0,101499.0,101349.0,101475.0,165.0
2025-08-05 21:15:00,MCX:GOLD1!,101488.0,101579.0,101473.0,101560.0,238.0
2025-08-05 21:30:00,MCX:GOLD1!,101535.0,101569.0,101472.0,101492.0,127.0
2025-08-05 21:45:00,MCX:GOLD1!,101478.0,101478.0,101362.0,101382.0,100.0
2025-08-05 22:00:00,MCX:GOLD1!,101389.0,101390.0,101251.0,101345.0,160.0
2025-08-05 22:15:00,MCX:GOLD1!,101345.0,101377.0,101320.0,101372.0,51.0
2025-08-05 22:30:00,MCX:GOLD1!,101372.0,101377.0,101335.0,101340.0,28.0
2025-08-05 22:45:00,MCX:GOLD1!,101332.0,101360.0,101303.0,101303.0,68.0
2025-08-05 23:00:00,MCX:GOLD1!,101330.0,101369.0,101307.0,101369.0,84.0
2025-08-05 23:15:00,MCX:GOLD1!,101377.0,101377.0,101305.0,101330.0,157.0
2025-08-06 09:00:00,MCX:GOLD1!,101329.0,101329.0,101062.0,101100.0,232.0
2025-08-06 09:15:00,MCX:GOLD1!,101088.0,101140.0,101078.0,101114.0,73.0
2025-08-06 09:30:00,MCX:GOLD1!,101139.0,101195.0,101136.0,101140.0,111.0
2025-08-06 09:45:00,MCX:GOLD1!,101138.0,101195.0,101124.0,101140.0,81.0
2025-08-06 10:00:00,MCX:GOLD1!,101140.0,101160.0,101051.0,101120.0,106.0
2025-08-06 10:15:00,MCX:GOLD1!,101132.0,101132.0,101062.0,101066.0,67.0
2025-08-06 10:30:00,MCX:GOLD1!,101066.0,101120.0,101060.0,101087.0,80.0
2025-08-06 10:45:00,MCX:GOLD1!,101090.0,101125.0,101068.0,101110.0,65.0
2025-08-06 11:00:00,MCX:GOLD1!,101116.0,101171.0,101070.0,101070.0,82.0
2025-08-06 11:15:00,MCX:GOLD1!,101080.0,101125.0,101040.0,101125.0,64.0
2025-08-06 11:30:00,MCX:GOLD1!,101105.0,101175.0,101100.0,101120.0,82.0
2025-08-06 11:45:00,MCX:GOLD1!,101109.0,101209.0,101109.0,101162.0,74.0
2025-08-06 12:00:00,MCX:GOLD1!,101162.0,101245.0,101160.0,101164.0,111.0
2025-08-06 12:15:00,MCX:GOLD1!,101190.0,101190.0,101101.0,101127.0,47.0
2025-08-06 12:30:00,MCX:GOLD1!,101115.0,101124.0,101007.0,101016.0,108.0
2025-08-06 12:45:00,MCX:GOLD1!,101035.0,101035.0,100883.0,100931.0,199.0
2025-08-06 13:00:00,MCX:GOLD1!,100931.0,101108.0,100916.0,101094.0,111.0
2025-08-06 13:15:00,MCX:GOLD1!,101095.0,101161.0,101040.0,101054.0,130.0
2025-08-06 13:30:00,MCX:GOLD1!,101054.0,101078.0,100903.0,100930.0,396.0
2025-08-06 13:45:00,MCX:GOLD1!,100920.0,100961.0,100836.0,100860.0,141.0
2025-08-06 14:00:00,MCX:GOLD1!,100857.0,100911.0,100804.0,100865.0,175.0
2025-08-06 14:15:00,MCX:GOLD1!,100834.0,100843.0,100770.0,100777.0,177.0
2025-08-06 14:30:00,MCX:GOLD1!,100790.0,100870.0,100786.0,100835.0,153.0
2025-08-06 14:45:00,MCX:GOLD1!,100836.0,100893.0,100784.0,100791.0,68.0
2025-08-06 15:00:00,MCX:GOLD1!,100790.0,100799.0,100750.0,100776.0,93.0
2025-08-06 15:15:00,MCX:GOLD1!,100750.0,100770.0,100660.0,100699.0,288.0
2025-08-06 15:30:00,MCX:GOLD1!,100673.0,100835.0,100673.0,100835.0,100.0
2025-08-06 15:45:00,MCX:GOLD1!,100837.0,100939.0,100778.0,100859.0,247.0
2025-08-06 16:00:00,MCX:GOLD1!,100875.0,100875.0,100799.0,100807.0,120.0
2025-08-06 16:15:00,MCX:GOLD1!,100800.0,100938.0,100799.0,100866.0,79.0
2025-08-06 16:30:00,MCX:GOLD1!,100870.0,100883.0,100817.0,100880.0,45.0
2025-08-06 16:45:00,MCX:GOLD1!,100880.0,100950.0,100880.0,100936.0,94.0
2025-08-06 17:00:00,MCX:GOLD1!,100959.0,100975.0,100909.0,100912.0,99.0
2025-08-06 17:15:00,MCX:GOLD1!,100912.0,100914.0,100866.0,100904.0,53.0
2025-08-06 17:30:00,MCX:GOLD1!,100900.0,100900.0,100751.0,100751.0,57.0
2025-08-06 17:45:00,MCX:GOLD1!,100766.0,100851.0,100750.0,100840.0,67.0
2025-08-06 18:00:00,MCX:GOLD1!,100840.0,100862.0,100770.0,100862.0,41.0
2025-08-06 18:15:00,MCX:GOLD1!,100838.0,100950.0,100819.0,100918.0,100.0
2025-08-06 18:30:00,MCX:GOLD1!,100889.0,101022.0,100889.0,100939.0,118.0
2025-08-06 18:45:00,MCX:GOLD1!,100937.0,100990.0,100923.0,100960.0,37.0
2025-08-06 19:00:00,MCX:GOLD1!,100970.0,101002.0,100838.0,100854.0,119.0
2025-08-06 19:15:00,MCX:GOLD1!,100850.0,101217.0,100850.0,101160.0,295.0
2025-08-06 19:30:00,MCX:GOLD1!,101152.0,101198.0,101073.0,101106.0,121.0
2025-08-06 19:45:00,MCX:GOLD1!,101124.0,101227.0,101124.0,101225.0,102.0
2025-08-06 20:00:00,MCX:GOLD1!,101232.0,101290.0,101210.0,101270.0,205.0
2025-08-06 20:15:00,MCX:GOLD1!,101270.0,101300.0,101222.0,101285.0,141.0
2025-08-06 20:30:00,MCX:GOLD1!,101310.0,101332.0,101227.0,101257.0,97.0
2025-08-06 20:45:00,MCX:GOLD1!,101249.0,101249.0,101164.0,101189.0,87.0
2025-08-06 21:00:00,MCX:GOLD1!,101205.0,101226.0,101075.0,101188.0,116.0
2025-08-06 21:15:00,MCX:GOLD1!,101200.0,101325.0,101200.0,101297.0,159.0
2025-08-06 21:30:00,MCX:GOLD1!,101291.0,101325.0,101229.0,101229.0,69.0
2025-08-06 21:45:00,MCX:GOLD1!,101209.0,101246.0,101151.0,101219.0,80.0
2025-08-06 22:00:00,MCX:GOLD1!,101219.0,101274.0,101219.0,101244.0,31.0
2025-08-06 22:15:00,MCX:GOLD1!,101263.0,101291.0,101219.0,101265.0,70.0
2025-08-06 22:30:00,MCX:GOLD1!,101271.0,101319.0,101230.0,101230.0,109.0
2025-08-06 22:45:00,MCX:GOLD1!,101237.0,101237.0,101164.0,101218.0,53.0
2025-08-06 23:00:00,MCX:GOLD1!,101208.0,101283.0,101200.0,101250.0,76.0
2025-08-06 23:15:00,MCX:GOLD1!,101262.0,101295.0,101246.0,101250.0,182.0
2025-08-07 09:00:00,MCX:GOLD1!,101361.0,101434.0,101319.0,101351.0,219.0
2025-08-07 09:15:00,MCX:GOLD1!,101351.0,101437.0,101351.0,101415.0,79.0
2025-08-07 09:30:00,MCX:GOLD1!,101420.0,101474.0,101404.0,101450.0,153.0
2025-08-07 09:45:00,MCX:GOLD1!,101431.0,101539.0,101431.0,101460.0,272.0
2025-08-07 10:00:00,MCX:GOLD1!,101489.0,101529.0,101480.0,101480.0,69.0
2025-08-07 10:15:00,MCX:GOLD1!,101500.0,101512.0,101440.0,101460.0,137.0
2025-08-07 10:30:00,MCX:GOLD1!,101465.0,101495.0,101434.0,101434.0,134.0
2025-08-07 10:45:00,MCX:GOLD1!,101434.0,101467.0,101402.0,101441.0,192.0
2025-08-07 11:00:00,MCX:GOLD1!,101440.0,101440.0,101288.0,101306.0,163.0
2025-08-07 11:15:00,MCX:GOLD1!,101305.0,101450.0,101300.0,101446.0,112.0
2025-08-07 11:30:00,MCX:GOLD1!,101450.0,101516.0,101427.0,101516.0,201.0
2025-08-07 11:45:00,MCX:GOLD1!,101510.0,101540.0,101490.0,101540.0,187.0
2025-08-07 12:00:00,MCX:GOLD1!,101540.0,101704.0,101529.0,101682.0,325.0
2025-08-07 12:15:00,MCX:GOLD1!,101667.0,101773.0,101640.0,101755.0,249.0
2025-08-07 12:30:00,MCX:GOLD1!,101755.0,101774.0,101703.0,101774.0,200.0
2025-08-07 12:45:00,MCX:GOLD1!,101773.0,101970.0,101773.0,101948.0,333.0
2025-08-07 13:00:00,MCX:GOLD1!,101965.0,102097.0,101965.0,102061.0,551.0
2025-08-07 13:15:00,MCX:GOLD1!,102066.0,102155.0,102018.0,102088.0,338.0
2025-08-07 13:30:00,MCX:GOLD1!,102100.0,102119.0,101607.0,101689.0,606.0
2025-08-07 13:45:00,MCX:GOLD1!,101700.0,101716.0,101462.0,101501.0,420.0
2025-08-07 14:00:00,MCX:GOLD1!,101508.0,101657.0,101462.0,101645.0,198.0
2025-08-07 14:15:00,MCX:GOLD1!,101645.0,101748.0,101625.0,101641.0,138.0
2025-08-07 14:30:00,MCX:GOLD1!,101650.0,101730.0,101600.0,101730.0,286.0
2025-08-07 14:45:00,MCX:GOLD1!,101730.0,101745.0,101630.0,101630.0,146.0
2025-08-07 15:00:00,MCX:GOLD1!,101630.0,101639.0,101512.0,101617.0,172.0
2025-08-07 15:15:00,MCX:GOLD1!,101642.0,101677.0,101550.0,101550.0,233.0
2025-08-07 15:30:00,MCX:GOLD1!,101550.0,101552.0,101500.0,101549.0,148.0
2025-08-07 15:45:00,MCX:GOLD1!,101550.0,101580.0,101451.0,101451.0,153.0
2025-08-07 16:00:00,MCX:GOLD1!,101452.0,101540.0,101450.0,101450.0,175.0
2025-08-07 16:15:00,MCX:GOLD1!,101435.0,101435.0,101141.0,101210.0,610.0
2025-08-07 16:30:00,MCX:GOLD1!,101239.0,101425.0,101186.0,101425.0,250.0
2025-08-07 16:45:00,MCX:GOLD1!,101425.0,101595.0,101376.0,101573.0,288.0
2025-08-07 17:00:00,MCX:GOLD1!,101583.0,101585.0,101364.0,101448.0,204.0
2025-08-07 17:15:00,MCX:GOLD1!,101421.0,101444.0,101358.0,101377.0,140.0
2025-08-07 17:30:00,MCX:GOLD1!,101390.0,101474.0,101315.0,101348.0,138.0
2025-08-07 17:45:00,MCX:GOLD1!,101367.0,101483.0,101365.0,101480.0,95.0
2025-08-07 18:00:00,MCX:GOLD1!,101490.0,101671.0,101490.0,101592.0,301.0
2025-08-07 18:15:00,MCX:GOLD1!,101570.0,101570.0,101422.0,101466.0,144.0
2025-08-07 18:30:00,MCX:GOLD1!,101453.0,101549.0,101441.0,101530.0,67.0
2025-08-07 18:45:00,MCX:GOLD1!,101556.0,101571.0,101480.0,101556.0,58.0
2025-08-07 19:00:00,MCX:GOLD1!,101522.0,101567.0,101450.0,101494.0,78.0
2025-08-07 19:15:00,MCX:GOLD1!,101499.0,101541.0,101300.0,101300.0,154.0
2025-08-07 19:30:00,MCX:GOLD1!,101276.0,101365.0,100967.0,101350.0,1128.0
2025-08-07 19:45:00,MCX:GOLD1!,101360.0,101360.0,101127.0,101220.0,595.0
2025-08-07 20:00:00,MCX:GOLD1!,101220.0,101365.0,101163.0,101353.0,409.0
2025-08-07 20:15:00,MCX:GOLD1!,101348.0,101360.0,101275.0,101300.0,92.0
2025-08-07 20:30:00,MCX:GOLD1!,101325.0,101420.0,101325.0,101345.0,73.0
2025-08-07 20:45:00,MCX:GOLD1!,101376.0,101390.0,101248.0,101284.0,47.0
2025-08-07 21:00:00,MCX:GOLD1!,101284.0,101365.0,101279.0,101320.0,109.0
2025-08-07 21:15:00,MCX:GOLD1!,101326.0,101470.0,101326.0,101470.0,134.0
2025-08-07 21:30:00,MCX:GOLD1!,101456.0,101530.0,101438.0,101462.0,104.0
2025-08-07 21:45:00,MCX:GOLD1!,101469.0,101469.0,101375.0,101406.0,38.0
2025-08-07 22:00:00,MCX:GOLD1!,101380.0,101414.0,101344.0,101398.0,62.0
2025-08-07 22:15:00,MCX:GOLD1!,101424.0,101450.0,101399.0,101399.0,29.0
2025-08-07 22:30:00,MCX:GOLD1!,101399.0,101403.0,101328.0,101355.0,27.0
2025-08-07 22:45:00,MCX:GOLD1!,101387.0,101450.0,101372.0,101421.0,35.0
2025-08-07 23:00:00,MCX:GOLD1!,101420.0,101485.0,101374.0,101460.0,80.0
2025-08-07 23:15:00,MCX:GOLD1!,101465.0,101502.0,101446.0,101446.0,180.0
2025-08-08 09:00:00,MCX:GOLD1!,102074.0,102191.0,101456.0,102131.0,2085.0
2025-08-08 09:15:00,MCX:GOLD1!,102111.0,102142.0,101990.0,102000.0,670.0
2025-08-08 09:30:00,MCX:GOLD1!,101980.0,102129.0,101951.0,102129.0,470.0
2025-08-08 09:45:00,MCX:GOLD1!,102110.0,102150.0,102080.0,102100.0,229.0
2025-08-08 10:00:00,MCX:GOLD1!,102120.0,102165.0,102100.0,102152.0,331.0
2025-08-08 10:15:00,MCX:GOLD1!,102162.0,102250.0,102159.0,102173.0,482.0
2025-08-08 10:30:00,MCX:GOLD1!,102181.0,102245.0,102080.0,102080.0,355.0
2025-08-08 10:45:00,MCX:GOLD1!,102070.0,102130.0,102010.0,102025.0,321.0
2025-08-08 11:00:00,MCX:GOLD1!,102022.0,102025.0,101950.0,101980.0,250.0
2025-08-08 11:15:00,MCX:GOLD1!,102025.0,102025.0,101873.0,101880.0,171.0
2025-08-08 11:30:00,MCX:GOLD1!,101889.0,102125.0,101889.0,102100.0,253.0
2025-08-08 11:45:00,MCX:GOLD1!,102113.0,102206.0,102113.0,102160.0,320.0
2025-08-08 12:00:00,MCX:GOLD1!,102160.0,102160.0,102005.0,102005.0,117.0
2025-08-08 12:15:00,MCX:GOLD1!,102023.0,102127.0,101972.0,102096.0,311.0
2025-08-08 12:30:00,MCX:GOLD1!,102100.0,102199.0,102085.0,102123.0,578.0
2025-08-08 12:45:00,MCX:GOLD1!,102131.0,102159.0,102001.0,102038.0,381.0
2025-08-08 13:00:00,MCX:GOLD1!,102020.0,102050.0,101785.0,101807.0,652.0
2025-08-08 13:15:00,MCX:GOLD1!,101807.0,101999.0,101780.0,101953.0,355.0
2025-08-08 13:30:00,MCX:GOLD1!,101969.0,102077.0,101920.0,101980.0,252.0
2025-08-08 13:45:00,MCX:GOLD1!,101957.0,102083.0,101914.0,101937.0,228.0
2025-08-08 14:00:00,MCX:GOLD1!,101948.0,102021.0,101860.0,102002.0,408.0
2025-08-08 14:15:00,MCX:GOLD1!,102012.0,102012.0,101887.0,101900.0,118.0
2025-08-08 14:30:00,MCX:GOLD1!,101893.0,102038.0,101883.0,101969.0,173.0
2025-08-08 14:45:00,MCX:GOLD1!,101950.0,102012.0,101950.0,102012.0,48.0
2025-08-08 15:00:00,MCX:GOLD1!,101989.0,102050.0,101956.0,102040.0,65.0
2025-08-08 15:15:00,MCX:GOLD1!,102027.0,102100.0,102011.0,102096.0,82.0
2025-08-08 15:30:00,MCX:GOLD1!,102075.0,102075.0,101900.0,101930.0,125.0
2025-08-08 15:45:00,MCX:GOLD1!,101930.0,101930.0,101750.0,101779.0,286.0
2025-08-08 16:00:00,MCX:GOLD1!,101780.0,101825.0,101709.0,101780.0,253.0
2025-08-08 16:15:00,MCX:GOLD1!,101780.0,101802.0,101690.0,101696.0,260.0
2025-08-08 16:30:00,MCX:GOLD1!,101696.0,101789.0,101680.0,101693.0,235.0
2025-08-08 16:45:00,MCX:GOLD1!,101712.0,101717.0,101569.0,101618.0,337.0
2025-08-08 17:00:00,MCX:GOLD1!,101620.0,101768.0,101620.0,101729.0,143.0
2025-08-08 17:15:00,MCX:GOLD1!,101724.0,101745.0,101657.0,101693.0,138.0
2025-08-08 17:30:00,MCX:GOLD1!,101715.0,101849.0,101697.0,101740.0,217.0
2025-08-08 17:45:00,MCX:GOLD1!,101740.0,102040.0,101713.0,102005.0,335.0
2025-08-08 18:00:00,MCX:GOLD1!,102005.0,102220.0,102005.0,102079.0,691.0
2025-08-08 18:15:00,MCX:GOLD1!,102057.0,102093.0,101646.0,101755.0,523.0
2025-08-08 18:30:00,MCX:GOLD1!,101794.0,101915.0,101708.0,101915.0,306.0
2025-08-08 18:45:00,MCX:GOLD1!,101879.0,101879.0,101689.0,101763.0,233.0
2025-08-08 19:00:00,MCX:GOLD1!,101800.0,102013.0,101751.0,101986.0,231.0
2025-08-08 19:15:00,MCX:GOLD1!,101989.0,102099.0,101974.0,102005.0,251.0
2025-08-08 19:30:00,MCX:GOLD1!,101970.0,102014.0,101569.0,101750.0,487.0
2025-08-08 19:45:00,MCX:GOLD1!,101743.0,101849.0,101705.0,101730.0,264.0
2025-08-08 20:00:00,MCX:GOLD1!,101701.0,101843.0,101687.0,101777.0,118.0
2025-08-08 20:15:00,MCX:GOLD1!,101790.0,101874.0,101763.0,101863.0,167.0
2025-08-08 20:30:00,MCX:GOLD1!,101856.0,101869.0,101787.0,101788.0,144.0
2025-08-08 20:45:00,MCX:GOLD1!,101759.0,101879.0,101745.0,101875.0,99.0
2025-08-08 21:00:00,MCX:GOLD1!,101880.0,101900.0,101809.0,101809.0,121.0
2025-08-08 21:15:00,MCX:GOLD1!,101823.0,101865.0,101781.0,101844.0,52.0
2025-08-08 21:30:00,MCX:GOLD1!,101852.0,101894.0,101810.0,101843.0,76.0
2025-08-08 21:45:00,MCX:GOLD1!,101833.0,101900.0,101798.0,101899.0,54.0
2025-08-08 22:00:00,MCX:GOLD1!,101900.0,101975.0,101851.0,101853.0,127.0
2025-08-08 22:15:00,MCX:GOLD1!,101853.0,101940.0,101853.0,101890.0,78.0
2025-08-08 22:30:00,MCX:GOLD1!,101863.0,101985.0,101860.0,101963.0,103.0
2025-08-08 22:45:00,MCX:GOLD1!,101960.0,101971.0,101904.0,101950.0,41.0
2025-08-08 23:00:00,MCX:GOLD1!,101952.0,101990.0,101909.0,101920.0,109.0
2025-08-08 23:15:00,MCX:GOLD1!,101940.0,101965.0,101601.0,101601.0,387.0
2025-08-11 09:00:00,MCX:GOLD1!,101189.0,101199.0,100874.0,100915.0,2012.0
2025-08-11 09:15:00,MCX:GOLD1!,100920.0,101018.0,100901.0,100991.0,542.0
2025-08-11 09:30:00,MCX:GOLD1!,101005.0,101005.0,100882.0,100960.0,283.0
2025-08-11 09:45:00,MCX:GOLD1!,100954.0,101020.0,100938.0,100964.0,135.0
2025-08-11 10:00:00,MCX:GOLD1!,100970.0,100980.0,100927.0,100952.0,117.0
2025-08-11 10:15:00,MCX:GOLD1!,100947.0,100973.0,100896.0,100920.0,136.0
2025-08-11 10:30:00,MCX:GOLD1!,100920.0,101070.0,100882.0,101068.0,208.0
2025-08-11 10:45:00,MCX:GOLD1!,101056.0,101099.0,101021.0,101021.0,111.0
2025-08-11 11:00:00,MCX:GOLD1!,101036.0,101072.0,100970.0,101030.0,89.0
2025-08-11 11:15:00,MCX:GOLD1!,101028.0,101069.0,101023.0,101040.0,42.0
2025-08-11 11:30:00,MCX:GOLD1!,101019.0,101019.0,100880.0,100910.0,271.0
2025-08-11 11:45:00,MCX:GOLD1!,100904.0,100923.0,100667.0,100680.0,459.0
2025-08-11 12:00:00,MCX:GOLD1!,100680.0,100767.0,100621.0,100700.0,386.0
2025-08-11 12:15:00,MCX:GOLD1!,100683.0,100761.0,100652.0,100702.0,159.0
2025-08-11 12:30:00,MCX:GOLD1!,100706.0,100706.0,100560.0,100667.0,327.0
2025-08-11 12:45:00,MCX:GOLD1!,100655.0,100733.0,100637.0,100670.0,206.0
2025-08-11 13:00:00,MCX:GOLD1!,100686.0,100686.0,100503.0,100592.0,369.0
2025-08-11 13:15:00,MCX:GOLD1!,100585.0,100585.0,100428.0,100487.0,572.0
2025-08-11 13:30:00,MCX:GOLD1!,100490.0,100559.0,100451.0,100454.0,251.0
2025-08-11 13:45:00,MCX:GOLD1!,100451.0,100636.0,100451.0,100602.0,158.0
2025-08-11 14:00:00,MCX:GOLD1!,100602.0,100640.0,100535.0,100584.0,82.0
2025-08-11 14:15:00,MCX:GOLD1!,100580.0,100684.0,100580.0,100644.0,57.0
2025-08-11 14:30:00,MCX:GOLD1!,100626.0,100640.0,100504.0,100504.0,95.0
2025-08-11 14:45:00,MCX:GOLD1!,100503.0,100637.0,100464.0,100605.0,122.0
2025-08-11 15:00:00,MCX:GOLD1!,100610.0,100610.0,100506.0,100551.0,104.0
2025-08-11 15:15:00,MCX:GOLD1!,100522.0,100540.0,100368.0,100383.0,487.0
2025-08-11 15:30:00,MCX:GOLD1!,100383.0,100600.0,100383.0,100570.0,167.0
2025-08-11 15:45:00,MCX:GOLD1!,100571.0,100625.0,100551.0,100551.0,83.0
2025-08-11 16:00:00,MCX:GOLD1!,100566.0,100630.0,100550.0,100566.0,43.0
2025-08-11 16:15:00,MCX:GOLD1!,100537.0,100556.0,100506.0,100512.0,34.0
2025-08-11 16:30:00,MCX:GOLD1!,100512.0,100537.0,100440.0,100460.0,130.0
2025-08-11 16:45:00,MCX:GOLD1!,100468.0,100521.0,100393.0,100428.0,124.0
2025-08-11 17:00:00,MCX:GOLD1!,100425.0,100470.0,100376.0,100470.0,216.0
2025-08-11 17:15:00,MCX:GOLD1!,100495.0,100518.0,100408.0,100496.0,86.0
2025-08-11 17:30:00,MCX:GOLD1!,100496.0,100555.0,100455.0,100455.0,75.0
2025-08-11 17:45:00,MCX:GOLD1!,100470.0,100531.0,100272.0,100299.0,345.0
2025-08-11 18:00:00,MCX:GOLD1!,100269.0,100400.0,100175.0,100400.0,546.0
2025-08-11 18:15:00,MCX:GOLD1!,100435.0,100470.0,100342.0,100467.0,93.0
2025-08-11 18:30:00,MCX:GOLD1!,100484.0,100546.0,100301.0,100334.0,160.0
2025-08-11 18:45:00,MCX:GOLD1!,100326.0,100428.0,100270.0,100365.0,124.0
2025-08-11 19:00:00,MCX:GOLD1!,100373.0,100509.0,100373.0,100508.0,126.0
2025-08-11 19:15:00,MCX:GOLD1!,100508.0,100639.0,100508.0,100570.0,193.0
2025-08-11 19:30:00,MCX:GOLD1!,100555.0,100601.0,100492.0,100600.0,123.0
2025-08-11 19:45:00,MCX:GOLD1!,100600.0,100620.0,100444.0,100444.0,90.0
2025-08-11 20:00:00,MCX:GOLD1!,100439.0,100444.0,100160.0,100311.0,522.0
2025-08-11 20:15:00,MCX:GOLD1!,100300.0,100370.0,100250.0,100264.0,362.0
2025-08-11 20:30:00,MCX:GOLD1!,100281.0,100340.0,100243.0,100291.0,195.0
2025-08-11 20:45:00,MCX:GOLD1!,100295.0,100349.0,100282.0,100335.0,70.0
2025-08-11 21:00:00,MCX:GOLD1!,100349.0,100399.0,100311.0,100344.0,84.0
2025-08-11 21:15:00,MCX:GOLD1!,100344.0,100411.0,100344.0,100384.0,64.0
2025-08-11 21:30:00,MCX:GOLD1!,100371.0,100394.0,100290.0,100360.0,58.0
2025-08-11 21:45:00,MCX:GOLD1!,100360.0,100380.0,100300.0,100315.0,43.0
2025-08-11 22:00:00,MCX:GOLD1!,100311.0,100311.0,100225.0,100262.0,130.0
2025-08-11 22:15:00,MCX:GOLD1!,100266.0,100290.0,100245.0,100262.0,47.0
2025-08-11 22:30:00,MCX:GOLD1!,100287.0,100298.0,100250.0,100279.0,46.0
2025-08-11 22:45:00,MCX:GOLD1!,100293.0,100320.0,100217.0,100318.0,90.0
2025-08-11 23:00:00,MCX:GOLD1!,100308.0,100414.0,100176.0,100414.0,645.0
2025-08-11 23:15:00,MCX:GOLD1!,100404.0,100423.0,100333.0,100389.0,257.0
2025-08-12 09:00:00,MCX:GOLD1!,100396.0,100396.0,100241.0,100241.0,342.0
2025-08-12 09:15:00,MCX:GOLD1!,100264.0,100300.0,100182.0,100219.0,323.0
2025-08-12 09:30:00,MCX:GOLD1!,100215.0,100298.0,100200.0,100255.0,154.0
2025-08-12 09:45:00,MCX:GOLD1!,100262.0,100305.0,100256.0,100286.0,93.0
2025-08-12 10:00:00,MCX:GOLD1!,100280.0,100336.0,100225.0,100335.0,99.0
2025-08-12 10:15:00,MCX:GOLD1!,100335.0,100350.0,100280.0,100280.0,113.0
2025-08-12 10:30:00,MCX:GOLD1!,100278.0,100311.0,100266.0,100288.0,67.0
2025-08-12 10:45:00,MCX:GOLD1!,100289.0,100310.0,100240.0,100250.0,64.0
2025-08-12 11:00:00,MCX:GOLD1!,100250.0,100297.0,100245.0,100255.0,62.0
2025-08-12 11:15:00,MCX:GOLD1!,100250.0,100345.0,100220.0,100330.0,204.0
2025-08-12 11:30:00,MCX:GOLD1!,100337.0,100337.0,100140.0,100163.0,208.0
2025-08-12 11:45:00,MCX:GOLD1!,100160.0,100169.0,99991.0,100071.0,376.0
2025-08-12 12:00:00,MCX:GOLD1!,100086.0,100150.0,100004.0,100109.0,158.0
2025-08-12 12:15:00,MCX:GOLD1!,100107.0,100107.0,100005.0,100038.0,132.0
2025-08-12 12:30:00,MCX:GOLD1!,100045.0,100090.0,99979.0,100010.0,124.0
2025-08-12 12:45:00,MCX:GOLD1!,100010.0,100133.0,100010.0,100133.0,110.0
2025-08-12 13:00:00,MCX:GOLD1!,100141.0,100320.0,100136.0,100218.0,217.0
2025-08-12 13:15:00,MCX:GOLD1!,100250.0,100292.0,100180.0,100266.0,145.0
2025-08-12 13:30:00,MCX:GOLD1!,100250.0,100250.0,100166.0,100191.0,107.0
2025-08-12 13:45:00,MCX:GOLD1!,100187.0,100213.0,100099.0,100107.0,108.0
2025-08-12 14:00:00,MCX:GOLD1!,100127.0,100138.0,100060.0,100115.0,67.0
2025-08-12 14:15:00,MCX:GOLD1!,100086.0,100135.0,100051.0,100123.0,110.0
2025-08-12 14:30:00,MCX:GOLD1!,100100.0,100183.0,100076.0,100183.0,56.0
2025-08-12 14:45:00,MCX:GOLD1!,100183.0,100183.0,100132.0,100132.0,14.0
2025-08-12 15:00:00,MCX:GOLD1!,100133.0,100153.0,100113.0,100149.0,19.0
2025-08-12 15:15:00,MCX:GOLD1!,100150.0,100162.0,100092.0,100125.0,88.0
2025-08-12 15:30:00,MCX:GOLD1!,100139.0,100160.0,100080.0,100147.0,159.0
2025-08-12 15:45:00,MCX:GOLD1!,100158.0,100215.0,100151.0,100191.0,74.0
2025-08-12 16:00:00,MCX:GOLD1!,100211.0,100211.0,100124.0,100135.0,25.0
2025-08-12 16:15:00,MCX:GOLD1!,100107.0,100130.0,100089.0,100120.0,39.0
2025-08-12 16:30:00,MCX:GOLD1!,100132.0,100132.0,100071.0,100120.0,50.0
2025-08-12 16:45:00,MCX:GOLD1!,100090.0,100090.0,99981.0,100048.0,172.0
2025-08-12 17:00:00,MCX:GOLD1!,100045.0,100091.0,99890.0,100091.0,339.0
2025-08-12 17:15:00,MCX:GOLD1!,100101.0,100159.0,100070.0,100110.0,138.0
2025-08-12 17:30:00,MCX:GOLD1!,100121.0,100141.0,100040.0,100062.0,38.0
2025-08-12 17:45:00,MCX:GOLD1!,100050.0,100050.0,99933.0,99971.0,152.0
2025-08-12 18:00:00,MCX:GOLD1!,100045.0,100290.0,100045.0,100155.0,598.0
2025-08-12 18:15:00,MCX:GOLD1!,100151.0,100345.0,100125.0,100180.0,395.0
2025-08-12 18:30:00,MCX:GOLD1!,100172.0,100282.0,100050.0,100060.0,224.0
2025-08-12 18:45:00,MCX:GOLD1!,100090.0,100199.0,100060.0,100199.0,99.0
2025-08-12 19:00:00,MCX:GOLD1!,100200.0,100301.0,99984.0,100301.0,430.0
2025-08-12 19:15:00,MCX:GOLD1!,100325.0,100350.0,100051.0,100103.0,247.0
2025-08-12 19:30:00,MCX:GOLD1!,100098.0,100118.0,99889.0,99902.0,682.0
2025-08-12 19:45:00,MCX:GOLD1!,99900.0,99910.0,99746.0,99843.0,944.0
2025-08-12 20:00:00,MCX:GOLD1!,99860.0,99935.0,99801.0,99856.0,154.0
2025-08-12 20:15:00,MCX:GOLD1!,99831.0,99899.0,99772.0,99862.0,148.0
2025-08-12 20:30:00,MCX:GOLD1!,99882.0,100064.0,99882.0,100021.0,431.0
2025-08-12 20:45:00,MCX:GOLD1!,100000.0,100398.0,99980.0,100280.0,633.0
2025-08-12 21:00:00,MCX:GOLD1!,100276.0,100350.0,100154.0,100235.0,426.0
2025-08-12 21:15:00,MCX:GOLD1!,100209.0,100275.0,100150.0,100188.0,123.0
2025-08-12 21:30:00,MCX:GOLD1!,100188.0,100191.0,100113.0,100114.0,56.0
2025-08-12 21:45:00,MCX:GOLD1!,100114.0,100167.0,100105.0,100144.0,31.0
2025-08-12 22:00:00,MCX:GOLD1!,100160.0,100225.0,100134.0,100186.0,36.0
2025-08-12 22:15:00,MCX:GOLD1!,100179.0,100186.0,100126.0,100186.0,13.0
2025-08-12 22:30:00,MCX:GOLD1!,100186.0,100198.0,100159.0,100191.0,26.0
2025-08-12 22:45:00,MCX:GOLD1!,100199.0,100213.0,100150.0,100150.0,26.0
2025-08-12 23:00:00,MCX:GOLD1!,100147.0,100199.0,100146.0,100162.0,33.0
2025-08-12 23:15:00,MCX:GOLD1!,100175.0,100190.0,100119.0,100155.0,118.0
2025-08-13 09:00:00,MCX:GOLD1!,100263.0,100263.0,100215.0,100237.0,96.0
2025-08-13 09:15:00,MCX:GOLD1!,100240.0,100248.0,100180.0,100180.0,69.0
2025-08-13 09:30:00,MCX:GOLD1!,100184.0,100275.0,100170.0,100271.0,66.0
2025-08-13 09:45:00,MCX:GOLD1!,100269.0,100283.0,100227.0,100227.0,49.0
2025-08-13 10:00:00,MCX:GOLD1!,100222.0,100222.0,100175.0,100190.0,90.0
2025-08-13 10:15:00,MCX:GOLD1!,100204.0,100260.0,100204.0,100260.0,11.0
2025-08-13 10:30:00,MCX:GOLD1!,100265.0,100270.0,100216.0,100242.0,81.0
2025-08-13 10:45:00,MCX:GOLD1!,100251.0,100260.0,100219.0,100251.0,76.0
2025-08-13 11:00:00,MCX:GOLD1!,100250.0,100250.0,100151.0,100157.0,60.0
2025-08-13 11:15:00,MCX:GOLD1!,100161.0,100225.0,100146.0,100225.0,74.0
2025-08-13 11:30:00,MCX:GOLD1!,100237.0,100355.0,100237.0,100345.0,158.0
2025-08-13 11:45:00,MCX:GOLD1!,100340.0,100450.0,100336.0,100430.0,215.0
2025-08-13 12:00:00,MCX:GOLD1!,100443.0,100484.0,100406.0,100461.0,201.0
2025-08-13 12:15:00,MCX:GOLD1!,100460.0,100480.0,100437.0,100463.0,53.0
2025-08-13 12:30:00,MCX:GOLD1!,100440.0,100478.0,100400.0,100469.0,74.0
2025-08-13 12:45:00,MCX:GOLD1!,100469.0,100535.0,100420.0,100500.0,189.0
2025-08-13 13:00:00,MCX:GOLD1!,100505.0,100518.0,100425.0,100425.0,39.0
2025-08-13 13:15:00,MCX:GOLD1!,100419.0,100450.0,100350.0,100358.0,90.0
2025-08-13 13:30:00,MCX:GOLD1!,100367.0,100383.0,100300.0,100325.0,189.0
2025-08-13 13:45:00,MCX:GOLD1!,100360.0,100382.0,100206.0,100218.0,233.0
2025-08-13 14:00:00,MCX:GOLD1!,100204.0,100365.0,100123.0,100365.0,306.0
2025-08-13 14:15:00,MCX:GOLD1!,100359.0,100442.0,100353.0,100432.0,151.0
2025-08-13 14:30:00,MCX:GOLD1!,100421.0,100422.0,100350.0,100375.0,52.0
2025-08-13 14:45:00,MCX:GOLD1!,100399.0,100479.0,100399.0,100466.0,109.0
2025-08-13 15:00:00,MCX:GOLD1!,100455.0,100530.0,100422.0,100523.0,113.0
2025-08-13 15:15:00,MCX:GOLD1!,100528.0,100550.0,100487.0,100487.0,171.0
2025-08-13 15:30:00,MCX:GOLD1!,100486.0,100500.0,100427.0,100436.0,79.0
2025-08-13 15:45:00,MCX:GOLD1!,100455.0,100470.0,100455.0,100462.0,23.0
2025-08-13 16:00:00,MCX:GOLD1!,100468.0,100523.0,100468.0,100500.0,48.0
2025-08-13 16:15:00,MCX:GOLD1!,100500.0,100526.0,100480.0,100512.0,45.0
2025-08-13 16:30:00,MCX:GOLD1!,100526.0,100535.0,100368.0,100413.0,145.0
2025-08-13 16:45:00,MCX:GOLD1!,100413.0,100419.0,100350.0,100378.0,122.0
2025-08-13 17:00:00,MCX:GOLD1!,100367.0,100399.0,100358.0,100395.0,51.0
2025-08-13 17:15:00,MCX:GOLD1!,100365.0,100402.0,100350.0,100385.0,83.0
2025-08-13 17:30:00,MCX:GOLD1!,100438.0,100448.0,100253.0,100289.0,210.0
2025-08-13 17:45:00,MCX:GOLD1!,100293.0,100400.0,100264.0,100330.0,101.0
2025-08-13 18:00:00,MCX:GOLD1!,100330.0,100330.0,100222.0,100254.0,126.0
2025-08-13 18:15:00,MCX:GOLD1!,100284.0,100349.0,100265.0,100290.0,85.0
2025-08-13 18:30:00,MCX:GOLD1!,100282.0,100293.0,100203.0,100293.0,188.0
2025-08-13 18:45:00,MCX:GOLD1!,100293.0,100300.0,100211.0,100260.0,53.0
2025-08-13 19:00:00,MCX:GOLD1!,100270.0,100390.0,100251.0,100351.0,110.0
2025-08-13 19:15:00,MCX:GOLD1!,100380.0,100458.0,100311.0,100428.0,188.0
2025-08-13 19:30:00,MCX:GOLD1!,100432.0,100616.0,100390.0,100480.0,583.0
2025-08-13 19:45:00,MCX:GOLD1!,100499.0,100499.0,100390.0,100460.0,111.0
2025-08-13 20:00:00,MCX:GOLD1!,100410.0,100466.0,100400.0,100400.0,72.0
2025-08-13 20:15:00,MCX:GOLD1!,100400.0,100400.0,100350.0,100350.0,56.0
2025-08-13 20:30:00,MCX:GOLD1!,100390.0,100412.0,100294.0,100301.0,96.0
2025-08-13 20:45:00,MCX:GOLD1!,100300.0,100300.0,100225.0,100228.0,282.0
2025-08-13 21:00:00,MCX:GOLD1!,100225.0,100259.0,100190.0,100232.0,331.0
2025-08-13 21:15:00,MCX:GOLD1!,100218.0,100270.0,100215.0,100265.0,50.0
2025-08-13 21:30:00,MCX:GOLD1!,100253.0,100319.0,100250.0,100319.0,69.0
2025-08-13 21:45:00,MCX:GOLD1!,100319.0,100326.0,100273.0,100273.0,42.0
2025-08-13 22:00:00,MCX:GOLD1!,100280.0,100318.0,100226.0,100230.0,38.0
2025-08-13 22:15:00,MCX:GOLD1!,100228.0,100284.0,100228.0,100245.0,18.0
2025-08-13 22:30:00,MCX:GOLD1!,100255.0,100276.0,100231.0,100250.0,23.0
2025-08-13 22:45:00,MCX:GOLD1!,100268.0,100289.0,100242.0,100242.0,39.0
2025-08-13 23:00:00,MCX:GOLD1!,100250.0,100270.0,100160.0,100177.0,112.0
2025-08-13 23:15:00,MCX:GOLD1!,100200.0,100207.0,100150.0,100151.0,170.0
2025-08-14 09:00:00,MCX:GOLD1!,100297.0,100297.0,100130.0,100151.0,235.0
2025-08-14 09:15:00,MCX:GOLD1!,100150.0,100265.0,100145.0,100265.0,71.0
2025-08-14 09:30:00,MCX:GOLD1!,100265.0,100286.0,100250.0,100250.0,59.0
2025-08-14 09:45:00,MCX:GOLD1!,100250.0,100280.0,100227.0,100260.0,52.0
2025-08-14 10:00:00,MCX:GOLD1!,100269.0,100277.0,100202.0,100250.0,25.0
2025-08-14 10:15:00,MCX:GOLD1!,100241.0,100268.0,100231.0,100267.0,69.0
2025-08-14 10:30:00,MCX:GOLD1!,100250.0,100308.0,100244.0,100297.0,97.0
2025-08-14 10:45:00,MCX:GOLD1!,100297.0,100331.0,100242.0,100273.0,143.0
2025-08-14 11:00:00,MCX:GOLD1!,100253.0,100253.0,100183.0,100237.0,74.0
2025-08-14 11:15:00,MCX:GOLD1!,100265.0,100275.0,100240.0,100240.0,43.0
2025-08-14 11:30:00,MCX:GOLD1!,100253.0,100285.0,100210.0,100250.0,91.0
2025-08-14 11:45:00,MCX:GOLD1!,100249.0,100267.0,100223.0,100248.0,25.0
2025-08-14 12:00:00,MCX:GOLD1!,100250.0,100280.0,100230.0,100260.0,25.0
2025-08-14 12:15:00,MCX:GOLD1!,100266.0,100348.0,100266.0,100348.0,69.0
2025-08-14 12:30:00,MCX:GOLD1!,100348.0,100436.0,100331.0,100350.0,240.0
2025-08-14 12:45:00,MCX:GOLD1!,100350.0,100438.0,100343.0,100402.0,111.0
2025-08-14 13:00:00,MCX:GOLD1!,100385.0,100385.0,100162.0,100166.0,233.0
2025-08-14 13:15:00,MCX:GOLD1!,100112.0,100162.0,99994.0,100027.0,490.0
2025-08-14 13:30:00,MCX:GOLD1!,100023.0,100079.0,99926.0,100008.0,331.0
2025-08-14 13:45:00,MCX:GOLD1!,100000.0,100110.0,99950.0,100110.0,146.0
2025-08-14 14:00:00,MCX:GOLD1!,100110.0,100144.0,100022.0,100070.0,115.0
2025-08-14 14:15:00,MCX:GOLD1!,100062.0,100109.0,100055.0,100094.0,66.0
2025-08-14 14:30:00,MCX:GOLD1!,100082.0,100252.0,99929.0,100236.0,384.0
2025-08-14 14:45:00,MCX:GOLD1!,100240.0,100305.0,100206.0,100245.0,191.0
2025-08-14 15:00:00,MCX:GOLD1!,100230.0,100288.0,100230.0,100244.0,77.0
2025-08-14 15:15:00,MCX:GOLD1!,100225.0,100299.0,100203.0,100250.0,63.0
2025-08-14 15:30:00,MCX:GOLD1!,100250.0,100284.0,100210.0,100284.0,49.0
2025-08-14 15:45:00,MCX:GOLD1!,100275.0,100299.0,100245.0,100271.0,34.0
2025-08-14 16:00:00,MCX:GOLD1!,100288.0,100324.0,100202.0,100204.0,65.0
2025-08-14 16:15:00,MCX:GOLD1!,100206.0,100236.0,100140.0,100236.0,93.0
2025-08-14 16:30:00,MCX:GOLD1!,100237.0,100293.0,100210.0,100216.0,51.0
2025-08-14 16:45:00,MCX:GOLD1!,100216.0,100243.0,100191.0,100230.0,52.0
2025-08-14 17:00:00,MCX:GOLD1!,100226.0,100262.0,100191.0,100228.0,26.0
2025-08-14 17:15:00,MCX:GOLD1!,100225.0,100250.0,100215.0,100234.0,11.0
2025-08-14 17:30:00,MCX:GOLD1!,100246.0,100331.0,100225.0,100275.0,187.0
2025-08-14 17:45:00,MCX:GOLD1!,100250.0,100291.0,100200.0,100225.0,59.0
2025-08-14 18:00:00,MCX:GOLD1!,100162.0,100210.0,100034.0,100204.0,345.0
2025-08-14 18:15:00,MCX:GOLD1!,100200.0,100289.0,100119.0,100186.0,204.0
2025-08-14 18:30:00,MCX:GOLD1!,100160.0,100284.0,100144.0,100220.0,135.0
2025-08-14 18:45:00,MCX:GOLD1!,100203.0,100292.0,100100.0,100100.0,162.0
2025-08-14 19:00:00,MCX:GOLD1!,100090.0,100195.0,100089.0,100146.0,83.0
2025-08-14 19:15:00,MCX:GOLD1!,100090.0,100138.0,100025.0,100028.0,180.0
2025-08-14 19:30:00,MCX:GOLD1!,100041.0,100089.0,99775.0,99874.0,1249.0
2025-08-14 19:45:00,MCX:GOLD1!,99888.0,100031.0,99874.0,99945.0,300.0
2025-08-14 20:00:00,MCX:GOLD1!,99978.0,100029.0,99880.0,99881.0,194.0
2025-08-14 20:15:00,MCX:GOLD1!,99890.0,99920.0,99834.0,99899.0,248.0
2025-08-14 20:30:00,MCX:GOLD1!,99899.0,99899.0,99798.0,99855.0,196.0
2025-08-14 20:45:00,MCX:GOLD1!,99866.0,99937.0,99830.0,99897.0,73.0
2025-08-14 21:00:00,MCX:GOLD1!,99904.0,99963.0,99885.0,99959.0,43.0
2025-08-14 21:15:00,MCX:GOLD1!,99950.0,99971.0,99915.0,99915.0,48.0
2025-08-14 21:30:00,MCX:GOLD1!,99920.0,99920.0,99763.0,99789.0,197.0
2025-08-14 21:45:00,MCX:GOLD1!,99776.0,99802.0,99663.0,99723.0,416.0
2025-08-14 22:00:00,MCX:GOLD1!,99708.0,99784.0,99692.0,99757.0,105.0
2025-08-14 22:15:00,MCX:GOLD1!,99758.0,99780.0,99754.0,99754.0,35.0
2025-08-14 22:30:00,MCX:GOLD1!,99759.0,99825.0,99710.0,99805.0,117.0
2025-08-14 22:45:00,MCX:GOLD1!,99833.0,99853.0,99800.0,99820.0,120.0
2025-08-14 23:00:00,MCX:GOLD1!,99801.0,99836.0,99777.0,99831.0,84.0
2025-08-14 23:15:00,MCX:GOLD1!,99831.0,99880.0,99800.0,99850.0,229.0
2025-08-18 09:00:00,MCX:GOLD1!,99960.0,99960.0,99811.0,99834.0,170.0
2025-08-18 09:15:00,MCX:GOLD1!,99850.0,99948.0,99834.0,99883.0,115.0
2025-08-18 09:30:00,MCX:GOLD1!,99899.0,99971.0,99888.0,99960.0,84.0
2025-08-18 09:45:00,MCX:GOLD1!,99961.0,100043.0,99954.0,100000.0,112.0
2025-08-18 10:00:00,MCX:GOLD1!,100017.0,100065.0,100015.0,100030.0,107.0
2025-08-18 10:15:00,MCX:GOLD1!,100030.0,100086.0,99997.0,100069.0,111.0
2025-08-18 10:30:00,MCX:GOLD1!,100060.0,100068.0,99982.0,99982.0,148.0
2025-08-18 10:45:00,MCX:GOLD1!,99986.0,99999.0,99933.0,99933.0,69.0
2025-08-18 11:00:00,MCX:GOLD1!,99931.0,99931.0,99849.0,99877.0,231.0
2025-08-18 11:15:00,MCX:GOLD1!,99874.0,99946.0,99870.0,99920.0,115.0
2025-08-18 11:30:00,MCX:GOLD1!,99914.0,99940.0,99880.0,99908.0,91.0
2025-08-18 11:45:00,MCX:GOLD1!,99891.0,99891.0,99825.0,99873.0,89.0
2025-08-18 12:00:00,MCX:GOLD1!,99890.0,99930.0,99890.0,99913.0,23.0
2025-08-18 12:15:00,MCX:GOLD1!,99930.0,99945.0,99879.0,99890.0,110.0
2025-08-18 12:30:00,MCX:GOLD1!,99905.0,99995.0,99885.0,99988.0,94.0
2025-08-18 12:45:00,MCX:GOLD1!,99994.0,99994.0,99912.0,99920.0,95.0
2025-08-18 13:00:00,MCX:GOLD1!,99913.0,99918.0,99825.0,99870.0,124.0
2025-08-18 13:15:00,MCX:GOLD1!,99888.0,99890.0,99821.0,99855.0,72.0
2025-08-18 13:30:00,MCX:GOLD1!,99855.0,99880.0,99751.0,99775.0,132.0
2025-08-18 13:45:00,MCX:GOLD1!,99783.0,99811.0,99748.0,99809.0,103.0
2025-08-18 14:00:00,MCX:GOLD1!,99820.0,99850.0,99800.0,99850.0,43.0
2025-08-18 14:15:00,MCX:GOLD1!,99850.0,99860.0,99810.0,99849.0,36.0
2025-08-18 14:30:00,MCX:GOLD1!,99860.0,99900.0,99840.0,99870.0,45.0
2025-08-18 14:45:00,MCX:GOLD1!,99871.0,99882.0,99811.0,99834.0,32.0
2025-08-18 15:00:00,MCX:GOLD1!,99821.0,99887.0,99816.0,99857.0,90.0
2025-08-18 15:15:00,MCX:GOLD1!,99850.0,99857.0,99780.0,99801.0,51.0
2025-08-18 15:30:00,MCX:GOLD1!,99801.0,99857.0,99800.0,99857.0,31.0
2025-08-18 15:45:00,MCX:GOLD1!,99845.0,99860.0,99803.0,99824.0,41.0
2025-08-18 16:00:00,MCX:GOLD1!,99805.0,99839.0,99805.0,99838.0,18.0
2025-08-18 16:15:00,MCX:GOLD1!,99849.0,99849.0,99785.0,99785.0,43.0
2025-08-18 16:30:00,MCX:GOLD1!,99795.0,99825.0,99789.0,99825.0,24.0
2025-08-18 16:45:00,MCX:GOLD1!,99824.0,99839.0,99813.0,99824.0,16.0
2025-08-18 17:00:00,MCX:GOLD1!,99837.0,99837.0,99805.0,99805.0,11.0
2025-08-18 17:15:00,MCX:GOLD1!,99805.0,99816.0,99756.0,99773.0,61.0
2025-08-18 17:30:00,MCX:GOLD1!,99768.0,99831.0,99768.0,99820.0,49.0
2025-08-18 17:45:00,MCX:GOLD1!,99812.0,99840.0,99784.0,99811.0,39.0
2025-08-18 18:00:00,MCX:GOLD1!,99783.0,99861.0,99783.0,99847.0,66.0
2025-08-18 18:15:00,MCX:GOLD1!,99810.0,99834.0,99705.0,99730.0,133.0
2025-08-18 18:30:00,MCX:GOLD1!,99713.0,99751.0,99651.0,99652.0,163.0
2025-08-18 18:45:00,MCX:GOLD1!,99659.0,99730.0,99650.0,99706.0,100.0
2025-08-18 19:00:00,MCX:GOLD1!,99719.0,99719.0,99610.0,99661.0,106.0
2025-08-18 19:15:00,MCX:GOLD1!,99660.0,99660.0,99560.0,99578.0,210.0
2025-08-18 19:30:00,MCX:GOLD1!,99572.0,99600.0,99463.0,99527.0,481.0
2025-08-18 19:45:00,MCX:GOLD1!,99528.0,99580.0,99510.0,99550.0,73.0
2025-08-18 20:00:00,MCX:GOLD1!,99550.0,99600.0,99500.0,99538.0,80.0
2025-08-18 20:15:00,MCX:GOLD1!,99520.0,99538.0,99453.0,99479.0,189.0
2025-08-18 20:30:00,MCX:GOLD1!,99490.0,99500.0,99450.0,99500.0,100.0
2025-08-18 20:45:00,MCX:GOLD1!,99507.0,99509.0,99465.0,99478.0,71.0
2025-08-18 21:00:00,MCX:GOLD1!,99485.0,99500.0,99462.0,99490.0,55.0
2025-08-18 21:15:00,MCX:GOLD1!,99489.0,99515.0,99472.0,99500.0,78.0
2025-08-18 21:30:00,MCX:GOLD1!,99500.0,99500.0,99384.0,99416.0,233.0
2025-08-18 21:45:00,MCX:GOLD1!,99412.0,99412.0,99360.0,99364.0,112.0
2025-08-18 22:00:00,MCX:GOLD1!,99363.0,99394.0,99332.0,99362.0,114.0
2025-08-18 22:15:00,MCX:GOLD1!,99362.0,99382.0,99341.0,99379.0,73.0
2025-08-18 22:30:00,MCX:GOLD1!,99379.0,99379.0,99313.0,99352.0,129.0
2025-08-18 22:45:00,MCX:GOLD1!,99370.0,99385.0,99351.0,99361.0,60.0
2025-08-18 23:00:00,MCX:GOLD1!,99369.0,99410.0,99350.0,99410.0,115.0
2025-08-18 23:15:00,MCX:GOLD1!,99415.0,99460.0,99373.0,99440.0,186.0
2025-08-19 09:00:00,MCX:GOLD1!,99466.0,99517.0,99371.0,99372.0,200.0
2025-08-19 09:15:00,MCX:GOLD1!,99371.0,99387.0,99352.0,99380.0,75.0
2025-08-19 09:30:00,MCX:GOLD1!,99381.0,99410.0,99325.0,99387.0,131.0
2025-08-19 09:45:00,MCX:GOLD1!,99390.0,99428.0,99370.0,99387.0,83.0
2025-08-19 10:00:00,MCX:GOLD1!,99371.0,99429.0,99349.0,99379.0,51.0
2025-08-19 10:15:00,MCX:GOLD1!,99390.0,99424.0,99376.0,99414.0,79.0
2025-08-19 10:30:00,MCX:GOLD1!,99414.0,99440.0,99401.0,99401.0,113.0
2025-08-19 10:45:00,MCX:GOLD1!,99401.0,99484.0,99375.0,99457.0,88.0
2025-08-19 11:00:00,MCX:GOLD1!,99450.0,99475.0,99413.0,99413.0,76.0
2025-08-19 11:15:00,MCX:GOLD1!,99416.0,99430.0,99320.0,99320.0,113.0
2025-08-19 11:30:00,MCX:GOLD1!,99319.0,99357.0,99301.0,99314.0,102.0
2025-08-19 11:45:00,MCX:GOLD1!,99310.0,99317.0,99260.0,99265.0,107.0
2025-08-19 12:00:00,MCX:GOLD1!,99265.0,99265.0,99191.0,99193.0,180.0
2025-08-19 12:15:00,MCX:GOLD1!,99194.0,99249.0,99194.0,99217.0,35.0
2025-08-19 12:30:00,MCX:GOLD1!,99221.0,99320.0,99200.0,99245.0,102.0
2025-08-19 12:45:00,MCX:GOLD1!,99260.0,99300.0,99260.0,99263.0,34.0
2025-08-19 13:00:00,MCX:GOLD1!,99270.0,99290.0,99251.0,99276.0,23.0
2025-08-19 13:15:00,MCX:GOLD1!,99290.0,99336.0,99281.0,99336.0,39.0
2025-08-19 13:30:00,MCX:GOLD1!,99330.0,99336.0,99238.0,99261.0,72.0
2025-08-19 13:45:00,MCX:GOLD1!,99260.0,99295.0,99260.0,99285.0,13.0
2025-08-19 14:00:00,MCX:GOLD1!,99296.0,99296.0,99219.0,99219.0,37.0
2025-08-19 14:15:00,MCX:GOLD1!,99234.0,99250.0,99152.0,99181.0,177.0
2025-08-19 14:30:00,MCX:GOLD1!,99179.0,99217.0,99105.0,99105.0,173.0
2025-08-19 14:45:00,MCX:GOLD1!,99106.0,99120.0,99080.0,99101.0,93.0
2025-08-19 15:00:00,MCX:GOLD1!,99100.0,99172.0,99085.0,99131.0,113.0
2025-08-19 15:15:00,MCX:GOLD1!,99134.0,99169.0,99088.0,99141.0,77.0
2025-08-19 15:30:00,MCX:GOLD1!,99145.0,99250.0,99134.0,99250.0,106.0
2025-08-19 15:45:00,MCX:GOLD1!,99255.0,99336.0,99255.0,99289.0,100.0
2025-08-19 16:00:00,MCX:GOLD1!,99300.0,99321.0,99251.0,99263.0,56.0
2025-08-19 16:15:00,MCX:GOLD1!,99255.0,99311.0,99251.0,99299.0,51.0
2025-08-19 16:30:00,MCX:GOLD1!,99310.0,99360.0,99305.0,99317.0,84.0
2025-08-19 16:45:00,MCX:GOLD1!,99304.0,99328.0,99250.0,99250.0,42.0
2025-08-19 17:00:00,MCX:GOLD1!,99250.0,99287.0,99241.0,99271.0,52.0
2025-08-19 17:15:00,MCX:GOLD1!,99290.0,99345.0,99289.0,99290.0,127.0
2025-08-19 17:30:00,MCX:GOLD1!,99296.0,99296.0,99200.0,99200.0,61.0
2025-08-19 17:45:00,MCX:GOLD1!,99200.0,99250.0,99173.0,99200.0,57.0
2025-08-19 18:00:00,MCX:GOLD1!,99221.0,99221.0,99155.0,99182.0,111.0
2025-08-19 18:15:00,MCX:GOLD1!,99190.0,99216.0,99140.0,99143.0,51.0
2025-08-19 18:30:00,MCX:GOLD1!,99145.0,99175.0,98911.0,99027.0,508.0
2025-08-19 18:45:00,MCX:GOLD1!,99021.0,99085.0,99000.0,99004.0,239.0
2025-08-19 19:00:00,MCX:GOLD1!,99024.0,99165.0,99020.0,99165.0,126.0
2025-08-19 19:15:00,MCX:GOLD1!,99173.0,99190.0,99050.0,99050.0,78.0
2025-08-19 19:30:00,MCX:GOLD1!,99054.0,99100.0,99000.0,99060.0,74.0
2025-08-19 19:45:00,MCX:GOLD1!,99046.0,99077.0,99040.0,99065.0,49.0
2025-08-19 20:00:00,MCX:GOLD1!,99086.0,99117.0,98851.0,98860.0,309.0
2025-08-19 20:15:00,MCX:GOLD1!,98860.0,98886.0,98710.0,98800.0,597.0
2025-08-19 20:30:00,MCX:GOLD1!,98811.0,98845.0,98721.0,98744.0,200.0
2025-08-19 20:45:00,MCX:GOLD1!,98744.0,98849.0,98731.0,98795.0,125.0
2025-08-19 21:00:00,MCX:GOLD1!,98806.0,98847.0,98741.0,98750.0,152.0
2025-08-19 21:15:00,MCX:GOLD1!,98749.0,98759.0,98710.0,98749.0,178.0
2025-08-19 21:30:00,MCX:GOLD1!,98725.0,98802.0,98703.0,98705.0,76.0
2025-08-19 21:45:00,MCX:GOLD1!,98701.0,98749.0,98651.0,98660.0,160.0
2025-08-19 22:00:00,MCX:GOLD1!,98660.0,98695.0,98627.0,98657.0,146.0
2025-08-19 22:15:00,MCX:GOLD1!,98653.0,98721.0,98631.0,98670.0,98.0
2025-08-19 22:30:00,MCX:GOLD1!,98671.0,98688.0,98640.0,98667.0,73.0
2025-08-19 22:45:00,MCX:GOLD1!,98656.0,98684.0,98607.0,98639.0,127.0
2025-08-19 23:00:00,MCX:GOLD1!,98645.0,98714.0,98631.0,98700.0,103.0
2025-08-19 23:15:00,MCX:GOLD1!,98706.0,98726.0,98664.0,98710.0,219.0
2025-08-20 09:00:00,MCX:GOLD1!,98738.0,98742.0,98606.0,98629.0,183.0
2025-08-20 09:15:00,MCX:GOLD1!,98629.0,98655.0,98607.0,98611.0,64.0
2025-08-20 09:30:00,MCX:GOLD1!,98620.0,98672.0,98606.0,98633.0,64.0
2025-08-20 09:45:00,MCX:GOLD1!,98612.0,98629.0,98516.0,98528.0,125.0
2025-08-20 10:00:00,MCX:GOLD1!,98527.0,98649.0,98518.0,98649.0,209.0
2025-08-20 10:15:00,MCX:GOLD1!,98651.0,98655.0,98593.0,98601.0,60.0
2025-08-20 10:30:00,MCX:GOLD1!,98614.0,98628.0,98593.0,98614.0,48.0
2025-08-20 10:45:00,MCX:GOLD1!,98612.0,98612.0,98575.0,98593.0,67.0
2025-08-20 11:00:00,MCX:GOLD1!,98596.0,98676.0,98596.0,98646.0,177.0
2025-08-20 11:15:00,MCX:GOLD1!,98647.0,98697.0,98628.0,98697.0,80.0
2025-08-20 11:30:00,MCX:GOLD1!,98684.0,98837.0,98683.0,98822.0,186.0
2025-08-20 11:45:00,MCX:GOLD1!,98826.0,98884.0,98800.0,98811.0,150.0
2025-08-20 12:00:00,MCX:GOLD1!,98811.0,98824.0,98769.0,98811.0,109.0
2025-08-20 12:15:00,MCX:GOLD1!,98801.0,98801.0,98725.0,98752.0,184.0
2025-08-20 12:30:00,MCX:GOLD1!,98760.0,98787.0,98706.0,98777.0,71.0
2025-08-20 12:45:00,MCX:GOLD1!,98780.0,98829.0,98735.0,98737.0,111.0
2025-08-20 13:00:00,MCX:GOLD1!,98743.0,98770.0,98714.0,98769.0,24.0
2025-08-20 13:15:00,MCX:GOLD1!,98760.0,98814.0,98730.0,98750.0,106.0
2025-08-20 13:30:00,MCX:GOLD1!,98725.0,98749.0,98677.0,98677.0,105.0
2025-08-20 13:45:00,MCX:GOLD1!,98680.0,98700.0,98617.0,98625.0,216.0
2025-08-20 14:00:00,MCX:GOLD1!,98618.0,98655.0,98615.0,98655.0,56.0
2025-08-20 14:15:00,MCX:GOLD1!,98675.0,98750.0,98658.0,98750.0,71.0
2025-08-20 14:30:00,MCX:GOLD1!,98731.0,98792.0,98687.0,98779.0,169.0
2025-08-20 14:45:00,MCX:GOLD1!,98780.0,98780.0,98715.0,98749.0,69.0
2025-08-20 15:00:00,MCX:GOLD1!,98739.0,98776.0,98729.0,98776.0,65.0
2025-08-20 15:15:00,MCX:GOLD1!,98756.0,98827.0,98756.0,98800.0,68.0
2025-08-20 15:30:00,MCX:GOLD1!,98796.0,98797.0,98757.0,98787.0,35.0
2025-08-20 15:45:00,MCX:GOLD1!,98773.0,98814.0,98766.0,98807.0,129.0
2025-08-20 16:00:00,MCX:GOLD1!,98820.0,98846.0,98810.0,98834.0,76.0
2025-08-20 16:15:00,MCX:GOLD1!,98831.0,98840.0,98798.0,98811.0,40.0
2025-08-20 16:30:00,MCX:GOLD1!,98815.0,98866.0,98785.0,98859.0,71.0
2025-08-20 16:45:00,MCX:GOLD1!,98861.0,98991.0,98861.0,98991.0,431.0
2025-08-20 17:00:00,MCX:GOLD1!,98975.0,98992.0,98925.0,98930.0,109.0
2025-08-20 17:15:00,MCX:GOLD1!,98930.0,99089.0,98930.0,99045.0,132.0
2025-08-20 17:30:00,MCX:GOLD1!,99023.0,99084.0,99023.0,99084.0,156.0
2025-08-20 17:45:00,MCX:GOLD1!,99080.0,99150.0,99066.0,99120.0,349.0
2025-08-20 18:00:00,MCX:GOLD1!,99130.0,99241.0,99130.0,99196.0,235.0
2025-08-20 18:15:00,MCX:GOLD1!,99176.0,99320.0,99174.0,99298.0,215.0
2025-08-20 18:30:00,MCX:GOLD1!,99278.0,99279.0,99217.0,99245.0,125.0
2025-08-20 18:45:00,MCX:GOLD1!,99250.0,99257.0,99150.0,99158.0,119.0
2025-08-20 19:00:00,MCX:GOLD1!,99175.0,99378.0,99175.0,99330.0,202.0
2025-08-20 19:15:00,MCX:GOLD1!,99331.0,99331.0,99200.0,99312.0,159.0
2025-08-20 19:30:00,MCX:GOLD1!,99308.0,99323.0,99200.0,99244.0,142.0
2025-08-20 19:45:00,MCX:GOLD1!,99230.0,99297.0,99190.0,99297.0,76.0
2025-08-20 20:00:00,MCX:GOLD1!,99286.0,99338.0,99265.0,99325.0,172.0
2025-08-20 20:15:00,MCX:GOLD1!,99308.0,99410.0,99308.0,99349.0,284.0
2025-08-20 20:30:00,MCX:GOLD1!,99331.0,99337.0,99222.0,99230.0,134.0
2025-08-20 20:45:00,MCX:GOLD1!,99240.0,99256.0,99194.0,99230.0,65.0
2025-08-20 21:00:00,MCX:GOLD1!,99232.0,99265.0,99190.0,99202.0,47.0
2025-08-20 21:15:00,MCX:GOLD1!,99218.0,99242.0,99175.0,99202.0,29.0
2025-08-20 21:30:00,MCX:GOLD1!,99202.0,99283.0,99202.0,99275.0,30.0
2025-08-20 21:45:00,MCX:GOLD1!,99270.0,99300.0,99255.0,99257.0,31.0
2025-08-20 22:00:00,MCX:GOLD1!,99263.0,99291.0,99262.0,99291.0,25.0
2025-08-20 22:15:00,MCX:GOLD1!,99292.0,99294.0,99262.0,99283.0,34.0
2025-08-20 22:30:00,MCX:GOLD1!,99285.0,99300.0,99255.0,99300.0,35.0
2025-08-20 22:45:00,MCX:GOLD1!,99291.0,99312.0,99265.0,99265.0,31.0
2025-08-20 23:00:00,MCX:GOLD1!,99275.0,99299.0,99266.0,99299.0,42.0
2025-08-20 23:15:00,MCX:GOLD1!,99299.0,99327.0,99280.0,99294.0,188.0
2025-08-21 09:00:00,MCX:GOLD1!,99149.0,99282.0,99145.0,99159.0,151.0
2025-08-21 09:15:00,MCX:GOLD1!,99150.0,99150.0,99057.0,99060.0,125.0
2025-08-21 09:30:00,MCX:GOLD1!,99060.0,99128.0,99053.0,99101.0,84.0
2025-08-21 09:45:00,MCX:GOLD1!,99087.0,99089.0,99060.0,99089.0,45.0
2025-08-21 10:00:00,MCX:GOLD1!,99089.0,99139.0,99059.0,99061.0,77.0
2025-08-21 10:15:00,MCX:GOLD1!,99059.0,99060.0,99017.0,99029.0,110.0
2025-08-21 10:30:00,MCX:GOLD1!,99048.0,99048.0,99011.0,99025.0,53.0
2025-08-21 10:45:00,MCX:GOLD1!,99037.0,99095.0,99037.0,99079.0,51.0
2025-08-21 11:00:00,MCX:GOLD1!,99070.0,99117.0,99070.0,99075.0,80.0
2025-08-21 11:15:00,MCX:GOLD1!,99075.0,99095.0,99051.0,99051.0,55.0
2025-08-21 11:30:00,MCX:GOLD1!,99050.0,99069.0,99027.0,99042.0,53.0
2025-08-21 11:45:00,MCX:GOLD1!,99045.0,99045.0,98915.0,98927.0,166.0
2025-08-21 12:00:00,MCX:GOLD1!,98927.0,99029.0,98916.0,99015.0,101.0
2025-08-21 12:15:00,MCX:GOLD1!,99000.0,99000.0,98953.0,98979.0,33.0
2025-08-21 12:30:00,MCX:GOLD1!,98985.0,99040.0,98979.0,99040.0,45.0
2025-08-21 12:45:00,MCX:GOLD1!,99044.0,99044.0,99001.0,99040.0,51.0
2025-08-21 13:00:00,MCX:GOLD1!,99040.0,99124.0,99024.0,99117.0,107.0
2025-08-21 13:15:00,MCX:GOLD1!,99143.0,99190.0,99129.0,99150.0,125.0
2025-08-21 13:30:00,MCX:GOLD1!,99150.0,99207.0,99150.0,99197.0,80.0
2025-08-21 13:45:00,MCX:GOLD1!,99200.0,99230.0,99164.0,99195.0,106.0
2025-08-21 14:00:00,MCX:GOLD1!,99195.0,99220.0,99128.0,99132.0,107.0
2025-08-21 14:15:00,MCX:GOLD1!,99135.0,99239.0,99128.0,99221.0,135.0
2025-08-21 14:30:00,MCX:GOLD1!,99200.0,99317.0,99200.0,99310.0,115.0
2025-08-21 14:45:00,MCX:GOLD1!,99317.0,99317.0,99230.0,99271.0,100.0
2025-08-21 15:00:00,MCX:GOLD1!,99272.0,99346.0,99261.0,99315.0,102.0
2025-08-21 15:15:00,MCX:GOLD1!,99315.0,99400.0,99313.0,99390.0,139.0
2025-08-21 15:30:00,MCX:GOLD1!,99390.0,99401.0,99300.0,99325.0,95.0
2025-08-21 15:45:00,MCX:GOLD1!,99320.0,99333.0,99300.0,99301.0,108.0
2025-08-21 16:00:00,MCX:GOLD1!,99290.0,99301.0,99070.0,99117.0,209.0
2025-08-21 16:15:00,MCX:GOLD1!,99110.0,99150.0,99040.0,99060.0,125.0
2025-08-21 16:30:00,MCX:GOLD1!,99067.0,99099.0,99000.0,99070.0,157.0
2025-08-21 16:45:00,MCX:GOLD1!,99102.0,99172.0,99073.0,99119.0,82.0
2025-08-21 17:00:00,MCX:GOLD1!,99119.0,99199.0,99109.0,99177.0,45.0
2025-08-21 17:15:00,MCX:GOLD1!,99185.0,99229.0,99144.0,99189.0,115.0
2025-08-21 17:30:00,MCX:GOLD1!,99200.0,99427.0,99199.0,99385.0,249.0
2025-08-21 17:45:00,MCX:GOLD1!,99378.0,99405.0,99251.0,99280.0,141.0
2025-08-21 18:00:00,MCX:GOLD1!,99328.0,99471.0,99280.0,99378.0,299.0
2025-08-21 18:15:00,MCX:GOLD1!,99351.0,99428.0,99331.0,99385.0,112.0
2025-08-21 18:30:00,MCX:GOLD1!,99385.0,99430.0,99323.0,99410.0,97.0
2025-08-21 18:45:00,MCX:GOLD1!,99394.0,99489.0,99394.0,99450.0,153.0
2025-08-21 19:00:00,MCX:GOLD1!,99462.0,99535.0,99462.0,99514.0,365.0
2025-08-21 19:15:00,MCX:GOLD1!,99430.0,99436.0,99319.0,99399.0,281.0
2025-08-21 19:30:00,MCX:GOLD1!,99399.0,99500.0,99355.0,99480.0,144.0
2025-08-21 19:45:00,MCX:GOLD1!,99476.0,99500.0,99440.0,99490.0,111.0
2025-08-21 20:00:00,MCX:GOLD1!,99491.0,99595.0,99490.0,99490.0,316.0
2025-08-21 20:15:00,MCX:GOLD1!,99490.0,99499.0,99432.0,99495.0,83.0
2025-08-21 20:30:00,MCX:GOLD1!,99517.0,99522.0,99392.0,99420.0,78.0
2025-08-21 20:45:00,MCX:GOLD1!,99400.0,99490.0,99380.0,99475.0,69.0
2025-08-21 21:00:00,MCX:GOLD1!,99476.0,99550.0,99417.0,99540.0,161.0
2025-08-21 21:15:00,MCX:GOLD1!,99550.0,99550.0,99502.0,99535.0,106.0
2025-08-21 21:30:00,MCX:GOLD1!,99540.0,99540.0,99483.0,99501.0,66.0
2025-08-21 21:45:00,MCX:GOLD1!,99498.0,99506.0,99449.0,99455.0,31.0
2025-08-21 22:00:00,MCX:GOLD1!,99460.0,99473.0,99432.0,99470.0,33.0
2025-08-21 22:15:00,MCX:GOLD1!,99455.0,99457.0,99436.0,99442.0,15.0
2025-08-21 22:30:00,MCX:GOLD1!,99463.0,99502.0,99432.0,99432.0,47.0
2025-08-21 22:45:00,MCX:GOLD1!,99476.0,99476.0,99424.0,99424.0,33.0
2025-08-21 23:00:00,MCX:GOLD1!,99433.0,99468.0,99417.0,99426.0,70.0
2025-08-21 23:15:00,MCX:GOLD1!,99430.0,99455.0,99405.0,99405.0,148.0
2025-08-22 09:00:00,MCX:GOLD1!,99495.0,99750.0,99300.0,99311.0,138.0
2025-08-22 09:15:00,MCX:GOLD1!,99308.0,99334.0,99270.0,99282.0,125.0
2025-08-22 09:30:00,MCX:GOLD1!,99299.0,99335.0,99281.0,99314.0,45.0
2025-08-22 09:45:00,MCX:GOLD1!,99316.0,99321.0,99260.0,99260.0,115.0
2025-08-22 10:00:00,MCX:GOLD1!,99263.0,99330.0,99263.0,99276.0,21.0
2025-08-22 10:15:00,MCX:GOLD1!,99281.0,99294.0,99261.0,99275.0,22.0
2025-08-22 10:30:00,MCX:GOLD1!,99299.0,99300.0,99284.0,99300.0,47.0
2025-08-22 10:45:00,MCX:GOLD1!,99300.0,99346.0,99281.0,99324.0,93.0
2025-08-22 11:00:00,MCX:GOLD1!,99330.0,99378.0,99292.0,99329.0,94.0
2025-08-22 11:15:00,MCX:GOLD1!,99335.0,99349.0,99301.0,99312.0,48.0
2025-08-22 11:30:00,MCX:GOLD1!,99312.0,99320.0,99264.0,99271.0,55.0
2025-08-22 11:45:00,MCX:GOLD1!,99281.0,99281.0,99222.0,99222.0,119.0
2025-08-22 12:00:00,MCX:GOLD1!,99226.0,99236.0,99200.0,99200.0,86.0
2025-08-22 12:15:00,MCX:GOLD1!,99207.0,99284.0,99173.0,99284.0,111.0
2025-08-22 12:30:00,MCX:GOLD1!,99295.0,99394.0,99280.0,99350.0,138.0
2025-08-22 12:45:00,MCX:GOLD1!,99352.0,99400.0,99323.0,99355.0,70.0
2025-08-22 13:00:00,MCX:GOLD1!,99350.0,99350.0,99270.0,99270.0,73.0
2025-08-22 13:15:00,MCX:GOLD1!,99274.0,99274.0,99209.0,99243.0,158.0
2025-08-22 13:30:00,MCX:GOLD1!,99250.0,99300.0,99240.0,99300.0,85.0
2025-08-22 13:45:00,MCX:GOLD1!,99327.0,99329.0,99232.0,99299.0,62.0
2025-08-22 14:00:00,MCX:GOLD1!,99292.0,99329.0,99280.0,99280.0,29.0
2025-08-22 14:15:00,MCX:GOLD1!,99264.0,99330.0,99251.0,99310.0,40.0
2025-08-22 14:30:00,MCX:GOLD1!,99300.0,99355.0,99300.0,99344.0,33.0
2025-08-22 14:45:00,MCX:GOLD1!,99348.0,99364.0,99301.0,99301.0,32.0
2025-08-22 15:00:00,MCX:GOLD1!,99301.0,99386.0,99301.0,99381.0,90.0
2025-08-22 15:15:00,MCX:GOLD1!,99374.0,99375.0,99315.0,99340.0,49.0
2025-08-22 15:30:00,MCX:GOLD1!,99351.0,99378.0,99351.0,99377.0,20.0
2025-08-22 15:45:00,MCX:GOLD1!,99375.0,99375.0,99327.0,99327.0,21.0
2025-08-22 16:00:00,MCX:GOLD1!,99343.0,99375.0,99340.0,99367.0,62.0
2025-08-22 16:15:00,MCX:GOLD1!,99366.0,99380.0,99346.0,99349.0,47.0
2025-08-22 16:30:00,MCX:GOLD1!,99367.0,99367.0,99311.0,99311.0,24.0
2025-08-22 16:45:00,MCX:GOLD1!,99319.0,99325.0,99268.0,99325.0,80.0
2025-08-22 17:00:00,MCX:GOLD1!,99335.0,99345.0,99283.0,99300.0,60.0
2025-08-22 17:15:00,MCX:GOLD1!,99290.0,99322.0,99259.0,99278.0,58.0
2025-08-22 17:30:00,MCX:GOLD1!,99280.0,99280.0,99228.0,99243.0,104.0
2025-08-22 17:45:00,MCX:GOLD1!,99235.0,99322.0,99235.0,99260.0,39.0
2025-08-22 18:00:00,MCX:GOLD1!,99266.0,99270.0,99168.0,99224.0,181.0
2025-08-22 18:15:00,MCX:GOLD1!,99215.0,99268.0,99200.0,99200.0,93.0
2025-08-22 18:30:00,MCX:GOLD1!,99205.0,99280.0,99191.0,99191.0,111.0
2025-08-22 18:45:00,MCX:GOLD1!,99191.0,99278.0,99190.0,99278.0,74.0
2025-08-22 19:00:00,MCX:GOLD1!,99276.0,99427.0,99272.0,99372.0,166.0
2025-08-22 19:15:00,MCX:GOLD1!,99390.0,99419.0,99350.0,99363.0,73.0
2025-08-22 19:30:00,MCX:GOLD1!,99400.0,99916.0,99400.0,99899.0,1854.0
2025-08-22 19:45:00,MCX:GOLD1!,99888.0,100100.0,99867.0,100073.0,909.0
2025-08-22 20:00:00,MCX:GOLD1!,100089.0,100300.0,100089.0,100268.0,849.0
2025-08-22 20:15:00,MCX:GOLD1!,100250.0,100396.0,100244.0,100335.0,608.0
2025-08-22 20:30:00,MCX:GOLD1!,100335.0,100398.0,100308.0,100381.0,512.0
2025-08-22 20:45:00,MCX:GOLD1!,100381.0,100420.0,100332.0,100407.0,395.0
2025-08-22 21:00:00,MCX:GOLD1!,100407.0,100449.0,100329.0,100330.0,298.0
2025-08-22 21:15:00,MCX:GOLD1!,100330.0,100350.0,100239.0,100255.0,471.0
2025-08-22 21:30:00,MCX:GOLD1!,100274.0,100374.0,100274.0,100335.0,106.0
2025-08-22 21:45:00,MCX:GOLD1!,100331.0,100377.0,100260.0,100260.0,122.0
2025-08-22 22:00:00,MCX:GOLD1!,100260.0,100340.0,100260.0,100299.0,83.0
2025-08-22 22:15:00,MCX:GOLD1!,100299.0,100322.0,100280.0,100280.0,34.0
2025-08-22 22:30:00,MCX:GOLD1!,100300.0,100373.0,100300.0,100342.0,83.0
2025-08-22 22:45:00,MCX:GOLD1!,100346.0,100368.0,100331.0,100365.0,92.0
2025-08-22 23:00:00,MCX:GOLD1!,100363.0,100366.0,100336.0,100352.0,106.0
2025-08-22 23:15:00,MCX:GOLD1!,100360.0,100413.0,100360.0,100391.0,301.0
2025-08-25 09:00:00,MCX:GOLD1!,100195.0,100310.0,100195.0,100281.0,187.0
2025-08-25 09:15:00,MCX:GOLD1!,100280.0,100316.0,100280.0,100297.0,49.0
2025-08-25 09:30:00,MCX:GOLD1!,100274.0,100328.0,100240.0,100312.0,107.0
2025-08-25 09:45:00,MCX:GOLD1!,100332.0,100388.0,100303.0,100370.0,99.0
2025-08-25 10:00:00,MCX:GOLD1!,100375.0,100400.0,100324.0,100324.0,100.0
2025-08-25 10:15:00,MCX:GOLD1!,100325.0,100366.0,100325.0,100330.0,86.0
2025-08-25 10:30:00,MCX:GOLD1!,100330.0,100341.0,100297.0,100321.0,66.0
2025-08-25 10:45:00,MCX:GOLD1!,100323.0,100323.0,100285.0,100285.0,28.0
2025-08-25 11:00:00,MCX:GOLD1!,100292.0,100333.0,100292.0,100333.0,28.0
2025-08-25 11:15:00,MCX:GOLD1!,100326.0,100358.0,100311.0,100348.0,78.0
2025-08-25 11:30:00,MCX:GOLD1!,100348.0,100382.0,100332.0,100377.0,70.0
2025-08-25 11:45:00,MCX:GOLD1!,100375.0,100440.0,100375.0,100419.0,107.0
2025-08-25 12:00:00,MCX:GOLD1!,100422.0,100433.0,100399.0,100410.0,178.0
2025-08-25 12:15:00,MCX:GOLD1!,100410.0,100475.0,100407.0,100470.0,190.0
2025-08-25 12:30:00,MCX:GOLD1!,100451.0,100471.0,100420.0,100467.0,55.0
2025-08-25 12:45:00,MCX:GOLD1!,100450.0,100454.0,100410.0,100444.0,43.0
2025-08-25 13:00:00,MCX:GOLD1!,100450.0,100460.0,100417.0,100429.0,30.0
2025-08-25 13:15:00,MCX:GOLD1!,100448.0,100448.0,100417.0,100428.0,26.0
2025-08-25 13:30:00,MCX:GOLD1!,100417.0,100475.0,100410.0,100459.0,71.0
2025-08-25 13:45:00,MCX:GOLD1!,100440.0,100441.0,100393.0,100403.0,66.0
2025-08-25 14:00:00,MCX:GOLD1!,100410.0,100466.0,100410.0,100459.0,38.0
2025-08-25 14:15:00,MCX:GOLD1!,100448.0,100500.0,100448.0,100470.0,80.0
2025-08-25 14:30:00,MCX:GOLD1!,100450.0,100450.0,100400.0,100412.0,57.0
2025-08-25 14:45:00,MCX:GOLD1!,100409.0,100409.0,100343.0,100356.0,137.0
2025-08-25 15:00:00,MCX:GOLD1!,100345.0,100442.0,100343.0,100441.0,98.0
2025-08-25 15:15:00,MCX:GOLD1!,100454.0,100561.0,100454.0,100521.0,207.0
2025-08-25 15:30:00,MCX:GOLD1!,100532.0,100561.0,100515.0,100525.0,58.0
2025-08-25 15:45:00,MCX:GOLD1!,100533.0,100540.0,100475.0,100475.0,22.0
2025-08-25 16:00:00,MCX:GOLD1!,100490.0,100567.0,100490.0,100530.0,112.0
2025-08-25 16:15:00,MCX:GOLD1!,100532.0,100540.0,100490.0,100500.0,53.0
2025-08-25 16:30:00,MCX:GOLD1!,100490.0,100540.0,100490.0,100527.0,33.0
2025-08-25 16:45:00,MCX:GOLD1!,100518.0,100539.0,100518.0,100539.0,7.0
2025-08-25 17:00:00,MCX:GOLD1!,100544.0,100587.0,100541.0,100587.0,84.0
2025-08-25 17:15:00,MCX:GOLD1!,100588.0,100622.0,100584.0,100611.0,125.0
2025-08-25 17:30:00,MCX:GOLD1!,100595.0,100602.0,100560.0,100560.0,60.0
2025-08-25 17:45:00,MCX:GOLD1!,100561.0,100609.0,100546.0,100575.0,60.0
2025-08-25 18:00:00,MCX:GOLD1!,100545.0,100545.0,100458.0,100475.0,143.0
2025-08-25 18:15:00,MCX:GOLD1!,100474.0,100501.0,100437.0,100445.0,89.0
2025-08-25 18:30:00,MCX:GOLD1!,100455.0,100458.0,100367.0,100410.0,122.0
2025-08-25 18:45:00,MCX:GOLD1!,100411.0,100452.0,100398.0,100430.0,37.0
2025-08-25 19:00:00,MCX:GOLD1!,100422.0,100530.0,100422.0,100509.0,156.0
2025-08-25 19:15:00,MCX:GOLD1!,100500.0,100591.0,100474.0,100572.0,66.0
2025-08-25 19:30:00,MCX:GOLD1!,100577.0,100659.0,100551.0,100650.0,258.0
2025-08-25 19:45:00,MCX:GOLD1!,100650.0,100650.0,100536.0,100560.0,170.0
2025-08-25 20:00:00,MCX:GOLD1!,100570.0,100630.0,100570.0,100630.0,114.0
2025-08-25 20:15:00,MCX:GOLD1!,100629.0,100656.0,100613.0,100648.0,111.0
2025-08-25 20:30:00,MCX:GOLD1!,100650.0,100696.0,100627.0,100695.0,207.0
2025-08-25 20:45:00,MCX:GOLD1!,100694.0,100720.0,100650.0,100650.0,111.0
2025-08-25 21:00:00,MCX:GOLD1!,100670.0,100670.0,100605.0,100630.0,97.0
2025-08-25 21:15:00,MCX:GOLD1!,100651.0,100685.0,100632.0,100660.0,82.0
2025-08-25 21:30:00,MCX:GOLD1!,100665.0,100670.0,100635.0,100651.0,43.0
2025-08-25 21:45:00,MCX:GOLD1!,100642.0,100646.0,100623.0,100623.0,21.0
2025-08-25 22:00:00,MCX:GOLD1!,100621.0,100650.0,100597.0,100648.0,55.0
2025-08-25 22:15:00,MCX:GOLD1!,100650.0,100656.0,100634.0,100645.0,25.0
2025-08-25 22:30:00,MCX:GOLD1!,100635.0,100679.0,100623.0,100659.0,45.0
2025-08-25 22:45:00,MCX:GOLD1!,100660.0,100673.0,100650.0,100655.0,33.0
2025-08-25 23:00:00,MCX:GOLD1!,100650.0,100650.0,100604.0,100625.0,83.0
2025-08-25 23:15:00,MCX:GOLD1!,100639.0,100644.0,100601.0,100601.0,103.0
2025-08-26 09:00:00,MCX:GOLD1!,100864.0,100900.0,100787.0,100894.0,399.0
2025-08-26 09:15:00,MCX:GOLD1!,100892.0,100940.0,100874.0,100910.0,160.0
2025-08-26 09:30:00,MCX:GOLD1!,100909.0,100978.0,100907.0,100978.0,120.0
2025-08-26 09:45:00,MCX:GOLD1!,100970.0,101043.0,100970.0,101032.0,192.0
2025-08-26 10:00:00,MCX:GOLD1!,101033.0,101079.0,100990.0,101069.0,158.0
2025-08-26 10:15:00,MCX:GOLD1!,101070.0,101090.0,101031.0,101031.0,86.0
2025-08-26 10:30:00,MCX:GOLD1!,101030.0,101050.0,100926.0,100942.0,139.0
2025-08-26 10:45:00,MCX:GOLD1!,100942.0,100950.0,100885.0,100910.0,168.0
2025-08-26 11:00:00,MCX:GOLD1!,100902.0,100990.0,100865.0,100990.0,130.0
2025-08-26 11:15:00,MCX:GOLD1!,100990.0,101027.0,100960.0,100999.0,94.0
2025-08-26 11:30:00,MCX:GOLD1!,100999.0,100999.0,100930.0,100965.0,55.0
2025-08-26 11:45:00,MCX:GOLD1!,100965.0,100966.0,100894.0,100918.0,121.0
2025-08-26 12:00:00,MCX:GOLD1!,100910.0,100981.0,100905.0,100933.0,99.0
2025-08-26 12:15:00,MCX:GOLD1!,100940.0,100980.0,100937.0,100964.0,43.0
2025-08-26 12:30:00,MCX:GOLD1!,100951.0,100974.0,100844.0,100856.0,94.0
2025-08-26 12:45:00,MCX:GOLD1!,100891.0,100891.0,100769.0,100850.0,205.0
2025-08-26 13:00:00,MCX:GOLD1!,100850.0,100980.0,100840.0,100980.0,74.0
2025-08-26 13:15:00,MCX:GOLD1!,100979.0,101021.0,100950.0,100983.0,149.0
2025-08-26 13:30:00,MCX:GOLD1!,100970.0,101036.0,100967.0,101000.0,92.0
2025-08-26 13:45:00,MCX:GOLD1!,100980.0,101014.0,100934.0,101000.0,42.0
2025-08-26 14:00:00,MCX:GOLD1!,101004.0,101030.0,100992.0,101010.0,70.0
2025-08-26 14:15:00,MCX:GOLD1!,100992.0,101005.0,100955.0,100955.0,23.0
2025-08-26 14:30:00,MCX:GOLD1!,100950.0,100959.0,100900.0,100903.0,35.0
2025-08-26 14:45:00,MCX:GOLD1!,100900.0,100982.0,100880.0,100913.0,163.0
2025-08-26 15:00:00,MCX:GOLD1!,100892.0,100908.0,100810.0,100818.0,186.0
2025-08-26 15:15:00,MCX:GOLD1!,100816.0,100861.0,100738.0,100856.0,300.0
2025-08-26 15:30:00,MCX:GOLD1!,100856.0,100899.0,100771.0,100776.0,129.0
2025-08-26 15:45:00,MCX:GOLD1!,100799.0,100846.0,100794.0,100800.0,73.0
2025-08-26 16:00:00,MCX:GOLD1!,100800.0,100800.0,100700.0,100736.0,132.0
2025-08-26 16:15:00,MCX:GOLD1!,100736.0,100839.0,100736.0,100819.0,66.0
2025-08-26 16:30:00,MCX:GOLD1!,100831.0,100908.0,100800.0,100895.0,151.0
2025-08-26 16:45:00,MCX:GOLD1!,100891.0,100930.0,100887.0,100925.0,96.0
2025-08-26 17:00:00,MCX:GOLD1!,100933.0,100974.0,100894.0,100958.0,162.0
2025-08-26 17:15:00,MCX:GOLD1!,100964.0,100980.0,100918.0,100918.0,87.0
2025-08-26 17:30:00,MCX:GOLD1!,100934.0,100959.0,100903.0,100943.0,81.0
2025-08-26 17:45:00,MCX:GOLD1!,100920.0,100980.0,100915.0,100935.0,97.0
2025-08-26 18:00:00,MCX:GOLD1!,100926.0,100950.0,100892.0,100930.0,86.0
2025-08-26 18:15:00,MCX:GOLD1!,100936.0,100950.0,100771.0,100800.0,126.0
2025-08-26 18:30:00,MCX:GOLD1!,100800.0,100849.0,100768.0,100825.0,151.0
2025-08-26 18:45:00,MCX:GOLD1!,100825.0,100873.0,100802.0,100873.0,106.0
2025-08-26 19:00:00,MCX:GOLD1!,100865.0,100966.0,100865.0,100933.0,103.0
2025-08-26 19:15:00,MCX:GOLD1!,100930.0,100930.0,100835.0,100900.0,54.0
2025-08-26 19:30:00,MCX:GOLD1!,100866.0,100886.0,100810.0,100818.0,79.0
2025-08-26 19:45:00,MCX:GOLD1!,100826.0,100920.0,100814.0,100872.0,74.0
2025-08-26 20:00:00,MCX:GOLD1!,100872.0,100922.0,100857.0,100902.0,24.0
2025-08-26 20:15:00,MCX:GOLD1!,100902.0,100958.0,100902.0,100957.0,131.0
2025-08-26 20:30:00,MCX:GOLD1!,100957.0,100994.0,100935.0,100980.0,94.0
2025-08-26 20:45:00,MCX:GOLD1!,100971.0,101033.0,100935.0,100990.0,140.0
2025-08-26 21:00:00,MCX:GOLD1!,101000.0,101109.0,101000.0,101106.0,330.0
2025-08-26 21:15:00,MCX:GOLD1!,101087.0,101206.0,101087.0,101184.0,368.0
2025-08-26 21:30:00,MCX:GOLD1!,101160.0,101180.0,101108.0,101125.0,89.0
2025-08-26 21:45:00,MCX:GOLD1!,101119.0,101140.0,101074.0,101132.0,85.0
2025-08-26 22:00:00,MCX:GOLD1!,101133.0,101160.0,101111.0,101111.0,65.0
2025-08-26 22:15:00,MCX:GOLD1!,101115.0,101125.0,101087.0,101112.0,40.0
2025-08-26 22:30:00,MCX:GOLD1!,101112.0,101126.0,101092.0,101126.0,76.0
2025-08-26 22:45:00,MCX:GOLD1!,101118.0,101163.0,101117.0,101117.0,91.0
2025-08-26 23:00:00,MCX:GOLD1!,101111.0,101134.0,101072.0,101073.0,90.0
2025-08-26 23:15:00,MCX:GOLD1!,101085.0,101110.0,101055.0,101070.0,166.0
2025-08-27 17:00:00,MCX:GOLD1!,100961.0,101037.0,100858.0,101005.0,357.0
2025-08-27 17:15:00,MCX:GOLD1!,101005.0,101115.0,100987.0,101070.0,144.0
2025-08-27 17:30:00,MCX:GOLD1!,101082.0,101090.0,101022.0,101076.0,96.0
2025-08-27 17:45:00,MCX:GOLD1!,101072.0,101249.0,101072.0,101219.0,183.0
2025-08-27 18:00:00,MCX:GOLD1!,101219.0,101256.0,101200.0,101230.0,106.0
2025-08-27 18:15:00,MCX:GOLD1!,101230.0,101263.0,101200.0,101203.0,127.0
2025-08-27 18:30:00,MCX:GOLD1!,101220.0,101300.0,101208.0,101272.0,136.0
2025-08-27 18:45:00,MCX:GOLD1!,101285.0,101300.0,101250.0,101250.0,49.0
2025-08-27 19:00:00,MCX:GOLD1!,101227.0,101227.0,101117.0,101130.0,168.0
2025-08-27 19:15:00,MCX:GOLD1!,101105.0,101113.0,101034.0,101082.0,134.0
2025-08-27 19:30:00,MCX:GOLD1!,101086.0,101151.0,101086.0,101138.0,133.0
2025-08-27 19:45:00,MCX:GOLD1!,101160.0,101230.0,101159.0,101210.0,91.0
2025-08-27 20:00:00,MCX:GOLD1!,101209.0,101235.0,101155.0,101204.0,96.0
2025-08-27 20:15:00,MCX:GOLD1!,101225.0,101320.0,101213.0,101318.0,154.0
2025-08-27 20:30:00,MCX:GOLD1!,101311.0,101442.0,101267.0,101428.0,288.0
2025-08-27 20:45:00,MCX:GOLD1!,101418.0,101447.0,101331.0,101365.0,161.0
2025-08-27 21:00:00,MCX:GOLD1!,101365.0,101409.0,101340.0,101399.0,107.0
2025-08-27 21:15:00,MCX:GOLD1!,101405.0,101405.0,101325.0,101365.0,87.0
2025-08-27 21:30:00,MCX:GOLD1!,101365.0,101386.0,101358.0,101361.0,25.0
2025-08-27 21:45:00,MCX:GOLD1!,101350.0,101420.0,101340.0,101418.0,88.0
2025-08-27 22:00:00,MCX:GOLD1!,101425.0,101535.0,101410.0,101495.0,460.0
2025-08-27 22:15:00,MCX:GOLD1!,101481.0,101596.0,101480.0,101577.0,429.0
2025-08-27 22:30:00,MCX:GOLD1!,101557.0,101612.0,101535.0,101550.0,236.0
2025-08-27 22:45:00,MCX:GOLD1!,101555.0,101579.0,101550.0,101565.0,128.0
2025-08-27 23:00:00,MCX:GOLD1!,101550.0,101555.0,101511.0,101547.0,112.0
2025-08-27 23:15:00,MCX:GOLD1!,101547.0,101565.0,101525.0,101525.0,221.0
2025-08-28 09:00:00,MCX:GOLD1!,101401.0,101454.0,101339.0,101378.0,440.0
2025-08-28 09:15:00,MCX:GOLD1!,101374.0,101385.0,101344.0,101345.0,217.0
2025-08-28 09:30:00,MCX:GOLD1!,101343.0,101397.0,101334.0,101381.0,237.0
2025-08-28 09:45:00,MCX:GOLD1!,101379.0,101400.0,101364.0,101400.0,100.0
2025-08-28 10:00:00,MCX:GOLD1!,101400.0,101455.0,101373.0,101425.0,102.0
2025-08-28 10:15:00,MCX:GOLD1!,101413.0,101451.0,101400.0,101422.0,56.0
2025-08-28 10:30:00,MCX:GOLD1!,101422.0,101430.0,101393.0,101419.0,53.0
2025-08-28 10:45:00,MCX:GOLD1!,101398.0,101422.0,101376.0,101415.0,64.0
2025-08-28 11:00:00,MCX:GOLD1!,101415.0,101415.0,101367.0,101381.0,198.0
2025-08-28 11:15:00,MCX:GOLD1!,101388.0,101397.0,101365.0,101387.0,30.0
2025-08-28 11:30:00,MCX:GOLD1!,101380.0,101490.0,101380.0,101445.0,185.0
2025-08-28 11:45:00,MCX:GOLD1!,101465.0,101500.0,101425.0,101440.0,221.0
2025-08-28 12:00:00,MCX:GOLD1!,101455.0,101580.0,101440.0,101580.0,278.0
2025-08-28 12:15:00,MCX:GOLD1!,101568.0,101650.0,101568.0,101600.0,379.0
2025-08-28 12:30:00,MCX:GOLD1!,101600.0,101610.0,101550.0,101600.0,99.0
2025-08-28 12:45:00,MCX:GOLD1!,101604.0,101638.0,101541.0,101550.0,92.0
2025-08-28 13:00:00,MCX:GOLD1!,101545.0,101567.0,101520.0,101550.0,84.0
2025-08-28 13:15:00,MCX:GOLD1!,101543.0,101543.0,101522.0,101535.0,23.0
2025-08-28 13:30:00,MCX:GOLD1!,101530.0,101550.0,101475.0,101475.0,116.0
2025-08-28 13:45:00,MCX:GOLD1!,101481.0,101543.0,101477.0,101540.0,40.0
2025-08-28 14:00:00,MCX:GOLD1!,101531.0,101646.0,101531.0,101633.0,100.0
2025-08-28 14:15:00,MCX:GOLD1!,101615.0,101699.0,101615.0,101699.0,167.0
2025-08-28 14:30:00,MCX:GOLD1!,101699.0,101710.0,101684.0,101708.0,163.0
2025-08-28 14:45:00,MCX:GOLD1!,101710.0,101710.0,101675.0,101675.0,126.0
2025-08-28 15:00:00,MCX:GOLD1!,101673.0,101700.0,101660.0,101690.0,73.0
2025-08-28 15:15:00,MCX:GOLD1!,101690.0,101696.0,101651.0,101672.0,71.0
2025-08-28 15:30:00,MCX:GOLD1!,101669.0,101669.0,101553.0,101571.0,154.0
2025-08-28 15:45:00,MCX:GOLD1!,101574.0,101650.0,101574.0,101628.0,58.0
2025-08-28 16:00:00,MCX:GOLD1!,101635.0,101677.0,101584.0,101624.0,99.0
2025-08-28 16:15:00,MCX:GOLD1!,101644.0,101656.0,101620.0,101642.0,40.0
2025-08-28 16:30:00,MCX:GOLD1!,101642.0,101679.0,101616.0,101633.0,56.0
2025-08-28 16:45:00,MCX:GOLD1!,101658.0,101744.0,101645.0,101734.0,291.0
2025-08-28 17:00:00,MCX:GOLD1!,101744.0,101833.0,101736.0,101780.0,311.0
2025-08-28 17:15:00,MCX:GOLD1!,101770.0,101820.0,101768.0,101780.0,162.0
2025-08-28 17:30:00,MCX:GOLD1!,101785.0,101878.0,101772.0,101830.0,173.0
2025-08-28 17:45:00,MCX:GOLD1!,101830.0,101890.0,101830.0,101842.0,213.0
2025-08-28 18:00:00,MCX:GOLD1!,101830.0,101830.0,101665.0,101725.0,387.0
2025-08-28 18:15:00,MCX:GOLD1!,101742.0,101745.0,101640.0,101682.0,183.0
2025-08-28 18:30:00,MCX:GOLD1!,101692.0,101735.0,101624.0,101707.0,154.0
2025-08-28 18:45:00,MCX:GOLD1!,101723.0,101881.0,101710.0,101830.0,232.0
2025-08-28 19:00:00,MCX:GOLD1!,101850.0,101864.0,101724.0,101790.0,223.0
2025-08-28 19:15:00,MCX:GOLD1!,101785.0,101929.0,101760.0,101884.0,309.0
2025-08-28 19:30:00,MCX:GOLD1!,101870.0,101949.0,101852.0,101942.0,250.0
2025-08-28 19:45:00,MCX:GOLD1!,101947.0,101949.0,101842.0,101930.0,122.0
2025-08-28 20:00:00,MCX:GOLD1!,101910.0,101983.0,101903.0,101929.0,195.0
2025-08-28 20:15:00,MCX:GOLD1!,101935.0,101960.0,101916.0,101950.0,116.0
2025-08-28 20:30:00,MCX:GOLD1!,101950.0,101954.0,101924.0,101938.0,133.0
2025-08-28 20:45:00,MCX:GOLD1!,101938.0,101938.0,101769.0,101801.0,157.0
2025-08-28 21:00:00,MCX:GOLD1!,101808.0,101840.0,101755.0,101815.0,96.0
2025-08-28 21:15:00,MCX:GOLD1!,101815.0,101910.0,101815.0,101898.0,65.0
2025-08-28 21:30:00,MCX:GOLD1!,101903.0,102012.0,101900.0,102000.0,276.0
2025-08-28 21:45:00,MCX:GOLD1!,102004.0,102080.0,102000.0,102060.0,305.0
2025-08-28 22:00:00,MCX:GOLD1!,102080.0,102125.0,102046.0,102050.0,241.0
2025-08-28 22:15:00,MCX:GOLD1!,102051.0,102107.0,102047.0,102064.0,97.0
2025-08-28 22:30:00,MCX:GOLD1!,102078.0,102108.0,102057.0,102083.0,68.0
2025-08-28 22:45:00,MCX:GOLD1!,102088.0,102107.0,102066.0,102070.0,75.0
2025-08-28 23:00:00,MCX:GOLD1!,102073.0,102101.0,102073.0,102087.0,93.0
2025-08-28 23:15:00,MCX:GOLD1!,102097.0,102125.0,102079.0,102090.0,293.0
2025-08-29 09:00:00,MCX:GOLD1!,102146.0,102226.0,102095.0,102178.0,299.0
2025-08-29 09:15:00,MCX:GOLD1!,102160.0,102189.0,102141.0,102162.0,116.0
2025-08-29 09:30:00,MCX:GOLD1!,102150.0,102150.0,102099.0,102139.0,137.0
2025-08-29 09:45:00,MCX:GOLD1!,102133.0,102145.0,102069.0,102145.0,99.0
2025-08-29 10:00:00,MCX:GOLD1!,102120.0,102168.0,102118.0,102163.0,91.0
2025-08-29 10:15:00,MCX:GOLD1!,102160.0,102180.0,102118.0,102151.0,93.0
2025-08-29 10:30:00,MCX:GOLD1!,102150.0,102153.0,102116.0,102120.0,50.0
2025-08-29 10:45:00,MCX:GOLD1!,102111.0,102150.0,102099.0,102150.0,56.0
2025-08-29 11:00:00,MCX:GOLD1!,102155.0,102220.0,102150.0,102165.0,188.0
2025-08-29 11:15:00,MCX:GOLD1!,102175.0,102225.0,102159.0,102221.0,203.0
2025-08-29 11:30:00,MCX:GOLD1!,102221.0,102280.0,102221.0,102276.0,171.0
2025-08-29 11:45:00,MCX:GOLD1!,102280.0,102308.0,102251.0,102280.0,188.0
2025-08-29 12:00:00,MCX:GOLD1!,102274.0,102295.0,102220.0,102237.0,108.0
2025-08-29 12:15:00,MCX:GOLD1!,102216.0,102291.0,102216.0,102279.0,146.0
2025-08-29 12:30:00,MCX:GOLD1!,102271.0,102355.0,102260.0,102295.0,196.0
2025-08-29 12:45:00,MCX:GOLD1!,102285.0,102300.0,102258.0,102280.0,76.0
2025-08-29 13:00:00,MCX:GOLD1!,102265.0,102356.0,102250.0,102325.0,146.0
2025-08-29 13:15:00,MCX:GOLD1!,102325.0,102397.0,102322.0,102392.0,115.0
2025-08-29 13:30:00,MCX:GOLD1!,102383.0,102575.0,102375.0,102566.0,459.0
2025-08-29 13:45:00,MCX:GOLD1!,102554.0,102734.0,102554.0,102650.0,772.0
2025-08-29 14:00:00,MCX:GOLD1!,102682.0,102739.0,102616.0,102730.0,308.0
2025-08-29 14:15:00,MCX:GOLD1!,102743.0,102772.0,102683.0,102724.0,184.0
2025-08-29 14:30:00,MCX:GOLD1!,102724.0,102774.0,102722.0,102740.0,235.0
2025-08-29 14:45:00,MCX:GOLD1!,102740.0,102813.0,102739.0,102739.0,299.0
2025-08-29 15:00:00,MCX:GOLD1!,102739.0,102745.0,102697.0,102736.0,220.0
2025-08-29 15:15:00,MCX:GOLD1!,102740.0,102757.0,102710.0,102711.0,305.0
2025-08-29 15:30:00,MCX:GOLD1!,102710.0,102715.0,102600.0,102611.0,342.0
2025-08-29 15:45:00,MCX:GOLD1!,102606.0,102641.0,102573.0,102590.0,94.0
2025-08-29 16:00:00,MCX:GOLD1!,102591.0,102616.0,102538.0,102595.0,176.0
2025-08-29 16:15:00,MCX:GOLD1!,102591.0,102591.0,102507.0,102530.0,126.0
2025-08-29 16:30:00,MCX:GOLD1!,102541.0,102550.0,102502.0,102540.0,88.0
2025-08-29 16:45:00,MCX:GOLD1!,102535.0,102642.0,102535.0,102642.0,173.0
2025-08-29 17:00:00,MCX:GOLD1!,102645.0,102685.0,102621.0,102672.0,96.0
2025-08-29 17:15:00,MCX:GOLD1!,102674.0,102740.0,102674.0,102714.0,111.0
2025-08-29 17:30:00,MCX:GOLD1!,102715.0,102733.0,102630.0,102653.0,127.0
2025-08-29 17:45:00,MCX:GOLD1!,102651.0,102715.0,102556.0,102628.0,135.0
2025-08-29 18:00:00,MCX:GOLD1!,102649.0,102749.0,102644.0,102725.0,195.0
2025-08-29 18:15:00,MCX:GOLD1!,102720.0,102797.0,102715.0,102797.0,136.0
2025-08-29 18:30:00,MCX:GOLD1!,102793.0,102869.0,102770.0,102859.0,337.0
2025-08-29 18:45:00,MCX:GOLD1!,102857.0,102944.0,102840.0,102880.0,302.0
2025-08-29 19:00:00,MCX:GOLD1!,102888.0,103218.0,102888.0,103131.0,612.0
2025-08-29 19:15:00,MCX:GOLD1!,103132.0,103278.0,103100.0,103270.0,377.0
2025-08-29 19:30:00,MCX:GOLD1!,103270.0,103607.0,103270.0,103515.0,715.0
2025-08-29 19:45:00,MCX:GOLD1!,103501.0,103595.0,103423.0,103532.0,501.0
2025-08-29 20:00:00,MCX:GOLD1!,103562.0,103750.0,103560.0,103638.0,717.0
2025-08-29 20:15:00,MCX:GOLD1!,103639.0,103691.0,103575.0,103650.0,500.0
2025-08-29 20:30:00,MCX:GOLD1!,103655.0,103687.0,103512.0,103675.0,422.0
2025-08-29 20:45:00,MCX:GOLD1!,103680.0,103777.0,103680.0,103766.0,349.0
2025-08-29 21:00:00,MCX:GOLD1!,103749.0,103898.0,103741.0,103898.0,263.0
2025-08-29 21:15:00,MCX:GOLD1!,103887.0,104053.0,103850.0,104015.0,592.0
2025-08-29 21:30:00,MCX:GOLD1!,104008.0,104090.0,103865.0,103868.0,977.0
2025-08-29 21:45:00,MCX:GOLD1!,103868.0,103959.0,103813.0,103909.0,432.0
2025-08-29 22:00:00,MCX:GOLD1!,103910.0,104008.0,103871.0,103949.0,331.0
2025-08-29 22:15:00,MCX:GOLD1!,103949.0,104019.0,103897.0,103972.0,343.0
2025-08-29 22:30:00,MCX:GOLD1!,103975.0,104021.0,103925.0,103963.0,349.0
2025-08-29 22:45:00,MCX:GOLD1!,103953.0,103990.0,103872.0,103936.0,407.0
2025-08-29 23:00:00,MCX:GOLD1!,103931.0,103936.0,103797.0,103797.0,637.0
2025-08-29 23:15:00,MCX:GOLD1!,103800.0,103822.0,103746.0,103779.0,692.0
2025-09-01 09:00:00,MCX:GOLD1!,104990.0,105937.0,104044.0,104853.0,1014.0
2025-09-01 09:15:00,MCX:GOLD1!,104854.0,104931.0,104778.0,104888.0,342.0
2025-09-01 09:30:00,MCX:GOLD1!,104875.0,104933.0,104850.0,104875.0,249.0
2025-09-01 09:45:00,MCX:GOLD1!,104882.0,104990.0,104860.0,104903.0,223.0
2025-09-01 10:00:00,MCX:GOLD1!,104888.0,104999.0,104851.0,104951.0,214.0
2025-09-01 10:15:00,MCX:GOLD1!,104962.0,104990.0,104920.0,104975.0,176.0
2025-09-01 10:30:00,MCX:GOLD1!,104952.0,105038.0,104944.0,104998.0,188.0
2025-09-01 10:45:00,MCX:GOLD1!,104992.0,105133.0,104992.0,105126.0,397.0
2025-09-01 11:00:00,MCX:GOLD1!,105090.0,105248.0,105011.0,105022.0,388.0
2025-09-01 11:15:00,MCX:GOLD1!,105049.0,105161.0,105039.0,105056.0,243.0
2025-09-01 11:30:00,MCX:GOLD1!,105056.0,105115.0,105010.0,105115.0,182.0
2025-09-01 11:45:00,MCX:GOLD1!,105113.0,105232.0,105097.0,105175.0,201.0
2025-09-01 12:00:00,MCX:GOLD1!,105174.0,105285.0,105131.0,105251.0,208.0
2025-09-01 12:15:00,MCX:GOLD1!,105251.0,105265.0,105012.0,105051.0,182.0
2025-09-01 12:30:00,MCX:GOLD1!,105051.0,105115.0,104915.0,104938.0,184.0
2025-09-01 12:45:00,MCX:GOLD1!,104938.0,104938.0,104799.0,104825.0,221.0
2025-09-01 13:00:00,MCX:GOLD1!,104825.0,104847.0,104710.0,104803.0,214.0
2025-09-01 13:15:00,MCX:GOLD1!,104830.0,104998.0,104811.0,104980.0,177.0
2025-09-01 13:30:00,MCX:GOLD1!,104998.0,105044.0,104921.0,104980.0,138.0
2025-09-01 13:45:00,MCX:GOLD1!,104981.0,105034.0,104900.0,105019.0,63.0
2025-09-01 14:00:00,MCX:GOLD1!,105015.0,105020.0,104936.0,104985.0,73.0
2025-09-01 14:15:00,MCX:GOLD1!,104985.0,105011.0,104850.0,104864.0,83.0
2025-09-01 14:30:00,MCX:GOLD1!,104884.0,104890.0,104739.0,104758.0,204.0
2025-09-01 14:45:00,MCX:GOLD1!,104773.0,104773.0,104583.0,104645.0,180.0
2025-09-01 15:00:00,MCX:GOLD1!,104647.0,104729.0,104589.0,104692.0,159.0
2025-09-01 15:15:00,MCX:GOLD1!,104697.0,104732.0,104631.0,104700.0,358.0
2025-09-01 15:30:00,MCX:GOLD1!,104700.0,104865.0,104630.0,104799.0,142.0
2025-09-01 15:45:00,MCX:GOLD1!,104794.0,104860.0,104733.0,104844.0,100.0
2025-09-01 16:00:00,MCX:GOLD1!,104849.0,104890.0,104769.0,104848.0,145.0
2025-09-01 16:15:00,MCX:GOLD1!,104845.0,104877.0,104810.0,104826.0,73.0
2025-09-01 16:30:00,MCX:GOLD1!,104826.0,104874.0,104775.0,104840.0,122.0
2025-09-01 16:45:00,MCX:GOLD1!,104843.0,104855.0,104800.0,104821.0,106.0
2025-09-01 17:00:00,MCX:GOLD1!,104843.0,104870.0,104801.0,104810.0,49.0
2025-09-01 17:15:00,MCX:GOLD1!,104850.0,104879.0,104752.0,104784.0,93.0
2025-09-01 17:30:00,MCX:GOLD1!,104775.0,104803.0,104708.0,104780.0,72.0
2025-09-01 17:45:00,MCX:GOLD1!,104792.0,104800.0,104651.0,104742.0,96.0
2025-09-01 18:00:00,MCX:GOLD1!,104760.0,104760.0,104699.0,104714.0,49.0
2025-09-01 18:15:00,MCX:GOLD1!,104683.0,104815.0,104670.0,104760.0,68.0
2025-09-01 18:30:00,MCX:GOLD1!,104731.0,104962.0,104720.0,104962.0,135.0
2025-09-01 18:45:00,MCX:GOLD1!,104962.0,104975.0,104881.0,104945.0,99.0
2025-09-01 19:00:00,MCX:GOLD1!,104940.0,104940.0,104681.0,104739.0,260.0
2025-09-01 19:15:00,MCX:GOLD1!,104729.0,104787.0,104690.0,104690.0,171.0
2025-09-01 19:30:00,MCX:GOLD1!,104681.0,104770.0,104607.0,104740.0,128.0
2025-09-01 19:45:00,MCX:GOLD1!,104740.0,104850.0,104740.0,104773.0,36.0
2025-09-01 20:00:00,MCX:GOLD1!,104747.0,104750.0,104641.0,104646.0,59.0
2025-09-01 20:15:00,MCX:GOLD1!,104660.0,104752.0,104660.0,104695.0,49.0
2025-09-01 20:30:00,MCX:GOLD1!,104702.0,104742.0,104696.0,104717.0,38.0
2025-09-01 20:45:00,MCX:GOLD1!,104727.0,104749.0,104630.0,104630.0,48.0
2025-09-01 21:00:00,MCX:GOLD1!,104662.0,104695.0,104630.0,104639.0,54.0
2025-09-01 21:15:00,MCX:GOLD1!,104645.0,104657.0,104600.0,104634.0,53.0
2025-09-01 21:30:00,MCX:GOLD1!,104630.0,104685.0,104600.0,104685.0,39.0
2025-09-01 21:45:00,MCX:GOLD1!,104685.0,104742.0,104650.0,104726.0,40.0
2025-09-01 22:00:00,MCX:GOLD1!,104710.0,104740.0,104705.0,104737.0,30.0
2025-09-01 22:15:00,MCX:GOLD1!,104730.0,104747.0,104715.0,104717.0,27.0
2025-09-01 22:30:00,MCX:GOLD1!,104728.0,104746.0,104720.0,104744.0,43.0
2025-09-01 22:45:00,MCX:GOLD1!,104744.0,104744.0,104714.0,104740.0,23.0
2025-09-01 23:00:00,MCX:GOLD1!,104746.0,104813.0,104740.0,104813.0,62.0
2025-09-01 23:15:00,MCX:GOLD1!,104813.0,104820.0,104760.0,104820.0,135.0
2025-09-02 09:00:00,MCX:GOLD1!,105223.0,105300.0,104850.0,105236.0,471.0
2025-09-02 09:15:00,MCX:GOLD1!,105233.0,105358.0,105233.0,105312.0,274.0
2025-09-02 09:30:00,MCX:GOLD1!,105306.0,105337.0,105265.0,105265.0,104.0
2025-09-02 09:45:00,MCX:GOLD1!,105260.0,105296.0,105187.0,105200.0,97.0
2025-09-02 10:00:00,MCX:GOLD1!,105198.0,105260.0,105161.0,105260.0,115.0
2025-09-02 10:15:00,MCX:GOLD1!,105258.0,105270.0,105245.0,105265.0,54.0
2025-09-02 10:30:00,MCX:GOLD1!,105265.0,105285.0,105214.0,105238.0,50.0
2025-09-02 10:45:00,MCX:GOLD1!,105260.0,105290.0,105185.0,105209.0,43.0
2025-09-02 11:00:00,MCX:GOLD1!,105209.0,105287.0,105200.0,105258.0,38.0
2025-09-02 11:15:00,MCX:GOLD1!,105231.0,105270.0,105194.0,105194.0,30.0
2025-09-02 11:30:00,MCX:GOLD1!,105191.0,105267.0,105096.0,105100.0,148.0
2025-09-02 11:45:00,MCX:GOLD1!,105100.0,105127.0,104925.0,104965.0,218.0
2025-09-02 12:00:00,MCX:GOLD1!,104940.0,105104.0,104937.0,104977.0,129.0
2025-09-02 12:15:00,MCX:GOLD1!,104980.0,105000.0,104795.0,104865.0,396.0
2025-09-02 12:30:00,MCX:GOLD1!,104880.0,104940.0,104850.0,104850.0,135.0
2025-09-02 12:45:00,MCX:GOLD1!,104845.0,104877.0,104800.0,104850.0,403.0
2025-09-02 13:00:00,MCX:GOLD1!,104852.0,104937.0,104819.0,104911.0,150.0
2025-09-02 13:15:00,MCX:GOLD1!,104907.0,104922.0,104600.0,104719.0,413.0
2025-09-02 13:30:00,MCX:GOLD1!,104700.0,104763.0,104558.0,104743.0,270.0
2025-09-02 13:45:00,MCX:GOLD1!,104710.0,104818.0,104710.0,104759.0,169.0
2025-09-02 14:00:00,MCX:GOLD1!,104772.0,104899.0,104772.0,104880.0,160.0
2025-09-02 14:15:00,MCX:GOLD1!,104880.0,104923.0,104743.0,104820.0,200.0
2025-09-02 14:30:00,MCX:GOLD1!,104819.0,104900.0,104819.0,104840.0,146.0
2025-09-02 14:45:00,MCX:GOLD1!,104840.0,104980.0,104840.0,104960.0,166.0
2025-09-02 15:00:00,MCX:GOLD1!,104942.0,104959.0,104831.0,104850.0,140.0
2025-09-02 15:15:00,MCX:GOLD1!,104855.0,104878.0,104800.0,104800.0,90.0
2025-09-02 15:30:00,MCX:GOLD1!,104800.0,104995.0,104785.0,104950.0,266.0
2025-09-02 15:45:00,MCX:GOLD1!,104945.0,105005.0,104860.0,104860.0,166.0
2025-09-02 16:00:00,MCX:GOLD1!,104861.0,105024.0,104861.0,104954.0,119.0
2025-09-02 16:15:00,MCX:GOLD1!,104967.0,105055.0,104967.0,105051.0,156.0
2025-09-02 16:30:00,MCX:GOLD1!,105055.0,105078.0,104972.0,104972.0,225.0
2025-09-02 16:45:00,MCX:GOLD1!,104972.0,104975.0,104835.0,104835.0,159.0
2025-09-02 17:00:00,MCX:GOLD1!,104840.0,104974.0,104815.0,104935.0,156.0
2025-09-02 17:15:00,MCX:GOLD1!,104944.0,105060.0,104931.0,105060.0,169.0
2025-09-02 17:30:00,MCX:GOLD1!,105046.0,105192.0,105020.0,105035.0,315.0
2025-09-02 17:45:00,MCX:GOLD1!,105016.0,105016.0,104768.0,104800.0,336.0
2025-09-02 18:00:00,MCX:GOLD1!,104814.0,104996.0,104651.0,104723.0,444.0
2025-09-02 18:15:00,MCX:GOLD1!,104721.0,104980.0,104712.0,104830.0,449.0
2025-09-02 18:30:00,MCX:GOLD1!,104862.0,104912.0,104703.0,104769.0,216.0
2025-09-02 18:45:00,MCX:GOLD1!,104755.0,104833.0,104733.0,104831.0,147.0
2025-09-02 19:00:00,MCX:GOLD1!,104831.0,104992.0,104689.0,104985.0,318.0
2025-09-02 19:15:00,MCX:GOLD1!,104988.0,105110.0,104823.0,104936.0,257.0
2025-09-02 19:30:00,MCX:GOLD1!,104928.0,105098.0,104885.0,105049.0,272.0
2025-09-02 19:45:00,MCX:GOLD1!,105086.0,105290.0,105072.0,105207.0,535.0
2025-09-02 20:00:00,MCX:GOLD1!,105204.0,105472.0,105058.0,105472.0,677.0
2025-09-02 20:15:00,MCX:GOLD1!,105487.0,105563.0,105410.0,105465.0,566.0
2025-09-02 20:30:00,MCX:GOLD1!,105510.0,105598.0,105421.0,105495.0,392.0
2025-09-02 20:45:00,MCX:GOLD1!,105502.0,105547.0,105448.0,105547.0,167.0
2025-09-02 21:00:00,MCX:GOLD1!,105540.0,105585.0,105455.0,105565.0,373.0
2025-09-02 21:15:00,MCX:GOLD1!,105567.0,105740.0,105550.0,105740.0,461.0
2025-09-02 21:30:00,MCX:GOLD1!,105731.0,105831.0,105656.0,105831.0,423.0
2025-09-02 21:45:00,MCX:GOLD1!,105831.0,105850.0,105676.0,105737.0,475.0
2025-09-02 22:00:00,MCX:GOLD1!,105762.0,105890.0,105731.0,105821.0,533.0
2025-09-02 22:15:00,MCX:GOLD1!,105821.0,105915.0,105793.0,105850.0,286.0
2025-09-02 22:30:00,MCX:GOLD1!,105850.0,105855.0,105730.0,105826.0,299.0
2025-09-02 22:45:00,MCX:GOLD1!,105820.0,105854.0,105772.0,105819.0,219.0
2025-09-02 23:00:00,MCX:GOLD1!,105825.0,105870.0,105740.0,105775.0,224.0
2025-09-02 23:15:00,MCX:GOLD1!,105780.0,105850.0,105761.0,105850.0,343.0
2025-09-03 09:00:00,MCX:GOLD1!,106037.0,106199.0,105925.0,105977.0,495.0
2025-09-03 09:15:00,MCX:GOLD1!,105980.0,106099.0,105980.0,106010.0,177.0
2025-09-03 09:30:00,MCX:GOLD1!,106004.0,106065.0,105971.0,105975.0,163.0
2025-09-03 09:45:00,MCX:GOLD1!,105984.0,106060.0,105975.0,106057.0,185.0
2025-09-03 10:00:00,MCX:GOLD1!,106068.0,106134.0,106056.0,106115.0,281.0
2025-09-03 10:15:00,MCX:GOLD1!,106113.0,106115.0,106060.0,106111.0,261.0
2025-09-03 10:30:00,MCX:GOLD1!,106115.0,106115.0,106030.0,106047.0,74.0
2025-09-03 10:45:00,MCX:GOLD1!,106060.0,106090.0,106010.0,106090.0,93.0
2025-09-03 11:00:00,MCX:GOLD1!,106090.0,106090.0,105981.0,105981.0,85.0
2025-09-03 11:15:00,MCX:GOLD1!,105981.0,105986.0,105852.0,105914.0,245.0
2025-09-03 11:30:00,MCX:GOLD1!,105895.0,106038.0,105895.0,105986.0,198.0
2025-09-03 11:45:00,MCX:GOLD1!,105995.0,106029.0,105950.0,105960.0,165.0
2025-09-03 12:00:00,MCX:GOLD1!,105960.0,106095.0,105960.0,106089.0,159.0
2025-09-03 12:15:00,MCX:GOLD1!,106089.0,106125.0,106073.0,106105.0,184.0
2025-09-03 12:30:00,MCX:GOLD1!,106105.0,106161.0,106075.0,106109.0,161.0
2025-09-03 12:45:00,MCX:GOLD1!,106113.0,106117.0,106023.0,106100.0,134.0
2025-09-03 13:00:00,MCX:GOLD1!,106105.0,106164.0,106098.0,106123.0,159.0
2025-09-03 13:15:00,MCX:GOLD1!,106123.0,106125.0,106066.0,106066.0,57.0
2025-09-03 13:30:00,MCX:GOLD1!,106073.0,106199.0,106073.0,106153.0,258.0
2025-09-03 13:45:00,MCX:GOLD1!,106150.0,106260.0,106132.0,106260.0,196.0
2025-09-03 14:00:00,MCX:GOLD1!,106250.0,106260.0,106183.0,106211.0,239.0
2025-09-03 14:15:00,MCX:GOLD1!,106230.0,106270.0,106213.0,106238.0,135.0
2025-09-03 14:30:00,MCX:GOLD1!,106220.0,106289.0,106213.0,106253.0,102.0
2025-09-03 14:45:00,MCX:GOLD1!,106255.0,106282.0,106207.0,106216.0,120.0
2025-09-03 15:00:00,MCX:GOLD1!,106225.0,106235.0,106166.0,106214.0,203.0
2025-09-03 15:15:00,MCX:GOLD1!,106193.0,106220.0,106100.0,106100.0,173.0
2025-09-03 15:30:00,MCX:GOLD1!,106105.0,106150.0,106064.0,106104.0,161.0
2025-09-03 15:45:00,MCX:GOLD1!,106105.0,106183.0,106050.0,106164.0,112.0
2025-09-03 16:00:00,MCX:GOLD1!,106166.0,106235.0,106130.0,106130.0,104.0
2025-09-03 16:15:00,MCX:GOLD1!,106128.0,106298.0,106124.0,106265.0,166.0
2025-09-03 16:30:00,MCX:GOLD1!,106265.0,106433.0,106253.0,106421.0,379.0
2025-09-03 16:45:00,MCX:GOLD1!,106402.0,106402.0,106344.0,106370.0,142.0
2025-09-03 17:00:00,MCX:GOLD1!,106380.0,106447.0,106360.0,106447.0,141.0
2025-09-03 17:15:00,MCX:GOLD1!,106448.0,106479.0,106399.0,106479.0,216.0
2025-09-03 17:30:00,MCX:GOLD1!,106451.0,106524.0,106400.0,106430.0,246.0
2025-09-03 17:45:00,MCX:GOLD1!,106411.0,106432.0,106250.0,106407.0,210.0
2025-09-03 18:00:00,MCX:GOLD1!,106410.0,106421.0,106345.0,106379.0,82.0
2025-09-03 18:15:00,MCX:GOLD1!,106365.0,106518.0,106348.0,106480.0,128.0
2025-09-03 18:30:00,MCX:GOLD1!,106478.0,106730.0,106475.0,106671.0,432.0
2025-09-03 18:45:00,MCX:GOLD1!,106656.0,106786.0,106580.0,106748.0,194.0
2025-09-03 19:00:00,MCX:GOLD1!,106747.0,106788.0,106503.0,106529.0,263.0
2025-09-03 19:15:00,MCX:GOLD1!,106521.0,106696.0,106521.0,106635.0,142.0
2025-09-03 19:30:00,MCX:GOLD1!,106642.0,106788.0,106565.0,106620.0,273.0
2025-09-03 19:45:00,MCX:GOLD1!,106631.0,106940.0,106631.0,106865.0,333.0
2025-09-03 20:00:00,MCX:GOLD1!,106865.0,106898.0,106720.0,106800.0,274.0
2025-09-03 20:15:00,MCX:GOLD1!,106779.0,106883.0,106586.0,106700.0,231.0
2025-09-03 20:30:00,MCX:GOLD1!,106700.0,106873.0,106660.0,106833.0,145.0
2025-09-03 20:45:00,MCX:GOLD1!,106840.0,106872.0,106771.0,106837.0,204.0
2025-09-03 21:00:00,MCX:GOLD1!,106837.0,106920.0,106751.0,106828.0,189.0
2025-09-03 21:15:00,MCX:GOLD1!,106831.0,106912.0,106821.0,106850.0,128.0
2025-09-03 21:30:00,MCX:GOLD1!,106851.0,106918.0,106820.0,106917.0,84.0
2025-09-03 21:45:00,MCX:GOLD1!,106917.0,106970.0,106832.0,106945.0,227.0
2025-09-03 22:00:00,MCX:GOLD1!,106940.0,106983.0,106920.0,106975.0,237.0
2025-09-03 22:15:00,MCX:GOLD1!,106978.0,107092.0,106962.0,107090.0,337.0
2025-09-03 22:30:00,MCX:GOLD1!,107092.0,107146.0,107054.0,107135.0,391.0
2025-09-03 22:45:00,MCX:GOLD1!,107134.0,107137.0,107079.0,107121.0,94.0
2025-09-03 23:00:00,MCX:GOLD1!,107122.0,107210.0,107122.0,107205.0,161.0
2025-09-03 23:15:00,MCX:GOLD1!,107199.0,107226.0,107177.0,107220.0,296.0
2025-09-04 09:00:00,MCX:GOLD1!,106774.0,106774.0,105800.0,105870.0,1064.0
2025-09-04 09:15:00,MCX:GOLD1!,105880.0,105891.0,105800.0,105810.0,321.0
2025-09-04 09:30:00,MCX:GOLD1!,105820.0,106009.0,105820.0,105961.0,578.0
2025-09-04 09:45:00,MCX:GOLD1!,105960.0,105980.0,105917.0,105966.0,165.0
2025-09-04 10:00:00,MCX:GOLD1!,105966.0,105969.0,105913.0,105923.0,133.0
2025-09-04 10:15:00,MCX:GOLD1!,105921.0,106075.0,105914.0,106054.0,162.0
2025-09-04 10:30:00,MCX:GOLD1!,106054.0,106131.0,106000.0,106095.0,299.0
2025-09-04 10:45:00,MCX:GOLD1!,106095.0,106095.0,106000.0,106052.0,101.0
2025-09-04 11:00:00,MCX:GOLD1!,106062.0,106075.0,105983.0,106051.0,113.0
2025-09-04 11:15:00,MCX:GOLD1!,106063.0,106118.0,105915.0,105950.0,133.0
2025-09-04 11:30:00,MCX:GOLD1!,105953.0,106101.0,105910.0,106086.0,156.0
2025-09-04 11:45:00,MCX:GOLD1!,106086.0,106279.0,106065.0,106257.0,261.0
2025-09-04 12:00:00,MCX:GOLD1!,106271.0,106370.0,106220.0,106321.0,283.0
2025-09-04 12:15:00,MCX:GOLD1!,106337.0,106343.0,106253.0,106256.0,104.0
2025-09-04 12:30:00,MCX:GOLD1!,106251.0,106323.0,106171.0,106295.0,133.0
2025-09-04 12:45:00,MCX:GOLD1!,106281.0,106318.0,106246.0,106260.0,54.0
2025-09-04 13:00:00,MCX:GOLD1!,106270.0,106345.0,106270.0,106322.0,70.0
2025-09-04 13:15:00,MCX:GOLD1!,106322.0,106393.0,106322.0,106393.0,38.0
2025-09-04 13:30:00,MCX:GOLD1!,106410.0,106500.0,106410.0,106460.0,169.0
2025-09-04 13:45:00,MCX:GOLD1!,106452.0,106474.0,106300.0,106405.0,262.0
2025-09-04 14:00:00,MCX:GOLD1!,106399.0,106428.0,106312.0,106372.0,99.0
2025-09-04 14:15:00,MCX:GOLD1!,106351.0,106365.0,106207.0,106298.0,193.0
2025-09-04 14:30:00,MCX:GOLD1!,106298.0,106375.0,106295.0,106370.0,210.0
2025-09-04 14:45:00,MCX:GOLD1!,106370.0,106400.0,106274.0,106283.0,96.0
2025-09-04 15:00:00,MCX:GOLD1!,106294.0,106295.0,106225.0,106251.0,183.0
2025-09-04 15:15:00,MCX:GOLD1!,106287.0,106287.0,106183.0,106200.0,132.0
2025-09-04 15:30:00,MCX:GOLD1!,106211.0,106461.0,106211.0,106415.0,118.0
2025-09-04 15:45:00,MCX:GOLD1!,106400.0,106420.0,106284.0,106346.0,80.0
2025-09-04 16:00:00,MCX:GOLD1!,106357.0,106391.0,106357.0,106377.0,28.0
2025-09-04 16:15:00,MCX:GOLD1!,106361.0,106397.0,106333.0,106349.0,28.0
2025-09-04 16:30:00,MCX:GOLD1!,106378.0,106378.0,106266.0,106308.0,40.0
2025-09-04 16:45:00,MCX:GOLD1!,106320.0,106320.0,106220.0,106313.0,58.0
2025-09-04 17:00:00,MCX:GOLD1!,106300.0,106441.0,106300.0,106411.0,53.0
2025-09-04 17:15:00,MCX:GOLD1!,106410.0,106525.0,106353.0,106382.0,117.0
2025-09-04 17:30:00,MCX:GOLD1!,106398.0,106499.0,106381.0,106471.0,74.0
2025-09-04 17:45:00,MCX:GOLD1!,106595.0,106595.0,106430.0,106452.0,266.0
2025-09-04 18:00:00,MCX:GOLD1!,106518.0,106530.0,106350.0,106502.0,131.0
2025-09-04 18:15:00,MCX:GOLD1!,106505.0,106572.0,106427.0,106569.0,84.0
2025-09-04 18:30:00,MCX:GOLD1!,106569.0,106569.0,106351.0,106502.0,88.0
2025-09-04 18:45:00,MCX:GOLD1!,106500.0,106710.0,106445.0,106675.0,234.0
2025-09-04 19:00:00,MCX:GOLD1!,106650.0,106823.0,106579.0,106590.0,254.0
2025-09-04 19:15:00,MCX:GOLD1!,106610.0,106610.0,106363.0,106462.0,241.0
2025-09-04 19:30:00,MCX:GOLD1!,106390.0,106510.0,106200.0,106439.0,743.0
2025-09-04 19:45:00,MCX:GOLD1!,106450.0,106450.0,106226.0,106355.0,194.0
2025-09-04 20:00:00,MCX:GOLD1!,106392.0,106524.0,106359.0,106507.0,277.0
2025-09-04 20:15:00,MCX:GOLD1!,106477.0,106505.0,106320.0,106477.0,111.0
2025-09-04 20:30:00,MCX:GOLD1!,106499.0,106598.0,106474.0,106523.0,120.0
2025-09-04 20:45:00,MCX:GOLD1!,106540.0,106584.0,106400.0,106450.0,46.0
2025-09-04 21:00:00,MCX:GOLD1!,106480.0,106625.0,106479.0,106613.0,80.0
2025-09-04 21:15:00,MCX:GOLD1!,106625.0,106692.0,106625.0,106686.0,111.0
2025-09-04 21:30:00,MCX:GOLD1!,106699.0,106737.0,106633.0,106708.0,151.0
2025-09-04 21:45:00,MCX:GOLD1!,106710.0,106773.0,106610.0,106661.0,151.0
2025-09-04 22:00:00,MCX:GOLD1!,106681.0,106721.0,106650.0,106659.0,83.0
2025-09-04 22:15:00,MCX:GOLD1!,106660.0,106660.0,106551.0,106649.0,65.0
2025-09-04 22:30:00,MCX:GOLD1!,106649.0,106710.0,106607.0,106616.0,62.0
2025-09-04 22:45:00,MCX:GOLD1!,106610.0,106627.0,106500.0,106537.0,72.0
2025-09-04 23:00:00,MCX:GOLD1!,106537.0,106537.0,106444.0,106470.0,83.0
2025-09-04 23:15:00,MCX:GOLD1!,106460.0,106460.0,106350.0,106353.0,184.0
2025-09-05 09:00:00,MCX:GOLD1!,106661.0,106810.0,106639.0,106802.0,183.0
2025-09-05 09:15:00,MCX:GOLD1!,106806.0,106875.0,106745.0,106853.0,100.0
2025-09-05 09:30:00,MCX:GOLD1!,106857.0,106890.0,106833.0,106840.0,89.0
2025-09-05 09:45:00,MCX:GOLD1!,106840.0,106900.0,106840.0,106898.0,137.0
2025-09-05 10:00:00,MCX:GOLD1!,106879.0,106933.0,106851.0,106915.0,109.0
2025-09-05 10:15:00,MCX:GOLD1!,106934.0,107072.0,106918.0,107012.0,192.0
2025-09-05 10:30:00,MCX:GOLD1!,107015.0,107151.0,107012.0,107030.0,221.0
2025-09-05 10:45:00,MCX:GOLD1!,107041.0,107058.0,106974.0,106976.0,71.0
2025-09-05 11:00:00,MCX:GOLD1!,106995.0,107070.0,106965.0,106999.0,84.0
2025-09-05 11:15:00,MCX:GOLD1!,106980.0,107050.0,106971.0,107050.0,104.0
2025-09-05 11:30:00,MCX:GOLD1!,107021.0,107050.0,106900.0,106900.0,152.0
2025-09-05 11:45:00,MCX:GOLD1!,106912.0,106924.0,106799.0,106870.0,177.0
2025-09-05 12:00:00,MCX:GOLD1!,106865.0,106954.0,106865.0,106900.0,106.0
2025-09-05 12:15:00,MCX:GOLD1!,106900.0,106950.0,106891.0,106941.0,45.0
2025-09-05 12:30:00,MCX:GOLD1!,106941.0,106941.0,106827.0,106843.0,56.0
2025-09-05 12:45:00,MCX:GOLD1!,106843.0,106879.0,106809.0,106843.0,83.0
2025-09-05 13:00:00,MCX:GOLD1!,106862.0,106862.0,106780.0,106859.0,92.0
2025-09-05 13:15:00,MCX:GOLD1!,106873.0,106918.0,106750.0,106750.0,112.0
2025-09-05 13:30:00,MCX:GOLD1!,106778.0,106809.0,106690.0,106690.0,140.0
2025-09-05 13:45:00,MCX:GOLD1!,106685.0,106764.0,106641.0,106759.0,103.0
2025-09-05 14:00:00,MCX:GOLD1!,106735.0,106766.0,106710.0,106733.0,55.0
2025-09-05 14:15:00,MCX:GOLD1!,106733.0,106760.0,106600.0,106640.0,114.0
2025-09-05 14:30:00,MCX:GOLD1!,106633.0,106720.0,106632.0,106701.0,115.0
2025-09-05 14:45:00,MCX:GOLD1!,106690.0,106750.0,106659.0,106659.0,47.0
2025-09-05 15:00:00,MCX:GOLD1!,106657.0,106749.0,106635.0,106731.0,74.0
2025-09-05 15:15:00,MCX:GOLD1!,106731.0,106830.0,106731.0,106788.0,104.0
2025-09-05 15:30:00,MCX:GOLD1!,106805.0,106805.0,106714.0,106755.0,83.0
2025-09-05 15:45:00,MCX:GOLD1!,106750.0,106786.0,106742.0,106765.0,29.0
2025-09-05 16:00:00,MCX:GOLD1!,106780.0,106783.0,106704.0,106706.0,37.0
2025-09-05 16:15:00,MCX:GOLD1!,106730.0,106779.0,106730.0,106732.0,62.0
2025-09-05 16:30:00,MCX:GOLD1!,106740.0,106799.0,106740.0,106770.0,62.0
2025-09-05 16:45:00,MCX:GOLD1!,106760.0,106766.0,106696.0,106700.0,27.0
2025-09-05 17:00:00,MCX:GOLD1!,106700.0,106719.0,106656.0,106717.0,58.0
2025-09-05 17:15:00,MCX:GOLD1!,106710.0,106730.0,106651.0,106730.0,39.0
2025-09-05 17:30:00,MCX:GOLD1!,106768.0,106840.0,106663.0,106721.0,123.0
2025-09-05 17:45:00,MCX:GOLD1!,106721.0,106751.0,106670.0,106751.0,68.0
2025-09-05 18:00:00,MCX:GOLD1!,106942.0,107634.0,106942.0,107495.0,1692.0
2025-09-05 18:15:00,MCX:GOLD1!,107477.0,107490.0,107221.0,107476.0,441.0
2025-09-05 18:30:00,MCX:GOLD1!,107492.0,107541.0,107261.0,107450.0,351.0
2025-09-05 18:45:00,MCX:GOLD1!,107430.0,107475.0,107319.0,107355.0,502.0
2025-09-05 19:00:00,MCX:GOLD1!,107370.0,107475.0,107263.0,107455.0,294.0
2025-09-05 19:15:00,MCX:GOLD1!,107455.0,107741.0,107455.0,107680.0,623.0
2025-09-05 19:30:00,MCX:GOLD1!,107686.0,107770.0,107620.0,107720.0,410.0
2025-09-05 19:45:00,MCX:GOLD1!,107720.0,107785.0,107355.0,107361.0,420.0
2025-09-05 20:00:00,MCX:GOLD1!,107364.0,107549.0,107201.0,107340.0,558.0
2025-09-05 20:15:00,MCX:GOLD1!,107336.0,107625.0,107328.0,107625.0,241.0
2025-09-05 20:30:00,MCX:GOLD1!,107630.0,107667.0,107456.0,107486.0,210.0
2025-09-05 20:45:00,MCX:GOLD1!,107499.0,107600.0,107414.0,107583.0,115.0
2025-09-05 21:00:00,MCX:GOLD1!,107575.0,107683.0,107562.0,107670.0,117.0
2025-09-05 21:15:00,MCX:GOLD1!,107671.0,107710.0,107581.0,107581.0,164.0
2025-09-05 21:30:00,MCX:GOLD1!,107580.0,107737.0,107580.0,107668.0,132.0
2025-09-05 21:45:00,MCX:GOLD1!,107683.0,107800.0,107663.0,107780.0,237.0
2025-09-05 22:00:00,MCX:GOLD1!,107800.0,107807.0,107651.0,107740.0,292.0
2025-09-05 22:15:00,MCX:GOLD1!,107730.0,107774.0,107700.0,107710.0,101.0
2025-09-05 22:30:00,MCX:GOLD1!,107734.0,107740.0,107620.0,107650.0,97.0
2025-09-05 22:45:00,MCX:GOLD1!,107653.0,107786.0,107650.0,107770.0,155.0
2025-09-05 23:00:00,MCX:GOLD1!,107770.0,107800.0,107662.0,107703.0,234.0
2025-09-05 23:15:00,MCX:GOLD1!,107701.0,107750.0,107697.0,107740.0,321.0
2025-09-08 09:00:00,MCX:GOLD1!,107457.0,107695.0,107144.0,107180.0,754.0
2025-09-08 09:15:00,MCX:GOLD1!,107180.0,107267.0,107160.0,107230.0,354.0
2025-09-08 09:30:00,MCX:GOLD1!,107236.0,107236.0,107101.0,107121.0,344.0
2025-09-08 09:45:00,MCX:GOLD1!,107114.0,107201.0,107106.0,107195.0,229.0
2025-09-08 10:00:00,MCX:GOLD1!,107190.0,107213.0,107143.0,107155.0,177.0
2025-09-08 10:15:00,MCX:GOLD1!,107163.0,107228.0,107133.0,107150.0,182.0
2025-09-08 10:30:00,MCX:GOLD1!,107142.0,107221.0,107142.0,107187.0,108.0
2025-09-08 10:45:00,MCX:GOLD1!,107187.0,107243.0,107170.0,107200.0,80.0
2025-09-08 11:00:00,MCX:GOLD1!,107202.0,107345.0,107190.0,107329.0,132.0
2025-09-08 11:15:00,MCX:GOLD1!,107330.0,107436.0,107310.0,107421.0,226.0
2025-09-08 11:30:00,MCX:GOLD1!,107420.0,107440.0,107360.0,107378.0,137.0
2025-09-08 11:45:00,MCX:GOLD1!,107400.0,107436.0,107337.0,107416.0,105.0
2025-09-08 12:00:00,MCX:GOLD1!,107431.0,107455.0,107374.0,107450.0,96.0
2025-09-08 12:15:00,MCX:GOLD1!,107464.0,107502.0,107414.0,107434.0,123.0
2025-09-08 12:30:00,MCX:GOLD1!,107485.0,107635.0,107421.0,107630.0,164.0
2025-09-08 12:45:00,MCX:GOLD1!,107640.0,107800.0,107636.0,107756.0,294.0
2025-09-08 13:00:00,MCX:GOLD1!,107742.0,107849.0,107742.0,107845.0,154.0
2025-09-08 13:15:00,MCX:GOLD1!,107849.0,107849.0,107731.0,107829.0,146.0
2025-09-08 13:30:00,MCX:GOLD1!,107829.0,107838.0,107751.0,107792.0,64.0
2025-09-08 13:45:00,MCX:GOLD1!,107794.0,108060.0,107794.0,108010.0,295.0
2025-09-08 14:00:00,MCX:GOLD1!,108000.0,108053.0,107960.0,108015.0,233.0
2025-09-08 14:15:00,MCX:GOLD1!,108015.0,108025.0,107930.0,107970.0,154.0
2025-09-08 14:30:00,MCX:GOLD1!,107964.0,108063.0,107890.0,107995.0,116.0
2025-09-08 14:45:00,MCX:GOLD1!,107973.0,108016.0,107912.0,107924.0,59.0
2025-09-08 15:00:00,MCX:GOLD1!,107901.0,108000.0,107867.0,107996.0,100.0
2025-09-08 15:15:00,MCX:GOLD1!,107985.0,108035.0,107971.0,108035.0,66.0
2025-09-08 15:30:00,MCX:GOLD1!,108005.0,108153.0,108005.0,108153.0,161.0
2025-09-08 15:45:00,MCX:GOLD1!,108155.0,108175.0,108055.0,108112.0,166.0
2025-09-08 16:00:00,MCX:GOLD1!,108130.0,108149.0,108020.0,108099.0,177.0
2025-09-08 16:15:00,MCX:GOLD1!,108088.0,108093.0,108000.0,108086.0,195.0
2025-09-08 16:30:00,MCX:GOLD1!,108086.0,108086.0,108037.0,108049.0,51.0
2025-09-08 16:45:00,MCX:GOLD1!,108053.0,108078.0,108023.0,108077.0,34.0
2025-09-08 17:00:00,MCX:GOLD1!,108076.0,108089.0,108005.0,108021.0,128.0
2025-09-08 17:15:00,MCX:GOLD1!,108030.0,108150.0,108025.0,108150.0,122.0
2025-09-08 17:30:00,MCX:GOLD1!,108140.0,108180.0,108046.0,108085.0,180.0
2025-09-08 17:45:00,MCX:GOLD1!,108095.0,108099.0,108003.0,108057.0,177.0
2025-09-08 18:00:00,MCX:GOLD1!,108060.0,108175.0,108060.0,108133.0,113.0
2025-09-08 18:15:00,MCX:GOLD1!,108150.0,108280.0,108148.0,108253.0,226.0
2025-09-08 18:30:00,MCX:GOLD1!,108259.0,108378.0,108210.0,108375.0,481.0
2025-09-08 18:45:00,MCX:GOLD1!,108365.0,108365.0,108157.0,108195.0,538.0
2025-09-08 19:00:00,MCX:GOLD1!,108205.0,108385.0,108106.0,108385.0,321.0
2025-09-08 19:15:00,MCX:GOLD1!,108390.0,108470.0,108300.0,108389.0,510.0
2025-09-08 19:30:00,MCX:GOLD1!,108400.0,108500.0,108360.0,108440.0,286.0
2025-09-08 19:45:00,MCX:GOLD1!,108440.0,108475.0,108329.0,108385.0,180.0
2025-09-08 20:00:00,MCX:GOLD1!,108375.0,108510.0,108329.0,108500.0,277.0
2025-09-08 20:15:00,MCX:GOLD1!,108499.0,108599.0,108480.0,108599.0,388.0
2025-09-08 20:30:00,MCX:GOLD1!,108599.0,108732.0,108593.0,108685.0,444.0
2025-09-08 20:45:00,MCX:GOLD1!,108700.0,108700.0,108511.0,108520.0,213.0
2025-09-08 21:00:00,MCX:GOLD1!,108518.0,108530.0,108421.0,108500.0,235.0
2025-09-08 21:15:00,MCX:GOLD1!,108540.0,108670.0,108540.0,108619.0,109.0
2025-09-08 21:30:00,MCX:GOLD1!,108620.0,108640.0,108526.0,108624.0,87.0
2025-09-08 21:45:00,MCX:GOLD1!,108624.0,108648.0,108571.0,108647.0,97.0
2025-09-08 22:00:00,MCX:GOLD1!,108647.0,108650.0,108532.0,108590.0,77.0
2025-09-08 22:15:00,MCX:GOLD1!,108610.0,108625.0,108582.0,108616.0,66.0
2025-09-08 22:30:00,MCX:GOLD1!,108625.0,108640.0,108500.0,108505.0,118.0
2025-09-08 22:45:00,MCX:GOLD1!,108559.0,108569.0,108509.0,108545.0,38.0
2025-09-08 23:00:00,MCX:GOLD1!,108545.0,108584.0,108521.0,108539.0,182.0
2025-09-08 23:15:00,MCX:GOLD1!,108520.0,108539.0,108446.0,108495.0,272.0
2025-09-09 09:00:00,MCX:GOLD1!,108918.0,109000.0,108600.0,108815.0,470.0
2025-09-09 09:15:00,MCX:GOLD1!,108826.0,108891.0,108810.0,108888.0,236.0
2025-09-09 09:30:00,MCX:GOLD1!,108880.0,109500.0,108880.0,109051.0,881.0
2025-09-09 09:45:00,MCX:GOLD1!,109042.0,109168.0,109035.0,109108.0,448.0
2025-09-09 10:00:00,MCX:GOLD1!,109105.0,109239.0,109102.0,109208.0,293.0
2025-09-09 10:15:00,MCX:GOLD1!,109210.0,109304.0,109207.0,109235.0,219.0
2025-09-09 10:30:00,MCX:GOLD1!,109229.0,109309.0,109201.0,109234.0,112.0
2025-09-09 10:45:00,MCX:GOLD1!,109232.0,109277.0,109191.0,109225.0,108.0
2025-09-09 11:00:00,MCX:GOLD1!,109227.0,109348.0,109225.0,109300.0,95.0
2025-09-09 11:15:00,MCX:GOLD1!,109295.0,109360.0,109279.0,109300.0,132.0
2025-09-09 11:30:00,MCX:GOLD1!,109297.0,109300.0,108880.0,109017.0,666.0
2025-09-09 11:45:00,MCX:GOLD1!,108994.0,109068.0,108850.0,108869.0,298.0
2025-09-09 12:00:00,MCX:GOLD1!,108879.0,109198.0,108870.0,109185.0,225.0
2025-09-09 12:15:00,MCX:GOLD1!,109186.0,109198.0,109064.0,109110.0,97.0
2025-09-09 12:30:00,MCX:GOLD1!,109123.0,109123.0,109016.0,109026.0,182.0
2025-09-09 12:45:00,MCX:GOLD1!,109022.0,109190.0,108989.0,109165.0,154.0
2025-09-09 13:00:00,MCX:GOLD1!,109172.0,109200.0,109065.0,109065.0,208.0
2025-09-09 13:15:00,MCX:GOLD1!,109062.0,109075.0,108951.0,109046.0,146.0
2025-09-09 13:30:00,MCX:GOLD1!,109022.0,109099.0,109000.0,109028.0,80.0
2025-09-09 13:45:00,MCX:GOLD1!,109020.0,109087.0,108980.0,109010.0,147.0
2025-09-09 14:00:00,MCX:GOLD1!,109010.0,109099.0,108971.0,109099.0,103.0
2025-09-09 14:15:00,MCX:GOLD1!,109098.0,109138.0,109055.0,109100.0,95.0
2025-09-09 14:30:00,MCX:GOLD1!,109135.0,109293.0,109100.0,109280.0,215.0
2025-09-09 14:45:00,MCX:GOLD1!,109280.0,109300.0,109225.0,109250.0,220.0
2025-09-09 15:00:00,MCX:GOLD1!,109250.0,109278.0,109202.0,109260.0,120.0
2025-09-09 15:15:00,MCX:GOLD1!,109280.0,109296.0,109245.0,109258.0,162.0
2025-09-09 15:30:00,MCX:GOLD1!,109265.0,109282.0,109240.0,109249.0,103.0
2025-09-09 15:45:00,MCX:GOLD1!,109268.0,109300.0,109257.0,109300.0,110.0
2025-09-09 16:00:00,MCX:GOLD1!,109300.0,109300.0,109177.0,109211.0,159.0
2025-09-09 16:15:00,MCX:GOLD1!,109205.0,109265.0,109181.0,109240.0,81.0
2025-09-09 16:30:00,MCX:GOLD1!,109240.0,109298.0,109240.0,109273.0,53.0
2025-09-09 16:45:00,MCX:GOLD1!,109264.0,109300.0,109243.0,109300.0,89.0
2025-09-09 17:00:00,MCX:GOLD1!,109300.0,109353.0,109287.0,109311.0,179.0
2025-09-09 17:15:00,MCX:GOLD1!,109306.0,109315.0,109153.0,109173.0,165.0
2025-09-09 17:30:00,MCX:GOLD1!,109190.0,109343.0,109175.0,109334.0,145.0
2025-09-09 17:45:00,MCX:GOLD1!,109324.0,109334.0,109200.0,109203.0,81.0
2025-09-09 18:00:00,MCX:GOLD1!,109203.0,109234.0,109055.0,109114.0,195.0
2025-09-09 18:15:00,MCX:GOLD1!,109113.0,109198.0,109090.0,109161.0,90.0
2025-09-09 18:30:00,MCX:GOLD1!,109160.0,109349.0,109124.0,109312.0,311.0
2025-09-09 18:45:00,MCX:GOLD1!,109300.0,109530.0,109300.0,109451.0,669.0
2025-09-09 19:00:00,MCX:GOLD1!,109493.0,109639.0,109413.0,109522.0,539.0
2025-09-09 19:15:00,MCX:GOLD1!,109530.0,109650.0,109494.0,109601.0,234.0
2025-09-09 19:30:00,MCX:GOLD1!,109601.0,109840.0,109036.0,109310.0,1386.0
2025-09-09 19:45:00,MCX:GOLD1!,109321.0,109439.0,109170.0,109280.0,407.0
2025-09-09 20:00:00,MCX:GOLD1!,109281.0,109303.0,108900.0,109106.0,746.0
2025-09-09 20:15:00,MCX:GOLD1!,109111.0,109206.0,109058.0,109076.0,178.0
2025-09-09 20:30:00,MCX:GOLD1!,109079.0,109147.0,108829.0,108829.0,304.0
2025-09-09 20:45:00,MCX:GOLD1!,108830.0,108970.0,108605.0,108962.0,648.0
2025-09-09 21:00:00,MCX:GOLD1!,108950.0,109054.0,108818.0,109049.0,207.0
2025-09-09 21:15:00,MCX:GOLD1!,109054.0,109100.0,109006.0,109099.0,137.0
2025-09-09 21:30:00,MCX:GOLD1!,109099.0,109218.0,109071.0,109200.0,197.0
2025-09-09 21:45:00,MCX:GOLD1!,109221.0,109230.0,109084.0,109134.0,146.0
2025-09-09 22:00:00,MCX:GOLD1!,109150.0,109191.0,109125.0,109133.0,81.0
2025-09-09 22:15:00,MCX:GOLD1!,109123.0,109179.0,109088.0,109101.0,63.0
2025-09-09 22:30:00,MCX:GOLD1!,109120.0,109149.0,109050.0,109077.0,79.0
2025-09-09 22:45:00,MCX:GOLD1!,109092.0,109111.0,109035.0,109035.0,72.0
2025-09-09 23:00:00,MCX:GOLD1!,109057.0,109100.0,108981.0,109013.0,112.0
2025-09-09 23:15:00,MCX:GOLD1!,109002.0,109067.0,109000.0,109025.0,188.0
2025-09-10 09:00:00,MCX:GOLD1!,108745.0,108810.0,108668.0,108755.0,659.0
2025-09-10 09:15:00,MCX:GOLD1!,108760.0,108850.0,108734.0,108834.0,210.0
2025-09-10 09:30:00,MCX:GOLD1!,108815.0,108982.0,108815.0,108956.0,298.0
2025-09-10 09:45:00,MCX:GOLD1!,108950.0,109016.0,108924.0,108985.0,141.0
2025-09-10 10:00:00,MCX:GOLD1!,108985.0,109042.0,108929.0,108975.0,190.0
2025-09-10 10:15:00,MCX:GOLD1!,108973.0,109039.0,108959.0,109025.0,171.0
2025-09-10 10:30:00,MCX:GOLD1!,109029.0,109050.0,109000.0,109021.0,76.0
2025-09-10 10:45:00,MCX:GOLD1!,109020.0,109050.0,108985.0,109045.0,181.0
2025-09-10 11:00:00,MCX:GOLD1!,109044.0,109058.0,108971.0,109006.0,86.0
2025-09-10 11:15:00,MCX:GOLD1!,109012.0,109030.0,108965.0,108994.0,57.0
2025-09-10 11:30:00,MCX:GOLD1!,109022.0,109043.0,108929.0,109006.0,328.0
2025-09-10 11:45:00,MCX:GOLD1!,109009.0,109100.0,109000.0,109000.0,117.0
2025-09-10 12:00:00,MCX:GOLD1!,109010.0,109064.0,108965.0,109050.0,215.0
2025-09-10 12:15:00,MCX:GOLD1!,109050.0,109069.0,109000.0,109005.0,188.0
2025-09-10 12:30:00,MCX:GOLD1!,109008.0,109114.0,108983.0,109102.0,349.0
2025-09-10 12:45:00,MCX:GOLD1!,109085.0,109120.0,109071.0,109080.0,97.0
2025-09-10 13:00:00,MCX:GOLD1!,109055.0,109100.0,109030.0,109050.0,170.0
2025-09-10 13:15:00,MCX:GOLD1!,109046.0,109120.0,109033.0,109033.0,167.0
2025-09-10 13:30:00,MCX:GOLD1!,109044.0,109070.0,109000.0,109032.0,129.0
2025-09-10 13:45:00,MCX:GOLD1!,109015.0,109034.0,108981.0,109025.0,64.0
2025-09-10 14:00:00,MCX:GOLD1!,109045.0,109085.0,109015.0,109076.0,45.0
2025-09-10 14:15:00,MCX:GOLD1!,109071.0,109088.0,109016.0,109055.0,156.0
2025-09-10 14:30:00,MCX:GOLD1!,109045.0,109055.0,109005.0,109020.0,40.0
2025-09-10 14:45:00,MCX:GOLD1!,109019.0,109035.0,108985.0,109010.0,84.0
2025-09-10 15:00:00,MCX:GOLD1!,109020.0,109138.0,109020.0,109137.0,204.0
2025-09-10 15:15:00,MCX:GOLD1!,109145.0,109262.0,109136.0,109232.0,262.0
2025-09-10 15:30:00,MCX:GOLD1!,109240.0,109254.0,109164.0,109200.0,96.0
2025-09-10 15:45:00,MCX:GOLD1!,109192.0,109300.0,109190.0,109256.0,191.0
2025-09-10 16:00:00,MCX:GOLD1!,109255.0,109350.0,109255.0,109318.0,125.0
2025-09-10 16:15:00,MCX:GOLD1!,109300.0,109356.0,109270.0,109301.0,119.0
2025-09-10 16:30:00,MCX:GOLD1!,109301.0,109301.0,109153.0,109280.0,185.0
2025-09-10 16:45:00,MCX:GOLD1!,109266.0,109315.0,109266.0,109287.0,57.0
2025-09-10 17:00:00,MCX:GOLD1!,109285.0,109285.0,109180.0,109200.0,72.0
2025-09-10 17:15:00,MCX:GOLD1!,109194.0,109222.0,109152.0,109190.0,106.0
2025-09-10 17:30:00,MCX:GOLD1!,109174.0,109210.0,109135.0,109135.0,130.0
2025-09-10 17:45:00,MCX:GOLD1!,109132.0,109200.0,109130.0,109170.0,82.0
2025-09-10 18:00:00,MCX:GOLD1!,109142.0,109332.0,108974.0,109164.0,543.0
2025-09-10 18:15:00,MCX:GOLD1!,109165.0,109174.0,108939.0,109085.0,278.0
2025-09-10 18:30:00,MCX:GOLD1!,109069.0,109124.0,109000.0,109076.0,140.0
2025-09-10 18:45:00,MCX:GOLD1!,109077.0,109158.0,109077.0,109140.0,87.0
2025-09-10 19:00:00,MCX:GOLD1!,109140.0,109287.0,109121.0,109207.0,207.0
2025-09-10 19:15:00,MCX:GOLD1!,109166.0,109220.0,109116.0,109200.0,85.0
2025-09-10 19:30:00,MCX:GOLD1!,109200.0,109247.0,109140.0,109230.0,103.0
2025-09-10 19:45:00,MCX:GOLD1!,109226.0,109276.0,109161.0,109215.0,69.0
2025-09-10 20:00:00,MCX:GOLD1!,109191.0,109236.0,109075.0,109085.0,101.0
2025-09-10 20:15:00,MCX:GOLD1!,109080.0,109096.0,108975.0,109080.0,236.0
2025-09-10 20:30:00,MCX:GOLD1!,109080.0,109080.0,108960.0,109070.0,101.0
2025-09-10 20:45:00,MCX:GOLD1!,109089.0,109095.0,108820.0,108955.0,322.0
2025-09-10 21:00:00,MCX:GOLD1!,108971.0,109029.0,108940.0,108974.0,71.0
2025-09-10 21:15:00,MCX:GOLD1!,108980.0,109030.0,108950.0,108950.0,69.0
2025-09-10 21:30:00,MCX:GOLD1!,108950.0,108980.0,108900.0,108934.0,56.0
2025-09-10 21:45:00,MCX:GOLD1!,108942.0,108979.0,108870.0,108873.0,108.0
2025-09-10 22:00:00,MCX:GOLD1!,108873.0,108921.0,108837.0,108921.0,78.0
2025-09-10 22:15:00,MCX:GOLD1!,108900.0,108950.0,108892.0,108905.0,41.0
2025-09-10 22:30:00,MCX:GOLD1!,108931.0,108949.0,108909.0,108940.0,51.0
2025-09-10 22:45:00,MCX:GOLD1!,108949.0,108950.0,108894.0,108906.0,42.0
2025-09-10 23:00:00,MCX:GOLD1!,108914.0,109029.0,108911.0,108998.0,126.0
2025-09-10 23:15:00,MCX:GOLD1!,109000.0,109028.0,108955.0,108997.0,205.0
2025-09-11 09:00:00,MCX:GOLD1!,108705.0,108748.0,108654.0,108675.0,540.0
2025-09-11 09:15:00,MCX:GOLD1!,108677.0,108726.0,108637.0,108677.0,283.0
2025-09-11 09:30:00,MCX:GOLD1!,108685.0,108775.0,108680.0,108756.0,141.0
2025-09-11 09:45:00,MCX:GOLD1!,108780.0,108793.0,108731.0,108771.0,132.0
2025-09-11 10:00:00,MCX:GOLD1!,108780.0,108784.0,108734.0,108747.0,79.0
2025-09-11 10:15:00,MCX:GOLD1!,108767.0,108775.0,108730.0,108730.0,40.0
2025-09-11 10:30:00,MCX:GOLD1!,108738.0,108745.0,108687.0,108692.0,126.0
2025-09-11 10:45:00,MCX:GOLD1!,108710.0,108730.0,108650.0,108715.0,125.0
2025-09-11 11:00:00,MCX:GOLD1!,108697.0,108808.0,108577.0,108742.0,392.0
2025-09-11 11:15:00,MCX:GOLD1!,108701.0,108701.0,108563.0,108600.0,219.0
2025-09-11 11:30:00,MCX:GOLD1!,108600.0,108845.0,108580.0,108825.0,239.0
2025-09-11 11:45:00,MCX:GOLD1!,108825.0,108868.0,108808.0,108853.0,165.0
2025-09-11 12:00:00,MCX:GOLD1!,108853.0,108950.0,108843.0,108950.0,126.0
2025-09-11 12:15:00,MCX:GOLD1!,108943.0,108990.0,108850.0,108850.0,261.0
2025-09-11 12:30:00,MCX:GOLD1!,108850.0,108850.0,108700.0,108733.0,406.0
2025-09-11 12:45:00,MCX:GOLD1!,108732.0,108823.0,108674.0,108740.0,141.0
2025-09-11 13:00:00,MCX:GOLD1!,108701.0,108832.0,108680.0,108795.0,72.0
2025-09-11 13:15:00,MCX:GOLD1!,108790.0,108821.0,108774.0,108800.0,73.0
2025-09-11 13:30:00,MCX:GOLD1!,108825.0,108860.0,108781.0,108781.0,31.0
2025-09-11 13:45:00,MCX:GOLD1!,108790.0,108840.0,108790.0,108803.0,63.0
2025-09-11 14:00:00,MCX:GOLD1!,108839.0,108840.0,108800.0,108800.0,112.0
2025-09-11 14:15:00,MCX:GOLD1!,108840.0,108941.0,108822.0,108836.0,333.0
2025-09-11 14:30:00,MCX:GOLD1!,108864.0,108864.0,108692.0,108695.0,158.0
2025-09-11 14:45:00,MCX:GOLD1!,108690.0,108690.0,108585.0,108615.0,358.0
2025-09-11 15:00:00,MCX:GOLD1!,108628.0,108711.0,108600.0,108652.0,290.0
2025-09-11 15:15:00,MCX:GOLD1!,108663.0,108767.0,108660.0,108730.0,178.0
2025-09-11 15:30:00,MCX:GOLD1!,108745.0,108766.0,108680.0,108765.0,101.0
2025-09-11 15:45:00,MCX:GOLD1!,108765.0,108810.0,108700.0,108757.0,101.0
2025-09-11 16:00:00,MCX:GOLD1!,108734.0,108838.0,108715.0,108740.0,64.0
2025-09-11 16:15:00,MCX:GOLD1!,108775.0,108815.0,108681.0,108727.0,122.0
2025-09-11 16:30:00,MCX:GOLD1!,108727.0,108732.0,108663.0,108676.0,57.0
2025-09-11 16:45:00,MCX:GOLD1!,108676.0,108732.0,108676.0,108713.0,46.0
2025-09-11 17:00:00,MCX:GOLD1!,108715.0,108741.0,108570.0,108570.0,190.0
2025-09-11 17:15:00,MCX:GOLD1!,108571.0,108650.0,108566.0,108586.0,227.0
2025-09-11 17:30:00,MCX:GOLD1!,108600.0,108675.0,108600.0,108660.0,109.0
2025-09-11 17:45:00,MCX:GOLD1!,108675.0,108802.0,108639.0,108744.0,295.0
2025-09-11 18:00:00,MCX:GOLD1!,108790.0,109186.0,108576.0,109033.0,2020.0
2025-09-11 18:15:00,MCX:GOLD1!,109008.0,109008.0,108790.0,108820.0,340.0
2025-09-11 18:30:00,MCX:GOLD1!,108796.0,109049.0,108790.0,108950.0,249.0
2025-09-11 18:45:00,MCX:GOLD1!,108950.0,108950.0,108650.0,108728.0,589.0
2025-09-11 19:00:00,MCX:GOLD1!,108704.0,108842.0,108615.0,108832.0,251.0
2025-09-11 19:15:00,MCX:GOLD1!,108822.0,108900.0,108800.0,108844.0,102.0
2025-09-11 19:30:00,MCX:GOLD1!,108820.0,108915.0,108715.0,108892.0,142.0
2025-09-11 19:45:00,MCX:GOLD1!,108883.0,109000.0,108873.0,108940.0,203.0
2025-09-11 20:00:00,MCX:GOLD1!,108940.0,108950.0,108762.0,108772.0,91.0
2025-09-11 20:15:00,MCX:GOLD1!,108769.0,108847.0,108751.0,108835.0,68.0
2025-09-11 20:30:00,MCX:GOLD1!,108835.0,108907.0,108835.0,108890.0,63.0
2025-09-11 20:45:00,MCX:GOLD1!,108931.0,109030.0,108913.0,108955.0,126.0
2025-09-11 21:00:00,MCX:GOLD1!,108947.0,109000.0,108918.0,108923.0,60.0
2025-09-11 21:15:00,MCX:GOLD1!,108908.0,108942.0,108881.0,108925.0,40.0
2025-09-11 21:30:00,MCX:GOLD1!,108935.0,109120.0,108935.0,109082.0,304.0
2025-09-11 21:45:00,MCX:GOLD1!,109063.0,109082.0,108986.0,109019.0,122.0
2025-09-11 22:00:00,MCX:GOLD1!,109006.0,109049.0,108951.0,108990.0,68.0
2025-09-11 22:15:00,MCX:GOLD1!,108964.0,109004.0,108913.0,108964.0,34.0
2025-09-11 22:30:00,MCX:GOLD1!,108977.0,108977.0,108900.0,108914.0,126.0
2025-09-11 22:45:00,MCX:GOLD1!,108930.0,108988.0,108930.0,108974.0,29.0
2025-09-11 23:00:00,MCX:GOLD1!,108980.0,109020.0,108961.0,108971.0,30.0
2025-09-11 23:15:00,MCX:GOLD1!,108980.0,109006.0,108950.0,108979.0,154.0
2025-09-12 09:00:00,MCX:GOLD1!,109352.0,109540.0,109351.0,109530.0,550.0
2025-09-12 09:15:00,MCX:GOLD1!,109530.0,109606.0,109487.0,109600.0,205.0
2025-09-12 09:30:00,MCX:GOLD1!,109610.0,109656.0,109538.0,109558.0,239.0
2025-09-12 09:45:00,MCX:GOLD1!,109558.0,109590.0,109524.0,109590.0,80.0
2025-09-12 10:00:00,MCX:GOLD1!,109599.0,109623.0,109535.0,109579.0,147.0
2025-09-12 10:15:00,MCX:GOLD1!,109565.0,109568.0,109519.0,109539.0,50.0
2025-09-12 10:30:00,MCX:GOLD1!,109540.0,109559.0,109540.0,109559.0,7.0
2025-09-12 10:45:00,MCX:GOLD1!,109554.0,109570.0,109527.0,109527.0,42.0
2025-09-12 11:00:00,MCX:GOLD1!,109500.0,109555.0,109483.0,109555.0,70.0
2025-09-12 11:15:00,MCX:GOLD1!,109568.0,109568.0,109461.0,109541.0,101.0
2025-09-12 11:30:00,MCX:GOLD1!,109507.0,109526.0,109476.0,109500.0,60.0
2025-09-12 11:45:00,MCX:GOLD1!,109527.0,109535.0,109464.0,109474.0,62.0
2025-09-12 12:00:00,MCX:GOLD1!,109475.0,109498.0,109426.0,109426.0,88.0
2025-09-12 12:15:00,MCX:GOLD1!,109431.0,109434.0,109362.0,109412.0,138.0
2025-09-12 12:30:00,MCX:GOLD1!,109417.0,109466.0,109372.0,109430.0,103.0
2025-09-12 12:45:00,MCX:GOLD1!,109436.0,109457.0,109425.0,109445.0,77.0
2025-09-12 13:00:00,MCX:GOLD1!,109440.0,109447.0,109356.0,109360.0,145.0
2025-09-12 13:15:00,MCX:GOLD1!,109372.0,109397.0,109341.0,109341.0,192.0
2025-09-12 13:30:00,MCX:GOLD1!,109341.0,109450.0,109221.0,109227.0,288.0
2025-09-12 13:45:00,MCX:GOLD1!,109232.0,109330.0,109227.0,109307.0,157.0
2025-09-12 14:00:00,MCX:GOLD1!,109307.0,109307.0,109240.0,109290.0,200.0
2025-09-12 14:15:00,MCX:GOLD1!,109281.0,109362.0,109147.0,109189.0,309.0
2025-09-12 14:30:00,MCX:GOLD1!,109187.0,109318.0,109122.0,109150.0,208.0
2025-09-12 14:45:00,MCX:GOLD1!,109155.0,109321.0,109155.0,109292.0,109.0
2025-09-12 15:00:00,MCX:GOLD1!,109310.0,109312.0,109251.0,109286.0,94.0
2025-09-12 15:15:00,MCX:GOLD1!,109288.0,109355.0,109280.0,109355.0,87.0
2025-09-12 15:30:00,MCX:GOLD1!,109350.0,109389.0,109314.0,109375.0,114.0
2025-09-12 15:45:00,MCX:GOLD1!,109375.0,109471.0,109358.0,109460.0,138.0
2025-09-12 16:00:00,MCX:GOLD1!,109460.0,109472.0,109381.0,109400.0,120.0
2025-09-12 16:15:00,MCX:GOLD1!,109382.0,109450.0,109358.0,109450.0,30.0
2025-09-12 16:30:00,MCX:GOLD1!,109450.0,109460.0,109424.0,109430.0,102.0
2025-09-12 16:45:00,MCX:GOLD1!,109410.0,109449.0,109365.0,109396.0,56.0
2025-09-12 17:00:00,MCX:GOLD1!,109378.0,109382.0,109340.0,109348.0,88.0
2025-09-12 17:15:00,MCX:GOLD1!,109353.0,109379.0,109337.0,109345.0,69.0
2025-09-12 17:30:00,MCX:GOLD1!,109345.0,109374.0,109272.0,109299.0,122.0
2025-09-12 17:45:00,MCX:GOLD1!,109299.0,109332.0,109148.0,109215.0,221.0
2025-09-12 18:00:00,MCX:GOLD1!,109237.0,109272.0,109136.0,109214.0,146.0
2025-09-12 18:15:00,MCX:GOLD1!,109210.0,109320.0,109195.0,109300.0,131.0
2025-09-12 18:30:00,MCX:GOLD1!,109290.0,109389.0,109250.0,109385.0,241.0
2025-09-12 18:45:00,MCX:GOLD1!,109370.0,109397.0,109333.0,109350.0,70.0
2025-09-12 19:00:00,MCX:GOLD1!,109338.0,109460.0,109309.0,109440.0,169.0
2025-09-12 19:15:00,MCX:GOLD1!,109451.0,109451.0,109344.0,109408.0,72.0
2025-09-12 19:30:00,MCX:GOLD1!,109403.0,109440.0,109370.0,109419.0,138.0
2025-09-12 19:45:00,MCX:GOLD1!,109427.0,109470.0,109413.0,109430.0,92.0
2025-09-12 20:00:00,MCX:GOLD1!,109439.0,109450.0,109330.0,109365.0,63.0
2025-09-12 20:15:00,MCX:GOLD1!,109365.0,109371.0,109316.0,109343.0,36.0
2025-09-12 20:30:00,MCX:GOLD1!,109325.0,109339.0,109168.0,109237.0,270.0
2025-09-12 20:45:00,MCX:GOLD1!,109240.0,109281.0,109202.0,109245.0,79.0
2025-09-12 21:00:00,MCX:GOLD1!,109256.0,109320.0,109256.0,109310.0,84.0
2025-09-12 21:15:00,MCX:GOLD1!,109308.0,109308.0,109245.0,109245.0,48.0
2025-09-12 21:30:00,MCX:GOLD1!,109259.0,109290.0,109240.0,109290.0,29.0
2025-09-12 21:45:00,MCX:GOLD1!,109290.0,109360.0,109275.0,109349.0,67.0
2025-09-12 22:00:00,MCX:GOLD1!,109330.0,109356.0,109323.0,109356.0,18.0
2025-09-12 22:15:00,MCX:GOLD1!,109353.0,109400.0,109336.0,109390.0,107.0
2025-09-12 22:30:00,MCX:GOLD1!,109388.0,109400.0,109365.0,109387.0,60.0
2025-09-12 22:45:00,MCX:GOLD1!,109378.0,109399.0,109326.0,109330.0,44.0
2025-09-12 23:00:00,MCX:GOLD1!,109336.0,109380.0,109336.0,109365.0,65.0
2025-09-12 23:15:00,MCX:GOLD1!,109365.0,109399.0,109354.0,109356.0,180.0
2025-09-15 09:00:00,MCX:GOLD1!,109255.0,109315.0,109150.0,109315.0,338.0
2025-09-15 09:15:00,MCX:GOLD1!,109310.0,109359.0,109296.0,109329.0,109.0
2025-09-15 09:30:00,MCX:GOLD1!,109330.0,109350.0,109280.0,109280.0,90.0
2025-09-15 09:45:00,MCX:GOLD1!,109269.0,109276.0,109220.0,109271.0,87.0
2025-09-15 10:00:00,MCX:GOLD1!,109279.0,109289.0,109231.0,109231.0,51.0
2025-09-15 10:15:00,MCX:GOLD1!,109234.0,109250.0,109221.0,109250.0,63.0
2025-09-15 10:30:00,MCX:GOLD1!,109243.0,109277.0,109221.0,109222.0,56.0
2025-09-15 10:45:00,MCX:GOLD1!,109244.0,109282.0,109221.0,109250.0,93.0
2025-09-15 11:00:00,MCX:GOLD1!,109258.0,109284.0,109221.0,109242.0,65.0
2025-09-15 11:15:00,MCX:GOLD1!,109242.0,109268.0,109225.0,109255.0,44.0
2025-09-15 11:30:00,MCX:GOLD1!,109230.0,109250.0,109201.0,109234.0,141.0
2025-09-15 11:45:00,MCX:GOLD1!,109205.0,109232.0,109152.0,109197.0,152.0
2025-09-15 12:00:00,MCX:GOLD1!,109194.0,109231.0,109104.0,109150.0,141.0
2025-09-15 12:15:00,MCX:GOLD1!,109135.0,109168.0,109068.0,109082.0,189.0
2025-09-15 12:30:00,MCX:GOLD1!,109032.0,109070.0,108974.0,109000.0,286.0
2025-09-15 12:45:00,MCX:GOLD1!,108997.0,109005.0,108900.0,108962.0,323.0
2025-09-15 13:00:00,MCX:GOLD1!,108965.0,109109.0,108923.0,109084.0,298.0
2025-09-15 13:15:00,MCX:GOLD1!,109084.0,109120.0,109050.0,109090.0,86.0
2025-09-15 13:30:00,MCX:GOLD1!,109067.0,109120.0,109050.0,109075.0,64.0
2025-09-15 13:45:00,MCX:GOLD1!,109070.0,109089.0,109021.0,109026.0,42.0
2025-09-15 14:00:00,MCX:GOLD1!,109036.0,109050.0,109020.0,109050.0,36.0
2025-09-15 14:15:00,MCX:GOLD1!,109050.0,109140.0,109020.0,109140.0,74.0
2025-09-15 14:30:00,MCX:GOLD1!,109134.0,109150.0,109083.0,109140.0,98.0
2025-09-15 14:45:00,MCX:GOLD1!,109148.0,109174.0,109010.0,109024.0,198.0
2025-09-15 15:00:00,MCX:GOLD1!,109035.0,109043.0,108911.0,108981.0,142.0
2025-09-15 15:15:00,MCX:GOLD1!,108981.0,109093.0,108915.0,109076.0,59.0
2025-09-15 15:30:00,MCX:GOLD1!,109076.0,109110.0,109050.0,109081.0,92.0
2025-09-15 15:45:00,MCX:GOLD1!,109114.0,109145.0,109090.0,109139.0,72.0
2025-09-15 16:00:00,MCX:GOLD1!,109130.0,109130.0,109046.0,109050.0,99.0
2025-09-15 16:15:00,MCX:GOLD1!,109058.0,109058.0,109005.0,109025.0,89.0
2025-09-15 16:30:00,MCX:GOLD1!,109025.0,109090.0,109017.0,109090.0,106.0
2025-09-15 16:45:00,MCX:GOLD1!,109090.0,109135.0,109090.0,109105.0,38.0
2025-09-15 17:00:00,MCX:GOLD1!,109106.0,109143.0,109100.0,109130.0,65.0
2025-09-15 17:15:00,MCX:GOLD1!,109145.0,109150.0,109077.0,109077.0,67.0
2025-09-15 17:30:00,MCX:GOLD1!,109076.0,109082.0,109020.0,109020.0,73.0
2025-09-15 17:45:00,MCX:GOLD1!,109029.0,109029.0,108938.0,108970.0,197.0
2025-09-15 18:00:00,MCX:GOLD1!,108960.0,109115.0,108960.0,109100.0,102.0
2025-09-15 18:15:00,MCX:GOLD1!,109111.0,109250.0,109095.0,109228.0,221.0
2025-09-15 18:30:00,MCX:GOLD1!,109239.0,109253.0,109150.0,109228.0,73.0
2025-09-15 18:45:00,MCX:GOLD1!,109225.0,109334.0,109200.0,109334.0,199.0
2025-09-15 19:00:00,MCX:GOLD1!,109330.0,109620.0,109320.0,109574.0,772.0
2025-09-15 19:15:00,MCX:GOLD1!,109574.0,109600.0,109475.0,109490.0,241.0
2025-09-15 19:30:00,MCX:GOLD1!,109498.0,109593.0,109429.0,109533.0,236.0
2025-09-15 19:45:00,MCX:GOLD1!,109547.0,109573.0,109500.0,109501.0,51.0
2025-09-15 20:00:00,MCX:GOLD1!,109536.0,109578.0,109501.0,109578.0,103.0
2025-09-15 20:15:00,MCX:GOLD1!,109580.0,109629.0,109570.0,109629.0,169.0
2025-09-15 20:30:00,MCX:GOLD1!,109629.0,109696.0,109615.0,109650.0,221.0
2025-09-15 20:45:00,MCX:GOLD1!,109650.0,109725.0,109633.0,109703.0,136.0
2025-09-15 21:00:00,MCX:GOLD1!,109719.0,109770.0,109696.0,109770.0,170.0
2025-09-15 21:15:00,MCX:GOLD1!,109764.0,110235.0,109756.0,110177.0,978.0
2025-09-15 21:30:00,MCX:GOLD1!,110176.0,110210.0,110085.0,110175.0,473.0
2025-09-15 21:45:00,MCX:GOLD1!,110175.0,110330.0,110131.0,110329.0,258.0
2025-09-15 22:00:00,MCX:GOLD1!,110327.0,110328.0,110083.0,110113.0,304.0
2025-09-15 22:15:00,MCX:GOLD1!,110110.0,110173.0,110032.0,110145.0,156.0
2025-09-15 22:30:00,MCX:GOLD1!,110159.0,110218.0,110150.0,110155.0,109.0
2025-09-15 22:45:00,MCX:GOLD1!,110154.0,110190.0,110125.0,110130.0,81.0
2025-09-15 23:00:00,MCX:GOLD1!,110162.0,110210.0,110142.0,110188.0,103.0
2025-09-15 23:15:00,MCX:GOLD1!,110188.0,110198.0,110134.0,110177.0,270.0
2025-09-16 09:00:00,MCX:GOLD1!,110070.0,110277.0,110070.0,110154.0,396.0
2025-09-16 09:15:00,MCX:GOLD1!,110144.0,110233.0,110120.0,110217.0,196.0
2025-09-16 09:30:00,MCX:GOLD1!,110230.0,110298.0,110220.0,110270.0,234.0
2025-09-16 09:45:00,MCX:GOLD1!,110258.0,110278.0,110212.0,110235.0,109.0
2025-09-16 10:00:00,MCX:GOLD1!,110247.0,110247.0,110150.0,110185.0,123.0
2025-09-16 10:15:00,MCX:GOLD1!,110172.0,110272.0,110172.0,110250.0,86.0
2025-09-16 10:30:00,MCX:GOLD1!,110250.0,110250.0,110209.0,110245.0,33.0
2025-09-16 10:45:00,MCX:GOLD1!,110236.0,110269.0,110210.0,110243.0,67.0
2025-09-16 11:00:00,MCX:GOLD1!,110222.0,110225.0,110113.0,110113.0,206.0
2025-09-16 11:15:00,MCX:GOLD1!,110135.0,110178.0,110095.0,110165.0,152.0
2025-09-16 11:30:00,MCX:GOLD1!,110165.0,110210.0,110151.0,110179.0,118.0
2025-09-16 11:45:00,MCX:GOLD1!,110155.0,110250.0,110155.0,110210.0,111.0
2025-09-16 12:00:00,MCX:GOLD1!,110215.0,110290.0,110207.0,110290.0,106.0
2025-09-16 12:15:00,MCX:GOLD1!,110290.0,110420.0,110290.0,110420.0,268.0
2025-09-16 12:30:00,MCX:GOLD1!,110400.0,110428.0,110343.0,110400.0,121.0
2025-09-16 12:45:00,MCX:GOLD1!,110406.0,110440.0,110370.0,110400.0,79.0
2025-09-16 13:00:00,MCX:GOLD1!,110393.0,110425.0,110330.0,110374.0,134.0
2025-09-16 13:15:00,MCX:GOLD1!,110367.0,110370.0,110304.0,110309.0,79.0
2025-09-16 13:30:00,MCX:GOLD1!,110315.0,110491.0,110315.0,110491.0,161.0
2025-09-16 13:45:00,MCX:GOLD1!,110498.0,110530.0,110466.0,110510.0,125.0
2025-09-16 14:00:00,MCX:GOLD1!,110479.0,110524.0,110441.0,110524.0,157.0
2025-09-16 14:15:00,MCX:GOLD1!,110525.0,110548.0,110484.0,110515.0,128.0
2025-09-16 14:30:00,MCX:GOLD1!,110515.0,110537.0,110480.0,110530.0,60.0
2025-09-16 14:45:00,MCX:GOLD1!,110529.0,110536.0,110491.0,110500.0,183.0
2025-09-16 15:00:00,MCX:GOLD1!,110501.0,110563.0,110490.0,110556.0,119.0
2025-09-16 15:15:00,MCX:GOLD1!,110556.0,110644.0,110540.0,110622.0,168.0
2025-09-16 15:30:00,MCX:GOLD1!,110619.0,110622.0,110534.0,110561.0,118.0
2025-09-16 15:45:00,MCX:GOLD1!,110560.0,110613.0,110560.0,110611.0,49.0
2025-09-16 16:00:00,MCX:GOLD1!,110612.0,110612.0,110531.0,110561.0,59.0
2025-09-16 16:15:00,MCX:GOLD1!,110558.0,110585.0,110500.0,110521.0,91.0
2025-09-16 16:30:00,MCX:GOLD1!,110518.0,110564.0,110464.0,110512.0,65.0
2025-09-16 16:45:00,MCX:GOLD1!,110507.0,110510.0,110451.0,110505.0,100.0
2025-09-16 17:00:00,MCX:GOLD1!,110510.0,110580.0,110510.0,110580.0,124.0
2025-09-16 17:15:00,MCX:GOLD1!,110595.0,110666.0,110581.0,110605.0,217.0
2025-09-16 17:30:00,MCX:GOLD1!,110617.0,110617.0,110500.0,110530.0,161.0
2025-09-16 17:45:00,MCX:GOLD1!,110511.0,110555.0,110471.0,110471.0,124.0
2025-09-16 18:00:00,MCX:GOLD1!,110488.0,110523.0,110365.0,110440.0,415.0
2025-09-16 18:15:00,MCX:GOLD1!,110440.0,110450.0,110350.0,110395.0,265.0
2025-09-16 18:30:00,MCX:GOLD1!,110375.0,110375.0,110240.0,110321.0,293.0
2025-09-16 18:45:00,MCX:GOLD1!,110310.0,110490.0,110257.0,110490.0,174.0
2025-09-16 19:00:00,MCX:GOLD1!,110490.0,110585.0,110442.0,110445.0,201.0
2025-09-16 19:15:00,MCX:GOLD1!,110450.0,110553.0,110450.0,110496.0,90.0
2025-09-16 19:30:00,MCX:GOLD1!,110505.0,110550.0,110443.0,110550.0,185.0
2025-09-16 19:45:00,MCX:GOLD1!,110555.0,110592.0,110350.0,110350.0,441.0
2025-09-16 20:00:00,MCX:GOLD1!,110350.0,110462.0,110290.0,110330.0,343.0
2025-09-16 20:15:00,MCX:GOLD1!,110299.0,110335.0,110185.0,110185.0,301.0
2025-09-16 20:30:00,MCX:GOLD1!,110182.0,110224.0,110020.0,110170.0,500.0
2025-09-16 20:45:00,MCX:GOLD1!,110150.0,110278.0,110083.0,110086.0,152.0
2025-09-16 21:00:00,MCX:GOLD1!,110086.0,110100.0,110000.0,110026.0,273.0
2025-09-16 21:15:00,MCX:GOLD1!,110028.0,110210.0,110028.0,110190.0,167.0
2025-09-16 21:30:00,MCX:GOLD1!,110200.0,110221.0,110150.0,110215.0,66.0
2025-09-16 21:45:00,MCX:GOLD1!,110215.0,110287.0,110215.0,110279.0,94.0
2025-09-16 22:00:00,MCX:GOLD1!,110285.0,110290.0,110178.0,110178.0,113.0
2025-09-16 22:15:00,MCX:GOLD1!,110185.0,110286.0,110185.0,110269.0,102.0
2025-09-16 22:30:00,MCX:GOLD1!,110250.0,110271.0,110191.0,110195.0,37.0
2025-09-16 22:45:00,MCX:GOLD1!,110198.0,110231.0,110171.0,110190.0,37.0
2025-09-16 23:00:00,MCX:GOLD1!,110185.0,110227.0,110145.0,110174.0,79.0
2025-09-16 23:15:00,MCX:GOLD1!,110151.0,110190.0,110105.0,110110.0,200.0
2025-09-17 09:00:00,MCX:GOLD1!,109900.0,109956.0,109854.0,109899.0,446.0
2025-09-17 09:15:00,MCX:GOLD1!,109905.0,109918.0,109870.0,109890.0,165.0
2025-09-17 09:30:00,MCX:GOLD1!,109870.0,109870.0,109750.0,109776.0,251.0
2025-09-17 09:45:00,MCX:GOLD1!,109771.0,109798.0,109686.0,109742.0,139.0
2025-09-17 10:00:00,MCX:GOLD1!,109727.0,109793.0,109707.0,109785.0,101.0
2025-09-17 10:15:00,MCX:GOLD1!,109775.0,109782.0,109720.0,109720.0,62.0
2025-09-17 10:30:00,MCX:GOLD1!,109750.0,109865.0,109733.0,109816.0,126.0
2025-09-17 10:45:00,MCX:GOLD1!,109801.0,109803.0,109705.0,109721.0,111.0
2025-09-17 11:00:00,MCX:GOLD1!,109732.0,109770.0,109605.0,109690.0,185.0
2025-09-17 11:15:00,MCX:GOLD1!,109699.0,109719.0,109664.0,109698.0,85.0
2025-09-17 11:30:00,MCX:GOLD1!,109700.0,109700.0,109570.0,109600.0,137.0
2025-09-17 11:45:00,MCX:GOLD1!,109580.0,109650.0,109529.0,109550.0,302.0
2025-09-17 12:00:00,MCX:GOLD1!,109550.0,109569.0,109430.0,109438.0,389.0
2025-09-17 12:15:00,MCX:GOLD1!,109438.0,109580.0,109438.0,109550.0,156.0
2025-09-17 12:30:00,MCX:GOLD1!,109580.0,109600.0,109480.0,109501.0,137.0
2025-09-17 12:45:00,MCX:GOLD1!,109500.0,109521.0,109400.0,109426.0,139.0
2025-09-17 13:00:00,MCX:GOLD1!,109420.0,109492.0,109360.0,109451.0,180.0
2025-09-17 13:15:00,MCX:GOLD1!,109440.0,109452.0,109346.0,109355.0,157.0
2025-09-17 13:30:00,MCX:GOLD1!,109355.0,109381.0,109265.0,109295.0,202.0
2025-09-17 13:45:00,MCX:GOLD1!,109296.0,109314.0,109225.0,109298.0,283.0
2025-09-17 14:00:00,MCX:GOLD1!,109301.0,109330.0,109180.0,109212.0,158.0
2025-09-17 14:15:00,MCX:GOLD1!,109212.0,109276.0,109212.0,109243.0,81.0
2025-09-17 14:30:00,MCX:GOLD1!,109241.0,109362.0,109207.0,109353.0,91.0
2025-09-17 14:45:00,MCX:GOLD1!,109350.0,109435.0,109350.0,109389.0,173.0
2025-09-17 15:00:00,MCX:GOLD1!,109389.0,109389.0,109308.0,109350.0,200.0
2025-09-17 15:15:00,MCX:GOLD1!,109372.0,109401.0,109350.0,109384.0,92.0
2025-09-17 15:30:00,MCX:GOLD1!,109365.0,109405.0,109205.0,109290.0,214.0
2025-09-17 15:45:00,MCX:GOLD1!,109300.0,109397.0,109288.0,109333.0,121.0
2025-09-17 16:00:00,MCX:GOLD1!,109355.0,109370.0,109300.0,109350.0,29.0
2025-09-17 16:15:00,MCX:GOLD1!,109350.0,109360.0,109220.0,109225.0,136.0
2025-09-17 16:30:00,MCX:GOLD1!,109232.0,109280.0,109191.0,109227.0,151.0
2025-09-17 16:45:00,MCX:GOLD1!,109238.0,109396.0,109238.0,109370.0,148.0
2025-09-17 17:00:00,MCX:GOLD1!,109370.0,109410.0,109335.0,109388.0,117.0
2025-09-17 17:15:00,MCX:GOLD1!,109390.0,109411.0,109328.0,109376.0,60.0
2025-09-17 17:30:00,MCX:GOLD1!,109376.0,109550.0,109376.0,109485.0,313.0
2025-09-17 17:45:00,MCX:GOLD1!,109487.0,109556.0,109482.0,109515.0,170.0
2025-09-17 18:00:00,MCX:GOLD1!,109520.0,109660.0,109504.0,109639.0,309.0
2025-09-17 18:15:00,MCX:GOLD1!,109644.0,109731.0,109618.0,109702.0,259.0
2025-09-17 18:30:00,MCX:GOLD1!,109702.0,109704.0,109502.0,109658.0,243.0
2025-09-17 18:45:00,MCX:GOLD1!,109660.0,109680.0,109562.0,109618.0,57.0
2025-09-17 19:00:00,MCX:GOLD1!,109656.0,109825.0,109655.0,109700.0,250.0
2025-09-17 19:15:00,MCX:GOLD1!,109695.0,109710.0,109625.0,109669.0,63.0
2025-09-17 19:30:00,MCX:GOLD1!,109669.0,109789.0,109638.0,109785.0,78.0
2025-09-17 19:45:00,MCX:GOLD1!,109775.0,109807.0,109721.0,109739.0,74.0
2025-09-17 20:00:00,MCX:GOLD1!,109745.0,109818.0,109739.0,109792.0,100.0
2025-09-17 20:15:00,MCX:GOLD1!,109792.0,109810.0,109720.0,109748.0,49.0
2025-09-17 20:30:00,MCX:GOLD1!,109785.0,109839.0,109750.0,109794.0,55.0
2025-09-17 20:45:00,MCX:GOLD1!,109800.0,109819.0,109735.0,109751.0,63.0
2025-09-17 21:00:00,MCX:GOLD1!,109747.0,109820.0,109746.0,109771.0,37.0
2025-09-17 21:15:00,MCX:GOLD1!,109777.0,109782.0,109685.0,109750.0,65.0
2025-09-17 21:30:00,MCX:GOLD1!,109759.0,109868.0,109759.0,109843.0,157.0
2025-09-17 21:45:00,MCX:GOLD1!,109851.0,109922.0,109827.0,109873.0,121.0
2025-09-17 22:00:00,MCX:GOLD1!,109877.0,109890.0,109841.0,109845.0,50.0
2025-09-17 22:15:00,MCX:GOLD1!,109844.0,109863.0,109760.0,109780.0,126.0
2025-09-17 22:30:00,MCX:GOLD1!,109780.0,109785.0,109724.0,109782.0,97.0
2025-09-17 22:45:00,MCX:GOLD1!,109778.0,109778.0,109655.0,109743.0,241.0
2025-09-17 23:00:00,MCX:GOLD1!,109760.0,109817.0,109740.0,109799.0,97.0
2025-09-17 23:15:00,MCX:GOLD1!,109800.0,109853.0,109795.0,109840.0,294.0
2025-09-18 09:00:00,MCX:GOLD1!,109250.0,109425.0,109157.0,109300.0,423.0
2025-09-18 09:15:00,MCX:GOLD1!,109301.0,109309.0,109222.0,109239.0,177.0
2025-09-18 09:30:00,MCX:GOLD1!,109234.0,109269.0,109200.0,109258.0,138.0
2025-09-18 09:45:00,MCX:GOLD1!,109251.0,109350.0,109251.0,109299.0,136.0
2025-09-18 10:00:00,MCX:GOLD1!,109300.0,109324.0,109232.0,109292.0,116.0
2025-09-18 10:15:00,MCX:GOLD1!,109272.0,109295.0,109196.0,109196.0,190.0
2025-09-18 10:30:00,MCX:GOLD1!,109207.0,109269.0,109196.0,109269.0,191.0
2025-09-18 10:45:00,MCX:GOLD1!,109277.0,109374.0,109233.0,109370.0,262.0
2025-09-18 11:00:00,MCX:GOLD1!,109362.0,109373.0,109180.0,109215.0,318.0
2025-09-18 11:15:00,MCX:GOLD1!,109215.0,109250.0,109105.0,109149.0,426.0
2025-09-18 11:30:00,MCX:GOLD1!,109146.0,109154.0,108730.0,108820.0,850.0
2025-09-18 11:45:00,MCX:GOLD1!,108819.0,108849.0,108690.0,108822.0,483.0
2025-09-18 12:00:00,MCX:GOLD1!,108822.0,108873.0,108760.0,108774.0,217.0
2025-09-18 12:15:00,MCX:GOLD1!,108780.0,108807.0,108751.0,108777.0,312.0
2025-09-18 12:30:00,MCX:GOLD1!,108752.0,108972.0,108717.0,108946.0,175.0
2025-09-18 12:45:00,MCX:GOLD1!,108958.0,109100.0,108941.0,109095.0,315.0
2025-09-18 13:00:00,MCX:GOLD1!,109083.0,109340.0,109050.0,109322.0,265.0
2025-09-18 13:15:00,MCX:GOLD1!,109330.0,109363.0,109278.0,109337.0,234.0
2025-09-18 13:30:00,MCX:GOLD1!,109360.0,109361.0,109240.0,109260.0,142.0
2025-09-18 13:45:00,MCX:GOLD1!,109270.0,109324.0,109220.0,109324.0,103.0
2025-09-18 14:00:00,MCX:GOLD1!,109322.0,109519.0,109302.0,109496.0,320.0
2025-09-18 14:15:00,MCX:GOLD1!,109501.0,109639.0,109482.0,109613.0,276.0
2025-09-18 14:30:00,MCX:GOLD1!,109630.0,109717.0,109580.0,109682.0,209.0
2025-09-18 14:45:00,MCX:GOLD1!,109675.0,109802.0,109603.0,109765.0,235.0
2025-09-18 15:00:00,MCX:GOLD1!,109755.0,109801.0,109717.0,109760.0,153.0
2025-09-18 15:15:00,MCX:GOLD1!,109780.0,109799.0,109737.0,109799.0,136.0
2025-09-18 15:30:00,MCX:GOLD1!,109799.0,109800.0,109670.0,109687.0,175.0
2025-09-18 15:45:00,MCX:GOLD1!,109687.0,109741.0,109587.0,109741.0,143.0
2025-09-18 16:00:00,MCX:GOLD1!,109741.0,109750.0,109625.0,109636.0,44.0
2025-09-18 16:15:00,MCX:GOLD1!,109625.0,109700.0,109613.0,109630.0,44.0
2025-09-18 16:30:00,MCX:GOLD1!,109639.0,109672.0,109616.0,109644.0,78.0
2025-09-18 16:45:00,MCX:GOLD1!,109658.0,109720.0,109610.0,109610.0,74.0
2025-09-18 17:00:00,MCX:GOLD1!,109610.0,109680.0,109570.0,109650.0,80.0
2025-09-18 17:15:00,MCX:GOLD1!,109620.0,109660.0,109613.0,109614.0,41.0
2025-09-18 17:30:00,MCX:GOLD1!,109634.0,109663.0,109601.0,109628.0,60.0
2025-09-18 17:45:00,MCX:GOLD1!,109628.0,109797.0,109628.0,109783.0,124.0
2025-09-18 18:00:00,MCX:GOLD1!,109727.0,109739.0,109621.0,109707.0,416.0
2025-09-18 18:15:00,MCX:GOLD1!,109707.0,109736.0,109584.0,109584.0,112.0
2025-09-18 18:30:00,MCX:GOLD1!,109555.0,109595.0,109363.0,109453.0,358.0
2025-09-18 18:45:00,MCX:GOLD1!,109453.0,109520.0,109300.0,109318.0,239.0
2025-09-18 19:00:00,MCX:GOLD1!,109348.0,109348.0,108781.0,108789.0,920.0
2025-09-18 19:15:00,MCX:GOLD1!,108781.0,109100.0,108730.0,109061.0,1058.0
2025-09-18 19:30:00,MCX:GOLD1!,109066.0,109175.0,108941.0,109041.0,333.0
2025-09-18 19:45:00,MCX:GOLD1!,109000.0,109020.0,108842.0,108899.0,299.0
2025-09-18 20:00:00,MCX:GOLD1!,108901.0,109077.0,108875.0,109050.0,184.0
2025-09-18 20:15:00,MCX:GOLD1!,109033.0,109116.0,108950.0,108950.0,82.0
2025-09-18 20:30:00,MCX:GOLD1!,108955.0,109030.0,108905.0,108974.0,97.0
2025-09-18 20:45:00,MCX:GOLD1!,108970.0,109034.0,108925.0,108936.0,70.0
2025-09-18 21:00:00,MCX:GOLD1!,108948.0,109002.0,108948.0,108975.0,39.0
2025-09-18 21:15:00,MCX:GOLD1!,108974.0,109046.0,108953.0,109010.0,90.0
2025-09-18 21:30:00,MCX:GOLD1!,109003.0,109090.0,109003.0,109089.0,80.0
2025-09-18 21:45:00,MCX:GOLD1!,109089.0,109189.0,109077.0,109077.0,147.0
2025-09-18 22:00:00,MCX:GOLD1!,109077.0,109100.0,109040.0,109072.0,30.0
2025-09-18 22:15:00,MCX:GOLD1!,109060.0,109155.0,109060.0,109117.0,33.0
2025-09-18 22:30:00,MCX:GOLD1!,109127.0,109130.0,109079.0,109085.0,21.0
2025-09-18 22:45:00,MCX:GOLD1!,109085.0,109110.0,109066.0,109099.0,27.0
2025-09-18 23:00:00,MCX:GOLD1!,109080.0,109100.0,109050.0,109055.0,50.0
2025-09-18 23:15:00,MCX:GOLD1!,109059.0,109080.0,109025.0,109068.0,145.0
2025-09-19 09:00:00,MCX:GOLD1!,109678.0,109678.0,109158.0,109397.0,251.0
2025-09-19 09:15:00,MCX:GOLD1!,109399.0,109402.0,109339.0,109385.0,155.0
2025-09-19 09:30:00,MCX:GOLD1!,109400.0,109533.0,109400.0,109530.0,361.0
2025-09-19 09:45:00,MCX:GOLD1!,109518.0,109600.0,109514.0,109550.0,165.0
2025-09-19 10:00:00,MCX:GOLD1!,109548.0,109620.0,109538.0,109560.0,176.0
2025-09-19 10:15:00,MCX:GOLD1!,109571.0,109590.0,109531.0,109587.0,60.0
2025-09-19 10:30:00,MCX:GOLD1!,109590.0,109655.0,109565.0,109565.0,153.0
2025-09-19 10:45:00,MCX:GOLD1!,109565.0,109618.0,109500.0,109592.0,116.0
2025-09-19 11:00:00,MCX:GOLD1!,109577.0,109577.0,109411.0,109470.0,135.0
2025-09-19 11:15:00,MCX:GOLD1!,109470.0,109473.0,109341.0,109353.0,230.0
2025-09-19 11:30:00,MCX:GOLD1!,109339.0,109439.0,109336.0,109380.0,127.0
2025-09-19 11:45:00,MCX:GOLD1!,109381.0,109399.0,109261.0,109382.0,201.0
2025-09-19 12:00:00,MCX:GOLD1!,109379.0,109407.0,109182.0,109300.0,219.0
2025-09-19 12:15:00,MCX:GOLD1!,109300.0,109300.0,109204.0,109242.0,89.0
2025-09-19 12:30:00,MCX:GOLD1!,109244.0,109305.0,109179.0,109262.0,156.0
2025-09-19 12:45:00,MCX:GOLD1!,109255.0,109313.0,109189.0,109290.0,150.0
2025-09-19 13:00:00,MCX:GOLD1!,109275.0,109290.0,109231.0,109240.0,77.0
2025-09-19 13:15:00,MCX:GOLD1!,109240.0,109382.0,109233.0,109300.0,114.0
2025-09-19 13:30:00,MCX:GOLD1!,109270.0,109330.0,109257.0,109257.0,39.0
2025-09-19 13:45:00,MCX:GOLD1!,109250.0,109296.0,109210.0,109248.0,63.0
2025-09-19 14:00:00,MCX:GOLD1!,109248.0,109324.0,109248.0,109295.0,82.0
2025-09-19 14:15:00,MCX:GOLD1!,109295.0,109375.0,109295.0,109358.0,42.0
2025-09-19 14:30:00,MCX:GOLD1!,109371.0,109408.0,109343.0,109375.0,84.0
2025-09-19 14:45:00,MCX:GOLD1!,109392.0,109410.0,109354.0,109354.0,76.0
2025-09-19 15:00:00,MCX:GOLD1!,109354.0,109385.0,109321.0,109379.0,105.0
2025-09-19 15:15:00,MCX:GOLD1!,109380.0,109390.0,109321.0,109377.0,58.0
2025-09-19 15:30:00,MCX:GOLD1!,109365.0,109390.0,109301.0,109390.0,26.0
2025-09-19 15:45:00,MCX:GOLD1!,109360.0,109390.0,109340.0,109346.0,37.0
2025-09-19 16:00:00,MCX:GOLD1!,109340.0,109357.0,109267.0,109317.0,110.0
2025-09-19 16:15:00,MCX:GOLD1!,109328.0,109344.0,109299.0,109319.0,77.0
2025-09-19 16:30:00,MCX:GOLD1!,109306.0,109318.0,109216.0,109238.0,106.0
2025-09-19 16:45:00,MCX:GOLD1!,109238.0,109242.0,109150.0,109150.0,204.0
2025-09-19 17:00:00,MCX:GOLD1!,109150.0,109199.0,109077.0,109077.0,209.0
2025-09-19 17:15:00,MCX:GOLD1!,109077.0,109170.0,109066.0,109130.0,174.0
2025-09-19 17:30:00,MCX:GOLD1!,109157.0,109228.0,109103.0,109217.0,116.0
2025-09-19 17:45:00,MCX:GOLD1!,109218.0,109250.0,109150.0,109155.0,91.0
2025-09-19 18:00:00,MCX:GOLD1!,109139.0,109198.0,109122.0,109140.0,39.0
2025-09-19 18:15:00,MCX:GOLD1!,109148.0,109213.0,109100.0,109185.0,76.0
2025-09-19 18:30:00,MCX:GOLD1!,109190.0,109319.0,109085.0,109313.0,145.0
2025-09-19 18:45:00,MCX:GOLD1!,109330.0,109333.0,109259.0,109330.0,123.0
2025-09-19 19:00:00,MCX:GOLD1!,109320.0,109380.0,109251.0,109330.0,142.0
2025-09-19 19:15:00,MCX:GOLD1!,109311.0,109542.0,109289.0,109497.0,276.0
2025-09-19 19:30:00,MCX:GOLD1!,109511.0,109520.0,109421.0,109433.0,119.0
2025-09-19 19:45:00,MCX:GOLD1!,109445.0,109513.0,109330.0,109500.0,146.0
2025-09-19 20:00:00,MCX:GOLD1!,109505.0,109530.0,109465.0,109476.0,116.0
2025-09-19 20:15:00,MCX:GOLD1!,109500.0,109670.0,109470.0,109615.0,240.0
2025-09-19 20:30:00,MCX:GOLD1!,109615.0,109740.0,109580.0,109737.0,244.0
2025-09-19 20:45:00,MCX:GOLD1!,109740.0,109809.0,109675.0,109690.0,323.0
2025-09-19 21:00:00,MCX:GOLD1!,109690.0,109723.0,109616.0,109710.0,137.0
2025-09-19 21:15:00,MCX:GOLD1!,109722.0,109730.0,109670.0,109708.0,82.0
2025-09-19 21:30:00,MCX:GOLD1!,109720.0,109771.0,109634.0,109638.0,86.0
2025-09-19 21:45:00,MCX:GOLD1!,109648.0,109650.0,109568.0,109618.0,98.0
2025-09-19 22:00:00,MCX:GOLD1!,109600.0,109679.0,109573.0,109679.0,57.0
2025-09-19 22:15:00,MCX:GOLD1!,109679.0,109679.0,109610.0,109625.0,47.0
2025-09-19 22:30:00,MCX:GOLD1!,109630.0,109678.0,109630.0,109678.0,56.0
2025-09-19 22:45:00,MCX:GOLD1!,109660.0,109720.0,109660.0,109720.0,119.0
2025-09-19 23:00:00,MCX:GOLD1!,109716.0,109780.0,109707.0,109751.0,106.0
2025-09-19 23:15:00,MCX:GOLD1!,109752.0,109910.0,109752.0,109900.0,489.0
2025-09-22 09:00:00,MCX:GOLD1!,110392.0,110570.0,110202.0,110570.0,550.0
2025-09-22 09:15:00,MCX:GOLD1!,110545.0,110608.0,110520.0,110523.0,398.0
2025-09-22 09:30:00,MCX:GOLD1!,110535.0,110568.0,110440.0,110450.0,129.0
2025-09-22 09:45:00,MCX:GOLD1!,110450.0,110499.0,110443.0,110470.0,100.0
2025-09-22 10:00:00,MCX:GOLD1!,110470.0,110521.0,110470.0,110484.0,88.0
2025-09-22 10:15:00,MCX:GOLD1!,110490.0,110527.0,110476.0,110500.0,106.0
2025-09-22 10:30:00,MCX:GOLD1!,110487.0,110533.0,110481.0,110528.0,97.0
2025-09-22 10:45:00,MCX:GOLD1!,110528.0,110600.0,110528.0,110575.0,84.0
2025-09-22 11:00:00,MCX:GOLD1!,110564.0,110665.0,110564.0,110632.0,201.0
2025-09-22 11:15:00,MCX:GOLD1!,110632.0,110661.0,110562.0,110577.0,130.0
2025-09-22 11:30:00,MCX:GOLD1!,110582.0,110663.0,110532.0,110650.0,123.0
2025-09-22 11:45:00,MCX:GOLD1!,110666.0,110836.0,110661.0,110829.0,388.0
2025-09-22 12:00:00,MCX:GOLD1!,110830.0,111077.0,110817.0,111076.0,601.0
2025-09-22 12:15:00,MCX:GOLD1!,111100.0,111166.0,111050.0,111072.0,358.0
2025-09-22 12:30:00,MCX:GOLD1!,111075.0,111105.0,110990.0,111025.0,216.0
2025-09-22 12:45:00,MCX:GOLD1!,111025.0,111080.0,110953.0,111080.0,234.0
2025-09-22 13:00:00,MCX:GOLD1!,111103.0,111190.0,111090.0,111123.0,151.0
2025-09-22 13:15:00,MCX:GOLD1!,111120.0,111140.0,111095.0,111113.0,115.0
2025-09-22 13:30:00,MCX:GOLD1!,111100.0,111250.0,111090.0,111215.0,169.0
2025-09-22 13:45:00,MCX:GOLD1!,111215.0,111300.0,111215.0,111280.0,168.0
2025-09-22 14:00:00,MCX:GOLD1!,111261.0,111468.0,111261.0,111468.0,276.0
2025-09-22 14:15:00,MCX:GOLD1!,111455.0,111472.0,111405.0,111450.0,157.0
2025-09-22 14:30:00,MCX:GOLD1!,111455.0,111500.0,111438.0,111450.0,138.0
2025-09-22 14:45:00,MCX:GOLD1!,111448.0,111653.0,111448.0,111612.0,255.0
2025-09-22 15:00:00,MCX:GOLD1!,111612.0,111612.0,111480.0,111510.0,135.0
2025-09-22 15:15:00,MCX:GOLD1!,111510.0,111610.0,111510.0,111560.0,277.0
2025-09-22 15:30:00,MCX:GOLD1!,111561.0,111614.0,111503.0,111583.0,379.0
2025-09-22 15:45:00,MCX:GOLD1!,111595.0,111678.0,111582.0,111643.0,261.0
2025-09-22 16:00:00,MCX:GOLD1!,111625.0,111673.0,111593.0,111671.0,165.0
2025-09-22 16:15:00,MCX:GOLD1!,111673.0,111727.0,111649.0,111682.0,235.0
2025-09-22 16:30:00,MCX:GOLD1!,111650.0,111698.0,111620.0,111676.0,141.0
2025-09-22 16:45:00,MCX:GOLD1!,111676.0,111705.0,111611.0,111655.0,203.0
2025-09-22 17:00:00,MCX:GOLD1!,111644.0,111669.0,111490.0,111492.0,250.0
2025-09-22 17:15:00,MCX:GOLD1!,111501.0,111589.0,111461.0,111589.0,183.0
2025-09-22 17:30:00,MCX:GOLD1!,111589.0,111599.0,111467.0,111467.0,120.0
2025-09-22 17:45:00,MCX:GOLD1!,111467.0,111500.0,111230.0,111350.0,358.0
2025-09-22 18:00:00,MCX:GOLD1!,111350.0,111450.0,111294.0,111346.0,321.0
2025-09-22 18:15:00,MCX:GOLD1!,111382.0,111560.0,111365.0,111491.0,286.0
2025-09-22 18:30:00,MCX:GOLD1!,111491.0,111600.0,111478.0,111545.0,173.0
2025-09-22 18:45:00,MCX:GOLD1!,111534.0,111600.0,111494.0,111522.0,69.0
2025-09-22 19:00:00,MCX:GOLD1!,111540.0,111580.0,111363.0,111418.0,265.0
2025-09-22 19:15:00,MCX:GOLD1!,111396.0,111533.0,111307.0,111519.0,197.0
2025-09-22 19:30:00,MCX:GOLD1!,111556.0,111582.0,111428.0,111545.0,126.0
2025-09-22 19:45:00,MCX:GOLD1!,111532.0,111553.0,111474.0,111550.0,158.0
2025-09-22 20:00:00,MCX:GOLD1!,111529.0,111531.0,111420.0,111467.0,310.0
2025-09-22 20:15:00,MCX:GOLD1!,111474.0,111650.0,111450.0,111650.0,206.0
2025-09-22 20:30:00,MCX:GOLD1!,111633.0,111735.0,111606.0,111639.0,142.0
2025-09-22 20:45:00,MCX:GOLD1!,111619.0,111789.0,111619.0,111789.0,121.0
2025-09-22 21:00:00,MCX:GOLD1!,111796.0,111845.0,111739.0,111834.0,254.0
2025-09-22 21:15:00,MCX:GOLD1!,111834.0,111939.0,111820.0,111909.0,208.0
2025-09-22 21:30:00,MCX:GOLD1!,111934.0,111980.0,111900.0,111903.0,171.0
2025-09-22 21:45:00,MCX:GOLD1!,111919.0,111984.0,111879.0,111967.0,163.0
2025-09-22 22:00:00,MCX:GOLD1!,111977.0,112020.0,111940.0,112020.0,193.0
2025-09-22 22:15:00,MCX:GOLD1!,112020.0,112054.0,111957.0,111981.0,278.0
2025-09-22 22:30:00,MCX:GOLD1!,111991.0,112088.0,111979.0,112078.0,198.0
2025-09-22 22:45:00,MCX:GOLD1!,112061.0,112143.0,112052.0,112107.0,228.0
2025-09-22 23:00:00,MCX:GOLD1!,112106.0,112295.0,112106.0,112260.0,264.0
2025-09-22 23:15:00,MCX:GOLD1!,112250.0,112292.0,112200.0,112210.0,347.0
2025-09-23 09:00:00,MCX:GOLD1!,112232.0,112448.0,112174.0,112444.0,446.0
2025-09-23 09:15:00,MCX:GOLD1!,112453.0,112616.0,112433.0,112589.0,558.0
2025-09-23 09:30:00,MCX:GOLD1!,112597.0,112657.0,112512.0,112550.0,506.0
2025-09-23 09:45:00,MCX:GOLD1!,112560.0,112690.0,112531.0,112680.0,319.0
2025-09-23 10:00:00,MCX:GOLD1!,112658.0,112750.0,112651.0,112715.0,240.0
2025-09-23 10:15:00,MCX:GOLD1!,112715.0,112735.0,112640.0,112657.0,195.0
2025-09-23 10:30:00,MCX:GOLD1!,112660.0,112820.0,112650.0,112810.0,161.0
2025-09-23 10:45:00,MCX:GOLD1!,112800.0,112879.0,112771.0,112879.0,333.0
2025-09-23 11:00:00,MCX:GOLD1!,112870.0,113199.0,112870.0,113195.0,570.0
2025-09-23 11:15:00,MCX:GOLD1!,113181.0,113200.0,113025.0,113046.0,318.0
2025-09-23 11:30:00,MCX:GOLD1!,113022.0,113153.0,112942.0,113114.0,221.0
2025-09-23 11:45:00,MCX:GOLD1!,113092.0,113187.0,113055.0,113136.0,203.0
2025-09-23 12:00:00,MCX:GOLD1!,113103.0,113147.0,112958.0,112958.0,204.0
2025-09-23 12:15:00,MCX:GOLD1!,112995.0,113100.0,112968.0,113050.0,72.0
2025-09-23 12:30:00,MCX:GOLD1!,113030.0,113081.0,112936.0,113048.0,242.0
2025-09-23 12:45:00,MCX:GOLD1!,113045.0,113116.0,113000.0,113100.0,185.0
2025-09-23 13:00:00,MCX:GOLD1!,113100.0,113163.0,113086.0,113123.0,173.0
2025-09-23 13:15:00,MCX:GOLD1!,113119.0,113147.0,113066.0,113088.0,134.0
2025-09-23 13:30:00,MCX:GOLD1!,113110.0,113158.0,113085.0,113158.0,138.0
2025-09-23 13:45:00,MCX:GOLD1!,113160.0,113320.0,113125.0,113320.0,244.0
2025-09-23 14:00:00,MCX:GOLD1!,113336.0,113585.0,113331.0,113575.0,365.0
2025-09-23 14:15:00,MCX:GOLD1!,113580.0,113779.0,113580.0,113751.0,512.0
2025-09-23 14:30:00,MCX:GOLD1!,113751.0,114130.0,113751.0,114098.0,903.0
2025-09-23 14:45:00,MCX:GOLD1!,114070.0,114179.0,113964.0,114098.0,1040.0
2025-09-23 15:00:00,MCX:GOLD1!,114090.0,114098.0,113810.0,113810.0,410.0
2025-09-23 15:15:00,MCX:GOLD1!,113811.0,114000.0,113805.0,114000.0,446.0
2025-09-23 15:30:00,MCX:GOLD1!,113994.0,114029.0,113953.0,114029.0,146.0
2025-09-23 15:45:00,MCX:GOLD1!,114029.0,114050.0,113975.0,113975.0,199.0
2025-09-23 16:00:00,MCX:GOLD1!,113985.0,114042.0,113960.0,113980.0,80.0
2025-09-23 16:15:00,MCX:GOLD1!,113999.0,113999.0,113880.0,113911.0,231.0
2025-09-23 16:30:00,MCX:GOLD1!,113920.0,113980.0,113865.0,113880.0,167.0
2025-09-23 16:45:00,MCX:GOLD1!,113890.0,114100.0,113869.0,114085.0,211.0
2025-09-23 17:00:00,MCX:GOLD1!,114100.0,114100.0,113958.0,114013.0,176.0
2025-09-23 17:15:00,MCX:GOLD1!,114005.0,114010.0,113900.0,114005.0,220.0
2025-09-23 17:30:00,MCX:GOLD1!,113999.0,114015.0,113880.0,113924.0,198.0
2025-09-23 17:45:00,MCX:GOLD1!,113924.0,114027.0,113855.0,113890.0,194.0
2025-09-23 18:00:00,MCX:GOLD1!,113912.0,114010.0,113880.0,114009.0,132.0
2025-09-23 18:15:00,MCX:GOLD1!,114016.0,114077.0,114012.0,114027.0,92.0
2025-09-23 18:30:00,MCX:GOLD1!,114011.0,114073.0,113965.0,114071.0,163.0
2025-09-23 18:45:00,MCX:GOLD1!,114056.0,114073.0,113936.0,114006.0,125.0
2025-09-23 19:00:00,MCX:GOLD1!,113964.0,114089.0,113883.0,114050.0,246.0
2025-09-23 19:15:00,MCX:GOLD1!,114015.0,114031.0,113621.0,113949.0,660.0
2025-09-23 19:30:00,MCX:GOLD1!,113936.0,113950.0,113681.0,113743.0,292.0
2025-09-23 19:45:00,MCX:GOLD1!,113748.0,113760.0,113376.0,113579.0,900.0
2025-09-23 20:00:00,MCX:GOLD1!,113610.0,113732.0,113555.0,113626.0,209.0
2025-09-23 20:15:00,MCX:GOLD1!,113626.0,113707.0,113540.0,113633.0,161.0
2025-09-23 20:30:00,MCX:GOLD1!,113650.0,113900.0,113610.0,113880.0,308.0
2025-09-23 20:45:00,MCX:GOLD1!,113870.0,113952.0,113807.0,113913.0,265.0
2025-09-23 21:00:00,MCX:GOLD1!,113919.0,113970.0,113846.0,113846.0,119.0
2025-09-23 21:15:00,MCX:GOLD1!,113850.0,113870.0,113730.0,113848.0,143.0
2025-09-23 21:30:00,MCX:GOLD1!,113828.0,113847.0,113660.0,113660.0,105.0
2025-09-23 21:45:00,MCX:GOLD1!,113674.0,113823.0,113660.0,113734.0,59.0
2025-09-23 22:00:00,MCX:GOLD1!,113720.0,113790.0,113505.0,113643.0,290.0
2025-09-23 22:15:00,MCX:GOLD1!,113670.0,113937.0,113670.0,113862.0,227.0
2025-09-23 22:30:00,MCX:GOLD1!,113862.0,113917.0,113828.0,113905.0,120.0
2025-09-23 22:45:00,MCX:GOLD1!,113912.0,114050.0,113864.0,113979.0,273.0
2025-09-23 23:00:00,MCX:GOLD1!,114000.0,114000.0,113755.0,113757.0,492.0
2025-09-23 23:15:00,MCX:GOLD1!,113778.0,113837.0,113730.0,113800.0,389.0
2025-09-24 09:00:00,MCX:GOLD1!,113500.0,113549.0,113253.0,113535.0,430.0
2025-09-24 09:15:00,MCX:GOLD1!,113543.0,113543.0,113416.0,113438.0,182.0
2025-09-24 09:30:00,MCX:GOLD1!,113437.0,113498.0,113433.0,113449.0,198.0
2025-09-24 09:45:00,MCX:GOLD1!,113449.0,113470.0,113362.0,113385.0,256.0
2025-09-24 10:00:00,MCX:GOLD1!,113370.0,113475.0,113370.0,113475.0,89.0
2025-09-24 10:15:00,MCX:GOLD1!,113470.0,113550.0,113446.0,113548.0,91.0
2025-09-24 10:30:00,MCX:GOLD1!,113550.0,113650.0,113500.0,113650.0,226.0
2025-09-24 10:45:00,MCX:GOLD1!,113650.0,113750.0,113605.0,113699.0,180.0
2025-09-24 11:00:00,MCX:GOLD1!,113694.0,113800.0,113669.0,113762.0,191.0
2025-09-24 11:15:00,MCX:GOLD1!,113777.0,113793.0,113685.0,113767.0,188.0
2025-09-24 11:30:00,MCX:GOLD1!,113780.0,113785.0,113700.0,113740.0,140.0
2025-09-24 11:45:00,MCX:GOLD1!,113740.0,113790.0,113651.0,113677.0,220.0
2025-09-24 12:00:00,MCX:GOLD1!,113657.0,113747.0,113637.0,113709.0,84.0
2025-09-24 12:15:00,MCX:GOLD1!,113682.0,113746.0,113654.0,113654.0,72.0
2025-09-24 12:30:00,MCX:GOLD1!,113700.0,113790.0,113700.0,113720.0,43.0
2025-09-24 12:45:00,MCX:GOLD1!,113718.0,113754.0,113700.0,113710.0,45.0
2025-09-24 13:00:00,MCX:GOLD1!,113730.0,113838.0,113678.0,113800.0,188.0
2025-09-24 13:15:00,MCX:GOLD1!,113790.0,113816.0,113756.0,113793.0,109.0
2025-09-24 13:30:00,MCX:GOLD1!,113800.0,113800.0,113660.0,113660.0,106.0
2025-09-24 13:45:00,MCX:GOLD1!,113653.0,113725.0,113641.0,113669.0,125.0
2025-09-24 14:00:00,MCX:GOLD1!,113658.0,113665.0,113550.0,113585.0,118.0
2025-09-24 14:15:00,MCX:GOLD1!,113591.0,113641.0,113490.0,113600.0,157.0
2025-09-24 14:30:00,MCX:GOLD1!,113600.0,113625.0,113562.0,113562.0,97.0
2025-09-24 14:45:00,MCX:GOLD1!,113562.0,113585.0,113500.0,113506.0,93.0
2025-09-24 15:00:00,MCX:GOLD1!,113500.0,113550.0,113446.0,113505.0,108.0
2025-09-24 15:15:00,MCX:GOLD1!,113525.0,113538.0,113417.0,113417.0,171.0
2025-09-24 15:30:00,MCX:GOLD1!,113433.0,113470.0,113324.0,113350.0,205.0
2025-09-24 15:45:00,MCX:GOLD1!,113365.0,113365.0,113210.0,113343.0,255.0
2025-09-24 16:00:00,MCX:GOLD1!,113343.0,113399.0,113217.0,113217.0,226.0
2025-09-24 16:15:00,MCX:GOLD1!,113233.0,113310.0,113166.0,113243.0,211.0
2025-09-24 16:30:00,MCX:GOLD1!,113265.0,113276.0,113182.0,113256.0,196.0
2025-09-24 16:45:00,MCX:GOLD1!,113273.0,113412.0,113273.0,113412.0,117.0
2025-09-24 17:00:00,MCX:GOLD1!,113415.0,113549.0,113386.0,113500.0,147.0
2025-09-24 17:15:00,MCX:GOLD1!,113505.0,113528.0,113480.0,113500.0,83.0
2025-09-24 17:30:00,MCX:GOLD1!,113500.0,113550.0,113374.0,113398.0,142.0
2025-09-24 17:45:00,MCX:GOLD1!,113405.0,113532.0,113391.0,113433.0,169.0
2025-09-24 18:00:00,MCX:GOLD1!,113400.0,113400.0,113314.0,113318.0,193.0
2025-09-24 18:15:00,MCX:GOLD1!,113316.0,113488.0,113316.0,113478.0,54.0
2025-09-24 18:30:00,MCX:GOLD1!,113478.0,113588.0,113450.0,113588.0,125.0
2025-09-24 18:45:00,MCX:GOLD1!,113601.0,113650.0,113502.0,113502.0,162.0
2025-09-24 19:00:00,MCX:GOLD1!,113501.0,113542.0,113318.0,113340.0,184.0
2025-09-24 19:15:00,MCX:GOLD1!,113315.0,113412.0,113270.0,113365.0,99.0
2025-09-24 19:30:00,MCX:GOLD1!,113340.0,113421.0,113178.0,113310.0,226.0
2025-09-24 19:45:00,MCX:GOLD1!,113350.0,113350.0,113110.0,113240.0,171.0
2025-09-24 20:00:00,MCX:GOLD1!,113246.0,113281.0,113119.0,113133.0,132.0
2025-09-24 20:15:00,MCX:GOLD1!,113150.0,113175.0,113023.0,113058.0,163.0
2025-09-24 20:30:00,MCX:GOLD1!,113061.0,113175.0,113052.0,113082.0,163.0
2025-09-24 20:45:00,MCX:GOLD1!,113106.0,113207.0,113054.0,113054.0,183.0
2025-09-24 21:00:00,MCX:GOLD1!,113050.0,113073.0,112742.0,112816.0,407.0
2025-09-24 21:15:00,MCX:GOLD1!,112816.0,112841.0,112707.0,112756.0,132.0
2025-09-24 21:30:00,MCX:GOLD1!,112724.0,112868.0,112685.0,112715.0,178.0
2025-09-24 21:45:00,MCX:GOLD1!,112715.0,112789.0,112639.0,112773.0,118.0
2025-09-24 22:00:00,MCX:GOLD1!,112774.0,112800.0,112600.0,112680.0,96.0
2025-09-24 22:15:00,MCX:GOLD1!,112680.0,112697.0,112504.0,112581.0,216.0
2025-09-24 22:30:00,MCX:GOLD1!,112581.0,112720.0,112561.0,112678.0,98.0
2025-09-24 22:45:00,MCX:GOLD1!,112678.0,112700.0,112547.0,112560.0,67.0
2025-09-24 23:00:00,MCX:GOLD1!,112560.0,112599.0,112528.0,112573.0,57.0
2025-09-24 23:15:00,MCX:GOLD1!,112551.0,112616.0,112511.0,112550.0,184.0
2025-09-25 09:00:00,MCX:GOLD1!,112469.0,112490.0,112350.0,112414.0,277.0
2025-09-25 09:15:00,MCX:GOLD1!,112416.0,112449.0,112292.0,112300.0,168.0
2025-09-25 09:30:00,MCX:GOLD1!,112300.0,112300.0,112182.0,112212.0,222.0
2025-09-25 09:45:00,MCX:GOLD1!,112200.0,112300.0,112200.0,112275.0,115.0
2025-09-25 10:00:00,MCX:GOLD1!,112290.0,112483.0,112289.0,112466.0,154.0
2025-09-25 10:15:00,MCX:GOLD1!,112497.0,112526.0,112410.0,112430.0,94.0
2025-09-25 10:30:00,MCX:GOLD1!,112428.0,112446.0,112400.0,112410.0,78.0
2025-09-25 10:45:00,MCX:GOLD1!,112422.0,112422.0,112337.0,112393.0,125.0
2025-09-25 11:00:00,MCX:GOLD1!,112445.0,112595.0,112409.0,112500.0,139.0
2025-09-25 11:15:00,MCX:GOLD1!,112517.0,112600.0,112487.0,112600.0,149.0
2025-09-25 11:30:00,MCX:GOLD1!,112560.0,112811.0,112535.0,112747.0,356.0
2025-09-25 11:45:00,MCX:GOLD1!,112769.0,112837.0,112740.0,112740.0,158.0
2025-09-25 12:00:00,MCX:GOLD1!,112730.0,112762.0,112580.0,112656.0,146.0
2025-09-25 12:15:00,MCX:GOLD1!,112650.0,112670.0,112570.0,112635.0,199.0
2025-09-25 12:30:00,MCX:GOLD1!,112625.0,112689.0,112610.0,112670.0,93.0
2025-09-25 12:45:00,MCX:GOLD1!,112670.0,112754.0,112632.0,112754.0,101.0
2025-09-25 13:00:00,MCX:GOLD1!,112736.0,112938.0,112652.0,112915.0,199.0
2025-09-25 13:15:00,MCX:GOLD1!,112943.0,113075.0,112909.0,112995.0,283.0
2025-09-25 13:30:00,MCX:GOLD1!,112999.0,113152.0,112915.0,113140.0,332.0
2025-09-25 13:45:00,MCX:GOLD1!,113140.0,113250.0,113061.0,113066.0,334.0
2025-09-25 14:00:00,MCX:GOLD1!,113071.0,113153.0,112913.0,113004.0,212.0
2025-09-25 14:15:00,MCX:GOLD1!,113060.0,113151.0,112900.0,113085.0,173.0
2025-09-25 14:30:00,MCX:GOLD1!,113046.0,113084.0,113005.0,113064.0,95.0
2025-09-25 14:45:00,MCX:GOLD1!,113055.0,113062.0,112920.0,112920.0,113.0
2025-09-25 15:00:00,MCX:GOLD1!,112915.0,113131.0,112914.0,113130.0,62.0
2025-09-25 15:15:00,MCX:GOLD1!,113130.0,113240.0,113045.0,113100.0,125.0
2025-09-25 15:30:00,MCX:GOLD1!,113104.0,113135.0,113000.0,113031.0,147.0
2025-09-25 15:45:00,MCX:GOLD1!,113025.0,113157.0,113014.0,113108.0,97.0
2025-09-25 16:00:00,MCX:GOLD1!,113095.0,113164.0,113095.0,113150.0,83.0
2025-09-25 16:15:00,MCX:GOLD1!,113145.0,113220.0,113075.0,113145.0,168.0
2025-09-25 16:30:00,MCX:GOLD1!,113150.0,113150.0,112712.0,112793.0,202.0
2025-09-25 16:45:00,MCX:GOLD1!,112802.0,112976.0,112786.0,112931.0,147.0
2025-09-25 17:00:00,MCX:GOLD1!,112931.0,112980.0,112866.0,112922.0,139.0
2025-09-25 17:15:00,MCX:GOLD1!,112921.0,112995.0,112904.0,112990.0,81.0
2025-09-25 17:30:00,MCX:GOLD1!,112984.0,113050.0,112940.0,113039.0,129.0
2025-09-25 17:45:00,MCX:GOLD1!,113039.0,113060.0,112941.0,113004.0,229.0
2025-09-25 18:00:00,MCX:GOLD1!,112835.0,112936.0,112516.0,112668.0,441.0
2025-09-25 18:15:00,MCX:GOLD1!,112650.0,112695.0,112430.0,112660.0,319.0
2025-09-25 18:30:00,MCX:GOLD1!,112654.0,112712.0,112494.0,112621.0,226.0
2025-09-25 18:45:00,MCX:GOLD1!,112620.0,112873.0,112619.0,112789.0,208.0
2025-09-25 19:00:00,MCX:GOLD1!,112779.0,112797.0,112358.0,112411.0,414.0
2025-09-25 19:15:00,MCX:GOLD1!,112409.0,112491.0,112310.0,112491.0,491.0
2025-09-25 19:30:00,MCX:GOLD1!,112491.0,112520.0,112220.0,112390.0,227.0
2025-09-25 19:45:00,MCX:GOLD1!,112433.0,112550.0,112355.0,112498.0,143.0
2025-09-25 20:00:00,MCX:GOLD1!,112452.0,112502.0,112290.0,112320.0,133.0
2025-09-25 20:15:00,MCX:GOLD1!,112357.0,112532.0,112248.0,112492.0,159.0
2025-09-25 20:30:00,MCX:GOLD1!,112480.0,112568.0,112378.0,112550.0,306.0
2025-09-25 20:45:00,MCX:GOLD1!,112608.0,112675.0,112475.0,112479.0,142.0
2025-09-25 21:00:00,MCX:GOLD1!,112440.0,112640.0,112440.0,112596.0,83.0
2025-09-25 21:15:00,MCX:GOLD1!,112620.0,112644.0,112568.0,112644.0,166.0
2025-09-25 21:30:00,MCX:GOLD1!,112662.0,112815.0,112635.0,112758.0,74.0
2025-09-25 21:45:00,MCX:GOLD1!,112779.0,112779.0,112558.0,112646.0,69.0
2025-09-25 22:00:00,MCX:GOLD1!,112589.0,112627.0,112484.0,112501.0,141.0
2025-09-25 22:15:00,MCX:GOLD1!,112501.0,112549.0,112475.0,112499.0,32.0
2025-09-25 22:30:00,MCX:GOLD1!,112510.0,112680.0,112461.0,112680.0,157.0
2025-09-25 22:45:00,MCX:GOLD1!,112680.0,112800.0,112658.0,112735.0,132.0
2025-09-25 23:00:00,MCX:GOLD1!,112760.0,112761.0,112621.0,112658.0,155.0
2025-09-25 23:15:00,MCX:GOLD1!,112679.0,112723.0,112554.0,112650.0,396.0
2025-09-26 09:00:00,MCX:GOLD1!,112625.0,112725.0,112511.0,112689.0,181.0
2025-09-26 09:15:00,MCX:GOLD1!,112662.0,112877.0,112662.0,112839.0,213.0
2025-09-26 09:30:00,MCX:GOLD1!,112820.0,112930.0,112815.0,112930.0,235.0
2025-09-26 09:45:00,MCX:GOLD1!,112939.0,112939.0,112722.0,112760.0,122.0
2025-09-26 10:00:00,MCX:GOLD1!,112760.0,112837.0,112725.0,112797.0,60.0
2025-09-26 10:15:00,MCX:GOLD1!,112787.0,112834.0,112770.0,112800.0,45.0
2025-09-26 10:30:00,MCX:GOLD1!,112810.0,112820.0,112750.0,112795.0,38.0
2025-09-26 10:45:00,MCX:GOLD1!,112800.0,112815.0,112750.0,112810.0,70.0
2025-09-26 11:00:00,MCX:GOLD1!,112820.0,112880.0,112752.0,112860.0,97.0
2025-09-26 11:15:00,MCX:GOLD1!,112865.0,112865.0,112770.0,112770.0,90.0
2025-09-26 11:30:00,MCX:GOLD1!,112770.0,113015.0,112770.0,113015.0,189.0
2025-09-26 11:45:00,MCX:GOLD1!,113016.0,113130.0,113002.0,113060.0,126.0
2025-09-26 12:00:00,MCX:GOLD1!,113072.0,113160.0,112919.0,112955.0,140.0
2025-09-26 12:15:00,MCX:GOLD1!,112925.0,112960.0,112859.0,112875.0,67.0
2025-09-26 12:30:00,MCX:GOLD1!,112850.0,112911.0,112805.0,112841.0,78.0
2025-09-26 12:45:00,MCX:GOLD1!,112880.0,112900.0,112810.0,112859.0,25.0
2025-09-26 13:00:00,MCX:GOLD1!,112894.0,112901.0,112855.0,112901.0,34.0
2025-09-26 13:15:00,MCX:GOLD1!,112942.0,112999.0,112843.0,112925.0,41.0
2025-09-26 13:30:00,MCX:GOLD1!,112925.0,113026.0,112890.0,112900.0,39.0
2025-09-26 13:45:00,MCX:GOLD1!,112891.0,113037.0,112891.0,113023.0,19.0
2025-09-26 14:00:00,MCX:GOLD1!,113040.0,113057.0,112956.0,113002.0,29.0
2025-09-26 14:15:00,MCX:GOLD1!,113016.0,113058.0,113016.0,113040.0,14.0
2025-09-26 14:30:00,MCX:GOLD1!,113056.0,113099.0,113015.0,113066.0,36.0
2025-09-26 14:45:00,MCX:GOLD1!,113062.0,113066.0,112925.0,112959.0,87.0
2025-09-26 15:00:00,MCX:GOLD1!,112956.0,113093.0,112908.0,113006.0,177.0
2025-09-26 15:15:00,MCX:GOLD1!,113058.0,113127.0,113013.0,113071.0,147.0
2025-09-26 15:30:00,MCX:GOLD1!,113071.0,113142.0,113071.0,113137.0,18.0
2025-09-26 15:45:00,MCX:GOLD1!,113126.0,113126.0,113025.0,113025.0,19.0
2025-09-26 16:00:00,MCX:GOLD1!,113047.0,113068.0,113000.0,113002.0,30.0
2025-09-26 16:15:00,MCX:GOLD1!,113013.0,113013.0,112926.0,113000.0,54.0
2025-09-26 16:30:00,MCX:GOLD1!,113010.0,113040.0,113000.0,113015.0,15.0
2025-09-26 16:45:00,MCX:GOLD1!,113008.0,113134.0,113002.0,113090.0,51.0
2025-09-26 17:00:00,MCX:GOLD1!,113091.0,113094.0,113036.0,113036.0,6.0
2025-09-26 17:15:00,MCX:GOLD1!,113067.0,113068.0,112900.0,112900.0,35.0
2025-09-26 17:30:00,MCX:GOLD1!,112901.0,113027.0,112872.0,113027.0,56.0
2025-09-26 17:45:00,MCX:GOLD1!,113000.0,113068.0,113000.0,113065.0,22.0
2025-09-26 18:00:00,MCX:GOLD1!,113005.0,113094.0,112945.0,112989.0,58.0
2025-09-26 18:15:00,MCX:GOLD1!,112989.0,113000.0,112906.0,112940.0,42.0
2025-09-26 18:30:00,MCX:GOLD1!,112952.0,113259.0,112951.0,113250.0,59.0
2025-09-26 18:45:00,MCX:GOLD1!,113250.0,113346.0,113144.0,113200.0,31.0
2025-09-26 19:00:00,MCX:GOLD1!,113170.0,113226.0,113143.0,113197.0,25.0
2025-09-26 19:15:00,MCX:GOLD1!,113197.0,113300.0,113173.0,113250.0,42.0
2025-09-26 19:30:00,MCX:GOLD1!,113362.0,113575.0,113362.0,113550.0,23.0
2025-09-26 19:45:00,MCX:GOLD1!,113569.0,113940.0,113569.0,113750.0,25.0
2025-09-26 20:00:00,MCX:GOLD1!,113750.0,113904.0,113670.0,113700.0,30.0
2025-09-26 20:15:00,MCX:GOLD1!,113670.0,113770.0,113550.0,113680.0,53.0
2025-09-26 20:30:00,MCX:GOLD1!,113760.0,113760.0,113580.0,113660.0,21.0
2025-09-26 20:45:00,MCX:GOLD1!,113650.0,113728.0,113608.0,113622.0,29.0
2025-09-26 21:00:00,MCX:GOLD1!,113700.0,113711.0,113627.0,113687.0,59.0
2025-09-26 21:15:00,MCX:GOLD1!,113678.0,113754.0,113678.0,113754.0,5.0
2025-09-26 21:30:00,MCX:GOLD1!,113650.0,113785.0,113600.0,113600.0,34.0
2025-09-26 21:45:00,MCX:GOLD1!,113612.0,113640.0,113400.0,113538.0,21.0
2025-09-26 22:00:00,MCX:GOLD1!,113602.0,113625.0,113600.0,113602.0,25.0
2025-09-26 22:15:00,MCX:GOLD1!,113605.0,113630.0,113605.0,113630.0,21.0
2025-09-26 22:30:00,MCX:GOLD1!,113630.0,113660.0,113617.0,113660.0,54.0
2025-09-26 22:45:00,MCX:GOLD1!,113700.0,113850.0,113700.0,113820.0,43.0
2025-09-26 23:00:00,MCX:GOLD1!,113805.0,113842.0,113701.0,113770.0,46.0
2025-09-26 23:15:00,MCX:GOLD1!,113770.0,113889.0,113726.0,113766.0,22.0
2025-09-29 09:00:00,MCX:GOLD1!,115298.0,115590.0,115100.0,115582.0,970.0
2025-09-29 09:15:00,MCX:GOLD1!,115550.0,115581.0,115377.0,115437.0,458.0
2025-09-29 09:30:00,MCX:GOLD1!,115410.0,115455.0,115386.0,115436.0,398.0
2025-09-29 09:45:00,MCX:GOLD1!,115438.0,115545.0,115381.0,115544.0,300.0
2025-09-29 10:00:00,MCX:GOLD1!,115550.0,115855.0,115550.0,115823.0,804.0
2025-09-29 10:15:00,MCX:GOLD1!,115820.0,115925.0,115785.0,115835.0,339.0
2025-09-29 10:30:00,MCX:GOLD1!,115801.0,115939.0,115746.0,115819.0,376.0
2025-09-29 10:45:00,MCX:GOLD1!,115800.0,115825.0,115725.0,115761.0,110.0
2025-09-29 11:00:00,MCX:GOLD1!,115770.0,115866.0,115700.0,115738.0,200.0
2025-09-29 11:15:00,MCX:GOLD1!,115750.0,115985.0,115738.0,115985.0,250.0
2025-09-29 11:30:00,MCX:GOLD1!,115980.0,116100.0,115951.0,116080.0,261.0
2025-09-29 11:45:00,MCX:GOLD1!,116074.0,116138.0,116021.0,116025.0,296.0
2025-09-29 12:00:00,MCX:GOLD1!,116024.0,116202.0,116024.0,116198.0,177.0
2025-09-29 12:15:00,MCX:GOLD1!,116198.0,116203.0,116045.0,116134.0,322.0
2025-09-29 12:30:00,MCX:GOLD1!,116125.0,116172.0,116030.0,116140.0,273.0
2025-09-29 12:45:00,MCX:GOLD1!,116122.0,116149.0,116003.0,116060.0,151.0
2025-09-29 13:00:00,MCX:GOLD1!,116068.0,116080.0,115862.0,115916.0,250.0
2025-09-29 13:15:00,MCX:GOLD1!,115912.0,115912.0,115736.0,115801.0,267.0
2025-09-29 13:30:00,MCX:GOLD1!,115828.0,116092.0,115828.0,116092.0,194.0
2025-09-29 13:45:00,MCX:GOLD1!,116088.0,116093.0,115877.0,115900.0,102.0
2025-09-29 14:00:00,MCX:GOLD1!,115925.0,116060.0,115925.0,116055.0,121.0
2025-09-29 14:15:00,MCX:GOLD1!,116055.0,116170.0,116055.0,116130.0,122.0
2025-09-29 14:30:00,MCX:GOLD1!,116136.0,116158.0,116086.0,116090.0,155.0
2025-09-29 14:45:00,MCX:GOLD1!,116095.0,116130.0,116050.0,116062.0,80.0
2025-09-29 15:00:00,MCX:GOLD1!,116051.0,116051.0,115876.0,115915.0,158.0
2025-09-29 15:15:00,MCX:GOLD1!,115918.0,115922.0,115863.0,115903.0,122.0
2025-09-29 15:30:00,MCX:GOLD1!,115900.0,115968.0,115875.0,115961.0,105.0
2025-09-29 15:45:00,MCX:GOLD1!,115951.0,116149.0,115946.0,116088.0,196.0
2025-09-29 16:00:00,MCX:GOLD1!,116095.0,116139.0,116088.0,116105.0,66.0
2025-09-29 16:15:00,MCX:GOLD1!,116105.0,116141.0,116050.0,116107.0,67.0
2025-09-29 16:30:00,MCX:GOLD1!,116109.0,116145.0,116098.0,116133.0,80.0
2025-09-29 16:45:00,MCX:GOLD1!,116160.0,116377.0,116160.0,116361.0,388.0
2025-09-29 17:00:00,MCX:GOLD1!,116361.0,116451.0,116330.0,116428.0,297.0
2025-09-29 17:15:00,MCX:GOLD1!,116443.0,116497.0,116360.0,116450.0,172.0
2025-09-29 17:30:00,MCX:GOLD1!,116450.0,116460.0,116276.0,116316.0,223.0
2025-09-29 17:45:00,MCX:GOLD1!,116332.0,116347.0,116148.0,116158.0,299.0
2025-09-29 18:00:00,MCX:GOLD1!,116165.0,116189.0,116015.0,116147.0,259.0
2025-09-29 18:15:00,MCX:GOLD1!,116139.0,116148.0,115980.0,116034.0,153.0
2025-09-29 18:30:00,MCX:GOLD1!,116051.0,116149.0,115912.0,116145.0,186.0
2025-09-29 18:45:00,MCX:GOLD1!,116130.0,116276.0,116130.0,116228.0,206.0
2025-09-29 19:00:00,MCX:GOLD1!,116230.0,116360.0,116150.0,116310.0,153.0
2025-09-29 19:15:00,MCX:GOLD1!,116333.0,116345.0,116124.0,116241.0,154.0
2025-09-29 19:30:00,MCX:GOLD1!,116171.0,116418.0,116150.0,116256.0,294.0
2025-09-29 19:45:00,MCX:GOLD1!,116300.0,116360.0,116081.0,116345.0,181.0
2025-09-29 20:00:00,MCX:GOLD1!,116325.0,116380.0,116256.0,116322.0,82.0
2025-09-29 20:15:00,MCX:GOLD1!,116322.0,116362.0,116229.0,116355.0,98.0
2025-09-29 20:30:00,MCX:GOLD1!,116351.0,116475.0,116240.0,116240.0,331.0
2025-09-29 20:45:00,MCX:GOLD1!,116268.0,116373.0,116227.0,116359.0,60.0
2025-09-29 21:00:00,MCX:GOLD1!,116369.0,116394.0,116182.0,116390.0,111.0
2025-09-29 21:15:00,MCX:GOLD1!,116400.0,116450.0,116381.0,116384.0,142.0
2025-09-29 21:30:00,MCX:GOLD1!,116370.0,116425.0,116351.0,116425.0,95.0
2025-09-29 21:45:00,MCX:GOLD1!,116425.0,116479.0,116400.0,116466.0,185.0
2025-09-29 22:00:00,MCX:GOLD1!,116427.0,116482.0,116367.0,116367.0,118.0
2025-09-29 22:15:00,MCX:GOLD1!,116367.0,116395.0,116354.0,116389.0,82.0
2025-09-29 22:30:00,MCX:GOLD1!,116395.0,116469.0,116395.0,116425.0,103.0
2025-09-29 22:45:00,MCX:GOLD1!,116413.0,116413.0,116267.0,116322.0,224.0
2025-09-29 23:00:00,MCX:GOLD1!,116330.0,116367.0,116291.0,116354.0,102.0
2025-09-29 23:15:00,MCX:GOLD1!,116355.0,116397.0,116300.0,116370.0,330.0
2025-09-30 09:00:00,MCX:GOLD1!,117326.0,117460.0,116475.0,117440.0,1049.0
2025-09-30 09:15:00,MCX:GOLD1!,117423.0,117542.0,117423.0,117514.0,550.0
2025-09-30 09:30:00,MCX:GOLD1!,117514.0,117561.0,117475.0,117475.0,266.0
2025-09-30 09:45:00,MCX:GOLD1!,117475.0,117514.0,117410.0,117479.0,202.0
2025-09-30 10:00:00,MCX:GOLD1!,117495.0,117540.0,117477.0,117502.0,167.0
2025-09-30 10:15:00,MCX:GOLD1!,117516.0,117578.0,117480.0,117578.0,188.0
2025-09-30 10:30:00,MCX:GOLD1!,117578.0,117697.0,117511.0,117622.0,283.0
2025-09-30 10:45:00,MCX:GOLD1!,117607.0,117690.0,117607.0,117660.0,131.0
2025-09-30 11:00:00,MCX:GOLD1!,117630.0,117679.0,117525.0,117625.0,231.0
2025-09-30 11:15:00,MCX:GOLD1!,117650.0,117750.0,117553.0,117722.0,141.0
2025-09-30 11:30:00,MCX:GOLD1!,117720.0,117750.0,117645.0,117655.0,122.0
2025-09-30 11:45:00,MCX:GOLD1!,117641.0,117643.0,117513.0,117593.0,257.0
2025-09-30 12:00:00,MCX:GOLD1!,117600.0,117788.0,117600.0,117744.0,175.0
2025-09-30 12:15:00,MCX:GOLD1!,117720.0,117739.0,117345.0,117380.0,603.0
2025-09-30 12:30:00,MCX:GOLD1!,117382.0,117460.0,117201.0,117270.0,814.0
2025-09-30 12:45:00,MCX:GOLD1!,117277.0,117372.0,117160.0,117247.0,299.0
2025-09-30 13:00:00,MCX:GOLD1!,117269.0,117331.0,117124.0,117160.0,365.0
2025-09-30 13:15:00,MCX:GOLD1!,117168.0,117211.0,116922.0,116998.0,545.0
2025-09-30 13:30:00,MCX:GOLD1!,117000.0,117088.0,116602.0,116799.0,554.0
2025-09-30 13:45:00,MCX:GOLD1!,116813.0,116813.0,116254.0,116348.0,869.0
2025-09-30 14:00:00,MCX:GOLD1!,116329.0,116329.0,115788.0,116082.0,1322.0
2025-09-30 14:15:00,MCX:GOLD1!,116090.0,116289.0,116084.0,116124.0,546.0
2025-09-30 14:30:00,MCX:GOLD1!,116119.0,116266.0,115582.0,115632.0,641.0
2025-09-30 14:45:00,MCX:GOLD1!,115627.0,115844.0,115609.0,115707.0,535.0
2025-09-30 15:00:00,MCX:GOLD1!,115700.0,115868.0,115680.0,115737.0,542.0
2025-09-30 15:15:00,MCX:GOLD1!,115720.0,115745.0,115460.0,115669.0,589.0
2025-09-30 15:30:00,MCX:GOLD1!,115674.0,115933.0,115659.0,115809.0,440.0
2025-09-30 15:45:00,MCX:GOLD1!,115813.0,116059.0,115813.0,115883.0,436.0
2025-09-30 16:00:00,MCX:GOLD1!,115870.0,116144.0,115860.0,116120.0,334.0
2025-09-30 16:15:00,MCX:GOLD1!,116120.0,116283.0,116108.0,116200.0,415.0
2025-09-30 16:30:00,MCX:GOLD1!,116200.0,116215.0,116000.0,116004.0,341.0
2025-09-30 16:45:00,MCX:GOLD1!,116007.0,116128.0,115911.0,116116.0,222.0
2025-09-30 17:00:00,MCX:GOLD1!,116127.0,116358.0,116084.0,116281.0,349.0
2025-09-30 17:15:00,MCX:GOLD1!,116258.0,116319.0,116184.0,116240.0,275.0
2025-09-30 17:30:00,MCX:GOLD1!,116245.0,116252.0,116106.0,116236.0,243.0
2025-09-30 17:45:00,MCX:GOLD1!,116224.0,116247.0,116111.0,116198.0,140.0
2025-09-30 18:00:00,MCX:GOLD1!,116167.0,116290.0,116060.0,116123.0,257.0
2025-09-30 18:15:00,MCX:GOLD1!,116123.0,116474.0,116123.0,116385.0,485.0
2025-09-30 18:30:00,MCX:GOLD1!,116378.0,116411.0,116234.0,116323.0,264.0
2025-09-30 18:45:00,MCX:GOLD1!,116340.0,116423.0,116184.0,116271.0,292.0
2025-09-30 19:00:00,MCX:GOLD1!,116250.0,116550.0,116218.0,116550.0,277.0
2025-09-30 19:15:00,MCX:GOLD1!,116570.0,116762.0,116540.0,116568.0,682.0
2025-09-30 19:30:00,MCX:GOLD1!,116576.0,117300.0,116474.0,117186.0,895.0
2025-09-30 19:45:00,MCX:GOLD1!,117188.0,117389.0,117119.0,117147.0,704.0
2025-09-30 20:00:00,MCX:GOLD1!,117150.0,117339.0,117150.0,117339.0,352.0
2025-09-30 20:15:00,MCX:GOLD1!,117344.0,117451.0,117245.0,117435.0,380.0
2025-09-30 20:30:00,MCX:GOLD1!,117440.0,117441.0,116802.0,116868.0,925.0
2025-09-30 20:45:00,MCX:GOLD1!,116895.0,117073.0,116773.0,116929.0,444.0
2025-09-30 21:00:00,MCX:GOLD1!,116941.0,117123.0,116927.0,117090.0,372.0
2025-09-30 21:15:00,MCX:GOLD1!,117090.0,117131.0,117003.0,117094.0,169.0
2025-09-30 21:30:00,MCX:GOLD1!,117110.0,117227.0,117091.0,117200.0,174.0
2025-09-30 21:45:00,MCX:GOLD1!,117201.0,117250.0,117136.0,117209.0,157.0
2025-09-30 22:00:00,MCX:GOLD1!,117210.0,117237.0,117181.0,117230.0,137.0
2025-09-30 22:15:00,MCX:GOLD1!,117234.0,117299.0,117219.0,117279.0,148.0
2025-09-30 22:30:00,MCX:GOLD1!,117279.0,117296.0,117200.0,117249.0,118.0
2025-09-30 22:45:00,MCX:GOLD1!,117250.0,117351.0,117229.0,117282.0,256.0
2025-09-30 23:00:00,MCX:GOLD1!,117278.0,117350.0,117244.0,117312.0,176.0
2025-09-30 23:15:00,MCX:GOLD1!,117313.0,117320.0,117200.0,117233.0,294.0
2025-10-01 09:00:00,MCX:GOLD1!,117708.0,117800.0,117501.0,117730.0,686.0
2025-10-01 09:15:00,MCX:GOLD1!,117730.0,117750.0,117600.0,117612.0,456.0
2025-10-01 09:30:00,MCX:GOLD1!,117620.0,117700.0,117511.0,117611.0,265.0
2025-10-01 09:45:00,MCX:GOLD1!,117611.0,117665.0,117580.0,117627.0,73.0
2025-10-01 10:00:00,MCX:GOLD1!,117620.0,117620.0,117482.0,117544.0,170.0
2025-10-01 10:15:00,MCX:GOLD1!,117553.0,117660.0,117515.0,117660.0,359.0
2025-10-01 10:30:00,MCX:GOLD1!,117670.0,117745.0,117620.0,117640.0,245.0
2025-10-01 10:45:00,MCX:GOLD1!,117648.0,117715.0,117632.0,117650.0,128.0
2025-10-01 11:00:00,MCX:GOLD1!,117640.0,117650.0,117535.0,117535.0,159.0
2025-10-01 11:15:00,MCX:GOLD1!,117536.0,117550.0,117450.0,117494.0,232.0
2025-10-01 11:30:00,MCX:GOLD1!,117506.0,117528.0,117274.0,117300.0,386.0
2025-10-01 11:45:00,MCX:GOLD1!,117300.0,117443.0,117094.0,117443.0,443.0
2025-10-01 12:00:00,MCX:GOLD1!,117465.0,117550.0,117393.0,117500.0,166.0
2025-10-01 12:15:00,MCX:GOLD1!,117503.0,117510.0,117325.0,117378.0,175.0
2025-10-01 12:30:00,MCX:GOLD1!,117390.0,117622.0,117353.0,117622.0,182.0
2025-10-01 12:45:00,MCX:GOLD1!,117604.0,117716.0,117587.0,117716.0,215.0
2025-10-01 13:00:00,MCX:GOLD1!,117710.0,117895.0,117690.0,117700.0,441.0
2025-10-01 13:15:00,MCX:GOLD1!,117700.0,118099.0,117690.0,118036.0,446.0
2025-10-01 13:30:00,MCX:GOLD1!,118038.0,118281.0,118036.0,118270.0,453.0
2025-10-01 13:45:00,MCX:GOLD1!,118250.0,118444.0,118228.0,118370.0,515.0
2025-10-01 14:00:00,MCX:GOLD1!,118385.0,118402.0,118209.0,118344.0,359.0
2025-10-01 14:15:00,MCX:GOLD1!,118343.0,118367.0,118301.0,118350.0,103.0
2025-10-01 14:30:00,MCX:GOLD1!,118355.0,118410.0,118323.0,118375.0,152.0
2025-10-01 14:45:00,MCX:GOLD1!,118360.0,118374.0,118104.0,118180.0,217.0
2025-10-01 15:00:00,MCX:GOLD1!,118170.0,118336.0,118107.0,118255.0,173.0
2025-10-01 15:15:00,MCX:GOLD1!,118262.0,118347.0,118188.0,118284.0,194.0
2025-10-01 15:30:00,MCX:GOLD1!,118289.0,118289.0,118170.0,118260.0,114.0
2025-10-01 15:45:00,MCX:GOLD1!,118217.0,118259.0,118180.0,118210.0,61.0
2025-10-01 16:00:00,MCX:GOLD1!,118205.0,118259.0,118135.0,118196.0,167.0
2025-10-01 16:15:00,MCX:GOLD1!,118199.0,118230.0,118143.0,118180.0,59.0
2025-10-01 16:30:00,MCX:GOLD1!,118215.0,118274.0,118037.0,118098.0,121.0
2025-10-01 16:45:00,MCX:GOLD1!,118102.0,118150.0,118077.0,118090.0,72.0
2025-10-01 17:00:00,MCX:GOLD1!,118110.0,118130.0,118025.0,118095.0,113.0
2025-10-01 17:15:00,MCX:GOLD1!,118103.0,118210.0,118100.0,118198.0,93.0
2025-10-01 17:30:00,MCX:GOLD1!,118207.0,118241.0,118121.0,118209.0,123.0
2025-10-01 17:45:00,MCX:GOLD1!,118239.0,118328.0,117919.0,117986.0,624.0
2025-10-01 18:00:00,MCX:GOLD1!,118000.0,118081.0,117849.0,117951.0,352.0
2025-10-01 18:15:00,MCX:GOLD1!,117969.0,117986.0,117613.0,117817.0,465.0
2025-10-01 18:30:00,MCX:GOLD1!,117819.0,117925.0,117670.0,117682.0,444.0
2025-10-01 18:45:00,MCX:GOLD1!,117667.0,117843.0,117626.0,117828.0,283.0
2025-10-01 19:00:00,MCX:GOLD1!,117850.0,117984.0,117771.0,117859.0,406.0
2025-10-01 19:15:00,MCX:GOLD1!,117859.0,117900.0,117717.0,117900.0,226.0
2025-10-01 19:30:00,MCX:GOLD1!,117870.0,117915.0,117730.0,117816.0,358.0
2025-10-01 19:45:00,MCX:GOLD1!,117813.0,117943.0,117755.0,117923.0,169.0
2025-10-01 20:00:00,MCX:GOLD1!,117940.0,118074.0,117901.0,118000.0,265.0
2025-10-01 20:15:00,MCX:GOLD1!,117981.0,118004.0,117389.0,117811.0,738.0
2025-10-01 20:30:00,MCX:GOLD1!,117820.0,117920.0,117618.0,117687.0,216.0
2025-10-01 20:45:00,MCX:GOLD1!,117740.0,117745.0,117469.0,117498.0,351.0
2025-10-01 21:00:00,MCX:GOLD1!,117460.0,117670.0,117434.0,117643.0,189.0
2025-10-01 21:15:00,MCX:GOLD1!,117640.0,117700.0,117578.0,117683.0,159.0
2025-10-01 21:30:00,MCX:GOLD1!,117660.0,117695.0,117500.0,117670.0,73.0
2025-10-01 21:45:00,MCX:GOLD1!,117665.0,117744.0,117665.0,117743.0,135.0
2025-10-01 22:00:00,MCX:GOLD1!,117744.0,117790.0,117710.0,117739.0,71.0
2025-10-01 22:15:00,MCX:GOLD1!,117744.0,117768.0,117720.0,117768.0,62.0
2025-10-01 22:30:00,MCX:GOLD1!,117768.0,117775.0,117701.0,117725.0,44.0
2025-10-01 22:45:00,MCX:GOLD1!,117730.0,117825.0,117730.0,117770.0,76.0
2025-10-01 23:00:00,MCX:GOLD1!,117779.0,117809.0,117559.0,117574.0,192.0
2025-10-01 23:15:00,MCX:GOLD1!,117566.0,117582.0,117490.0,117558.0,318.0
2025-10-03 09:00:00,MCX:GOLD1!,116938.0,117100.0,116780.0,116974.0,691.0
2025-10-03 09:15:00,MCX:GOLD1!,116965.0,117072.0,116905.0,117018.0,341.0
2025-10-03 09:30:00,MCX:GOLD1!,117012.0,117180.0,116987.0,117120.0,321.0
2025-10-03 09:45:00,MCX:GOLD1!,117120.0,117228.0,117050.0,117139.0,176.0
2025-10-03 10:00:00,MCX:GOLD1!,117111.0,117153.0,117050.0,117085.0,170.0
2025-10-03 10:15:00,MCX:GOLD1!,117095.0,117129.0,117050.0,117055.0,164.0
2025-10-03 10:30:00,MCX:GOLD1!,117056.0,117240.0,117056.0,117232.0,104.0
2025-10-03 10:45:00,MCX:GOLD1!,117240.0,117414.0,117240.0,117352.0,239.0
2025-10-03 11:00:00,MCX:GOLD1!,117359.0,117450.0,117343.0,117403.0,198.0
2025-10-03 11:15:00,MCX:GOLD1!,117415.0,117482.0,117343.0,117351.0,167.0
2025-10-03 11:30:00,MCX:GOLD1!,117360.0,117475.0,117260.0,117475.0,193.0
2025-10-03 11:45:00,MCX:GOLD1!,117481.0,117534.0,117445.0,117520.0,123.0
2025-10-03 12:00:00,MCX:GOLD1!,117525.0,117536.0,117430.0,117430.0,115.0
2025-10-03 12:15:00,MCX:GOLD1!,117430.0,117448.0,117355.0,117440.0,77.0
2025-10-03 12:30:00,MCX:GOLD1!,117450.0,117500.0,117385.0,117440.0,82.0
2025-10-03 12:45:00,MCX:GOLD1!,117441.0,117540.0,117441.0,117535.0,103.0
2025-10-03 13:00:00,MCX:GOLD1!,117540.0,117639.0,117515.0,117600.0,114.0
2025-10-03 13:15:00,MCX:GOLD1!,117600.0,117605.0,117550.0,117571.0,98.0
2025-10-03 13:30:00,MCX:GOLD1!,117580.0,117604.0,117490.0,117490.0,109.0
2025-10-03 13:45:00,MCX:GOLD1!,117490.0,117518.0,117424.0,117505.0,81.0
2025-10-03 14:00:00,MCX:GOLD1!,117515.0,117539.0,117469.0,117500.0,83.0
2025-10-03 14:15:00,MCX:GOLD1!,117505.0,117627.0,117430.0,117627.0,211.0
2025-10-03 14:30:00,MCX:GOLD1!,117610.0,117620.0,117479.0,117535.0,91.0
2025-10-03 14:45:00,MCX:GOLD1!,117538.0,117554.0,117386.0,117450.0,125.0
2025-10-03 15:00:00,MCX:GOLD1!,117450.0,117492.0,117426.0,117480.0,31.0
2025-10-03 15:15:00,MCX:GOLD1!,117471.0,117610.0,117456.0,117607.0,97.0
2025-10-03 15:30:00,MCX:GOLD1!,117610.0,117650.0,117564.0,117620.0,116.0
2025-10-03 15:45:00,MCX:GOLD1!,117625.0,117669.0,117536.0,117590.0,67.0
2025-10-03 16:00:00,MCX:GOLD1!,117578.0,117730.0,117565.0,117662.0,138.0
2025-10-03 16:15:00,MCX:GOLD1!,117681.0,117765.0,117616.0,117701.0,123.0
2025-10-03 16:30:00,MCX:GOLD1!,117702.0,117740.0,117610.0,117610.0,120.0
2025-10-03 16:45:00,MCX:GOLD1!,117595.0,117599.0,117430.0,117458.0,196.0
2025-10-03 17:00:00,MCX:GOLD1!,117456.0,117562.0,117372.0,117556.0,192.0
2025-10-03 17:15:00,MCX:GOLD1!,117550.0,117686.0,117521.0,117542.0,97.0
2025-10-03 17:30:00,MCX:GOLD1!,117537.0,117629.0,117530.0,117572.0,67.0
2025-10-03 17:45:00,MCX:GOLD1!,117650.0,117685.0,117526.0,117681.0,73.0
2025-10-03 18:00:00,MCX:GOLD1!,117676.0,117876.0,117655.0,117851.0,312.0
2025-10-03 18:15:00,MCX:GOLD1!,117868.0,117967.0,117828.0,117942.0,204.0
2025-10-03 18:30:00,MCX:GOLD1!,117946.0,118060.0,117833.0,118049.0,337.0
2025-10-03 18:45:00,MCX:GOLD1!,118052.0,118248.0,118025.0,118134.0,511.0
2025-10-03 19:00:00,MCX:GOLD1!,118134.0,118280.0,117873.0,118253.0,681.0
2025-10-03 19:15:00,MCX:GOLD1!,118270.0,118340.0,118100.0,118160.0,402.0
2025-10-03 19:30:00,MCX:GOLD1!,118205.0,118252.0,117710.0,117714.0,714.0
2025-10-03 19:45:00,MCX:GOLD1!,117735.0,118053.0,117735.0,118042.0,182.0
2025-10-03 20:00:00,MCX:GOLD1!,118013.0,118050.0,117893.0,117924.0,172.0
2025-10-03 20:15:00,MCX:GOLD1!,117926.0,118089.0,117926.0,118038.0,149.0
2025-10-03 20:30:00,MCX:GOLD1!,118062.0,118120.0,117920.0,118099.0,205.0
2025-10-03 20:45:00,MCX:GOLD1!,118100.0,118305.0,118026.0,118300.0,436.0
2025-10-03 21:00:00,MCX:GOLD1!,118297.0,118300.0,118171.0,118245.0,266.0
2025-10-03 21:15:00,MCX:GOLD1!,118230.0,118345.0,118203.0,118287.0,328.0
2025-10-03 21:30:00,MCX:GOLD1!,118280.0,118280.0,118160.0,118240.0,150.0
2025-10-03 21:45:00,MCX:GOLD1!,118167.0,118189.0,118073.0,118125.0,143.0
2025-10-03 22:00:00,MCX:GOLD1!,118119.0,118176.0,118100.0,118108.0,74.0
2025-10-03 22:15:00,MCX:GOLD1!,118120.0,118178.0,118104.0,118135.0,92.0
2025-10-03 22:30:00,MCX:GOLD1!,118139.0,118180.0,118069.0,118175.0,91.0
2025-10-03 22:45:00,MCX:GOLD1!,118175.0,118223.0,118131.0,118131.0,136.0
2025-10-03 23:00:00,MCX:GOLD1!,118150.0,118214.0,118110.0,118165.0,146.0
2025-10-03 23:15:00,MCX:GOLD1!,118182.0,118190.0,118015.0,118100.0,362.0
2025-10-06 09:00:00,MCX:GOLD1!,118900.0,119488.0,118900.0,119463.0,1056.0
2025-10-06 09:15:00,MCX:GOLD1!,119486.0,119538.0,119409.0,119459.0,437.0
2025-10-06 09:30:00,MCX:GOLD1!,119451.0,119560.0,119451.0,119469.0,223.0
2025-10-06 09:45:00,MCX:GOLD1!,119470.0,119600.0,119450.0,119571.0,179.0
2025-10-06 10:00:00,MCX:GOLD1!,119577.0,119824.0,119571.0,119824.0,387.0
2025-10-06 10:15:00,MCX:GOLD1!,119840.0,119850.0,119709.0,119826.0,265.0
2025-10-06 10:30:00,MCX:GOLD1!,119816.0,119933.0,119738.0,119865.0,314.0
2025-10-06 10:45:00,MCX:GOLD1!,119849.0,119853.0,119600.0,119771.0,499.0
2025-10-06 11:00:00,MCX:GOLD1!,119780.0,119780.0,119542.0,119600.0,280.0
2025-10-06 11:15:00,MCX:GOLD1!,119600.0,119707.0,119576.0,119671.0,144.0
2025-10-06 11:30:00,MCX:GOLD1!,119670.0,119690.0,119406.0,119498.0,394.0
2025-10-06 11:45:00,MCX:GOLD1!,119499.0,119592.0,119450.0,119540.0,204.0
2025-10-06 12:00:00,MCX:GOLD1!,119570.0,119570.0,119472.0,119542.0,115.0
2025-10-06 12:15:00,MCX:GOLD1!,119550.0,119731.0,119550.0,119690.0,278.0
2025-10-06 12:30:00,MCX:GOLD1!,119710.0,119740.0,119668.0,119686.0,115.0
2025-10-06 12:45:00,MCX:GOLD1!,119695.0,119715.0,119550.0,119615.0,232.0
2025-10-06 13:00:00,MCX:GOLD1!,119638.0,119746.0,119620.0,119668.0,85.0
2025-10-06 13:15:00,MCX:GOLD1!,119665.0,119921.0,119635.0,119838.0,476.0
2025-10-06 13:30:00,MCX:GOLD1!,119850.0,120075.0,119850.0,120005.0,477.0
2025-10-06 13:45:00,MCX:GOLD1!,120005.0,120074.0,119823.0,119909.0,328.0
2025-10-06 14:00:00,MCX:GOLD1!,119912.0,119920.0,119720.0,119750.0,335.0
2025-10-06 14:15:00,MCX:GOLD1!,119750.0,120020.0,119750.0,119928.0,215.0
2025-10-06 14:30:00,MCX:GOLD1!,119893.0,119956.0,119881.0,119925.0,68.0
2025-10-06 14:45:00,MCX:GOLD1!,119924.0,119938.0,119845.0,119938.0,93.0
2025-10-06 15:00:00,MCX:GOLD1!,119969.0,119969.0,119802.0,119824.0,149.0
2025-10-06 15:15:00,MCX:GOLD1!,119852.0,119929.0,119795.0,119881.0,122.0
2025-10-06 15:30:00,MCX:GOLD1!,119900.0,119910.0,119680.0,119839.0,180.0
2025-10-06 15:45:00,MCX:GOLD1!,119800.0,119903.0,119774.0,119800.0,143.0
2025-10-06 16:00:00,MCX:GOLD1!,119830.0,120042.0,119830.0,120042.0,285.0
2025-10-06 16:15:00,MCX:GOLD1!,120070.0,120070.0,119943.0,119943.0,163.0
2025-10-06 16:30:00,MCX:GOLD1!,119943.0,119943.0,119782.0,119841.0,140.0
2025-10-06 16:45:00,MCX:GOLD1!,119820.0,119860.0,119730.0,119860.0,151.0
2025-10-06 17:00:00,MCX:GOLD1!,119850.0,119900.0,119720.0,119750.0,110.0
2025-10-06 17:15:00,MCX:GOLD1!,119750.0,119865.0,119663.0,119860.0,242.0
2025-10-06 17:30:00,MCX:GOLD1!,119826.0,119860.0,119717.0,119860.0,88.0
2025-10-06 17:45:00,MCX:GOLD1!,119840.0,119900.0,119540.0,119591.0,429.0
2025-10-06 18:00:00,MCX:GOLD1!,119580.0,119686.0,119507.0,119660.0,329.0
2025-10-06 18:15:00,MCX:GOLD1!,119650.0,119820.0,119650.0,119650.0,207.0
2025-10-06 18:30:00,MCX:GOLD1!,119700.0,119763.0,119550.0,119626.0,187.0
2025-10-06 18:45:00,MCX:GOLD1!,119650.0,119725.0,119605.0,119668.0,176.0
2025-10-06 19:00:00,MCX:GOLD1!,119701.0,119944.0,119525.0,119932.0,837.0
2025-10-06 19:15:00,MCX:GOLD1!,119925.0,119999.0,119832.0,119940.0,215.0
2025-10-06 19:30:00,MCX:GOLD1!,119933.0,120100.0,119806.0,120050.0,615.0
2025-10-06 19:45:00,MCX:GOLD1!,120055.0,120089.0,119926.0,119978.0,155.0
2025-10-06 20:00:00,MCX:GOLD1!,119994.0,120300.0,119984.0,120241.0,567.0
2025-10-06 20:15:00,MCX:GOLD1!,120250.0,120355.0,120207.0,120247.0,510.0
2025-10-06 20:30:00,MCX:GOLD1!,120230.0,120273.0,120087.0,120203.0,308.0
2025-10-06 20:45:00,MCX:GOLD1!,120231.0,120275.0,120040.0,120068.0,246.0
2025-10-06 21:00:00,MCX:GOLD1!,120068.0,120268.0,120046.0,120248.0,158.0
2025-10-06 21:15:00,MCX:GOLD1!,120212.0,120423.0,120167.0,120351.0,420.0
2025-10-06 21:30:00,MCX:GOLD1!,120362.0,120600.0,120001.0,120009.0,1174.0
2025-10-06 21:45:00,MCX:GOLD1!,120008.0,120210.0,119959.0,120159.0,514.0
2025-10-06 22:00:00,MCX:GOLD1!,120158.0,120245.0,120101.0,120140.0,83.0
2025-10-06 22:15:00,MCX:GOLD1!,120122.0,120213.0,120110.0,120193.0,42.0
2025-10-06 22:30:00,MCX:GOLD1!,120199.0,120300.0,120199.0,120252.0,190.0
2025-10-06 22:45:00,MCX:GOLD1!,120252.0,120272.0,120123.0,120145.0,105.0
2025-10-06 23:00:00,MCX:GOLD1!,120118.0,120224.0,120118.0,120219.0,106.0
2025-10-06 23:15:00,MCX:GOLD1!,120198.0,120340.0,120175.0,120325.0,388.0
2025-10-07 09:00:00,MCX:GOLD1!,120350.0,120800.0,120350.0,120795.0,1019.0
2025-10-07 09:15:00,MCX:GOLD1!,120782.0,120879.0,120714.0,120780.0,438.0
2025-10-07 09:30:00,MCX:GOLD1!,120752.0,120863.0,120706.0,120829.0,202.0
2025-10-07 09:45:00,MCX:GOLD1!,120809.0,120864.0,120785.0,120800.0,185.0
2025-10-07 10:00:00,MCX:GOLD1!,120800.0,120840.0,120780.0,120815.0,124.0
2025-10-07 10:15:00,MCX:GOLD1!,120800.0,120897.0,120800.0,120871.0,150.0
2025-10-07 10:30:00,MCX:GOLD1!,120871.0,120900.0,120493.0,120616.0,646.0
2025-10-07 10:45:00,MCX:GOLD1!,120616.0,120640.0,120526.0,120580.0,391.0
2025-10-07 11:00:00,MCX:GOLD1!,120580.0,120656.0,120485.0,120500.0,289.0
2025-10-07 11:15:00,MCX:GOLD1!,120507.0,120577.0,120479.0,120559.0,194.0
2025-10-07 11:30:00,MCX:GOLD1!,120540.0,120540.0,120440.0,120520.0,157.0
2025-10-07 11:45:00,MCX:GOLD1!,120516.0,120540.0,120420.0,120517.0,152.0
2025-10-07 12:00:00,MCX:GOLD1!,120514.0,120514.0,120300.0,120360.0,368.0
2025-10-07 12:15:00,MCX:GOLD1!,120380.0,120448.0,120251.0,120286.0,277.0
2025-10-07 12:30:00,MCX:GOLD1!,120272.0,120277.0,120061.0,120100.0,588.0
2025-10-07 12:45:00,MCX:GOLD1!,120100.0,120165.0,119877.0,120165.0,833.0
2025-10-07 13:00:00,MCX:GOLD1!,120200.0,120367.0,120115.0,120188.0,325.0
2025-10-07 13:15:00,MCX:GOLD1!,120166.0,120220.0,119916.0,120033.0,216.0
2025-10-07 13:30:00,MCX:GOLD1!,120014.0,120077.0,119888.0,120013.0,325.0
2025-10-07 13:45:00,MCX:GOLD1!,120025.0,120170.0,119972.0,120080.0,276.0
2025-10-07 14:00:00,MCX:GOLD1!,120080.0,120200.0,120071.0,120196.0,133.0
2025-10-07 14:15:00,MCX:GOLD1!,120170.0,120240.0,120141.0,120170.0,99.0
2025-10-07 14:30:00,MCX:GOLD1!,120180.0,120431.0,120180.0,120424.0,268.0
2025-10-07 14:45:00,MCX:GOLD1!,120404.0,120546.0,120371.0,120375.0,213.0
2025-10-07 15:00:00,MCX:GOLD1!,120380.0,120498.0,120380.0,120450.0,92.0
2025-10-07 15:15:00,MCX:GOLD1!,120431.0,120480.0,120303.0,120309.0,152.0
2025-10-07 15:30:00,MCX:GOLD1!,120300.0,120449.0,120290.0,120389.0,101.0
2025-10-07 15:45:00,MCX:GOLD1!,120390.0,120430.0,120365.0,120412.0,37.0
2025-10-07 16:00:00,MCX:GOLD1!,120410.0,120520.0,120410.0,120460.0,136.0
2025-10-07 16:15:00,MCX:GOLD1!,120450.0,120545.0,120432.0,120463.0,119.0
2025-10-07 16:30:00,MCX:GOLD1!,120463.0,120520.0,120440.0,120520.0,38.0
2025-10-07 16:45:00,MCX:GOLD1!,120520.0,120520.0,120350.0,120355.0,190.0
2025-10-07 17:00:00,MCX:GOLD1!,120358.0,120620.0,120322.0,120604.0,167.0
2025-10-07 17:15:00,MCX:GOLD1!,120604.0,120700.0,120528.0,120668.0,242.0
2025-10-07 17:30:00,MCX:GOLD1!,120675.0,120744.0,120675.0,120728.0,128.0
2025-10-07 17:45:00,MCX:GOLD1!,120728.0,120766.0,120552.0,120567.0,252.0
2025-10-07 18:00:00,MCX:GOLD1!,120578.0,120818.0,120577.0,120809.0,264.0
2025-10-07 18:15:00,MCX:GOLD1!,120810.0,121029.0,120762.0,121000.0,619.0
2025-10-07 18:30:00,MCX:GOLD1!,120993.0,121137.0,120966.0,121104.0,524.0
2025-10-07 18:45:00,MCX:GOLD1!,121100.0,121149.0,120888.0,121086.0,467.0
2025-10-07 19:00:00,MCX:GOLD1!,121089.0,121089.0,120693.0,120784.0,655.0
2025-10-07 19:15:00,MCX:GOLD1!,120821.0,121014.0,120790.0,120933.0,224.0
2025-10-07 19:30:00,MCX:GOLD1!,120935.0,120980.0,120721.0,120793.0,329.0
2025-10-07 19:45:00,MCX:GOLD1!,120787.0,120950.0,120719.0,120950.0,157.0
2025-10-07 20:00:00,MCX:GOLD1!,120950.0,121149.0,120930.0,121004.0,551.0
2025-10-07 20:15:00,MCX:GOLD1!,120990.0,121135.0,120973.0,121135.0,367.0
2025-10-07 20:30:00,MCX:GOLD1!,121140.0,121214.0,120976.0,121127.0,471.0
2025-10-07 20:45:00,MCX:GOLD1!,121149.0,121250.0,121086.0,121086.0,343.0
2025-10-07 21:00:00,MCX:GOLD1!,121087.0,121119.0,120773.0,120799.0,473.0
2025-10-07 21:15:00,MCX:GOLD1!,120815.0,120827.0,120485.0,120617.0,1330.0
2025-10-07 21:30:00,MCX:GOLD1!,120624.0,120907.0,120544.0,120589.0,519.0
2025-10-07 21:45:00,MCX:GOLD1!,120588.0,120824.0,120565.0,120684.0,225.0
2025-10-07 22:00:00,MCX:GOLD1!,120682.0,120981.0,120682.0,120876.0,304.0
2025-10-07 22:15:00,MCX:GOLD1!,120880.0,120912.0,120749.0,120886.0,85.0
2025-10-07 22:30:00,MCX:GOLD1!,120886.0,121103.0,120886.0,121007.0,497.0
2025-10-07 22:45:00,MCX:GOLD1!,121007.0,121071.0,120970.0,120990.0,323.0
2025-10-07 23:00:00,MCX:GOLD1!,120972.0,121175.0,120972.0,121150.0,259.0
2025-10-07 23:15:00,MCX:GOLD1!,121155.0,121199.0,121050.0,121088.0,442.0
2025-10-08 09:00:00,MCX:GOLD1!,122009.0,122101.0,121878.0,121966.0,743.0
2025-10-08 09:15:00,MCX:GOLD1!,121980.0,122090.0,121965.0,122040.0,431.0
2025-10-08 09:30:00,MCX:GOLD1!,122041.0,122220.0,122035.0,122206.0,412.0
2025-10-08 09:45:00,MCX:GOLD1!,122200.0,122203.0,122119.0,122150.0,184.0
2025-10-08 10:00:00,MCX:GOLD1!,122155.0,122193.0,122110.0,122173.0,183.0
2025-10-08 10:15:00,MCX:GOLD1!,122173.0,122420.0,122146.0,122420.0,398.0
2025-10-08 10:30:00,MCX:GOLD1!,122420.0,122543.0,122351.0,122543.0,283.0
2025-10-08 10:45:00,MCX:GOLD1!,122544.0,122634.0,122486.0,122585.0,346.0
2025-10-08 11:00:00,MCX:GOLD1!,122590.0,122740.0,122500.0,122500.0,503.0
2025-10-08 11:15:00,MCX:GOLD1!,122505.0,122602.0,122462.0,122518.0,299.0
2025-10-08 11:30:00,MCX:GOLD1!,122517.0,122584.0,122470.0,122493.0,177.0
2025-10-08 11:45:00,MCX:GOLD1!,122470.0,122497.0,122330.0,122472.0,292.0
2025-10-08 12:00:00,MCX:GOLD1!,122444.0,122620.0,122434.0,122607.0,183.0
2025-10-08 12:15:00,MCX:GOLD1!,122600.0,122600.0,122552.0,122580.0,93.0
2025-10-08 12:30:00,MCX:GOLD1!,122580.0,122775.0,122549.0,122684.0,388.0
2025-10-08 12:45:00,MCX:GOLD1!,122684.0,122780.0,122620.0,122750.0,179.0
2025-10-08 13:00:00,MCX:GOLD1!,122746.0,122767.0,122646.0,122750.0,150.0
2025-10-08 13:15:00,MCX:GOLD1!,122749.0,122765.0,122600.0,122668.0,138.0
2025-10-08 13:30:00,MCX:GOLD1!,122709.0,122799.0,122653.0,122724.0,140.0
2025-10-08 13:45:00,MCX:GOLD1!,122710.0,122829.0,122690.0,122750.0,189.0
2025-10-08 14:00:00,MCX:GOLD1!,122748.0,122800.0,122726.0,122794.0,92.0
2025-10-08 14:15:00,MCX:GOLD1!,122794.0,122825.0,122731.0,122731.0,125.0
2025-10-08 14:30:00,MCX:GOLD1!,122734.0,122818.0,122670.0,122705.0,218.0
2025-10-08 14:45:00,MCX:GOLD1!,122706.0,122745.0,122670.0,122688.0,108.0
2025-10-08 15:00:00,MCX:GOLD1!,122665.0,122790.0,122561.0,122790.0,270.0
2025-10-08 15:15:00,MCX:GOLD1!,122790.0,123075.0,122790.0,123064.0,724.0
2025-10-08 15:30:00,MCX:GOLD1!,123060.0,123080.0,122942.0,122991.0,241.0
2025-10-08 15:45:00,MCX:GOLD1!,122980.0,122990.0,122762.0,122841.0,383.0
2025-10-08 16:00:00,MCX:GOLD1!,122800.0,122849.0,122668.0,122757.0,429.0
2025-10-08 16:15:00,MCX:GOLD1!,122796.0,122817.0,122710.0,122750.0,202.0
2025-10-08 16:30:00,MCX:GOLD1!,122740.0,122752.0,122627.0,122734.0,292.0
2025-10-08 16:45:00,MCX:GOLD1!,122720.0,122765.0,122634.0,122700.0,192.0
2025-10-08 17:00:00,MCX:GOLD1!,122695.0,122849.0,122640.0,122789.0,276.0
2025-10-08 17:15:00,MCX:GOLD1!,122760.0,122835.0,122700.0,122833.0,311.0
2025-10-08 17:30:00,MCX:GOLD1!,122812.0,123020.0,122792.0,122967.0,339.0
2025-10-08 17:45:00,MCX:GOLD1!,122967.0,122990.0,122747.0,122869.0,304.0
2025-10-08 18:00:00,MCX:GOLD1!,122878.0,122888.0,122774.0,122793.0,45.0
2025-10-08 18:00:00,MCX:GOLD1!,122878.0,122888.0,122774.0,122810.0,46.0
