<DATE>	<TIME>	<OPEN>	<HIGH>	<LOW>	<CLOSE>	<TICKVOL>	<VOL>	<SPREAD>
2026.07.01	01:00:00	4011.31	4017.49	4010.39	4014.60	2051	0	20
2026.07.01	01:15:00	4014.63	4016.45	4012.12	4013.75	2386	0	20
2026.07.01	01:30:00	4013.73	4017.90	4013.14	4014.19	1708	0	20
2026.07.01	01:45:00	4014.13	4016.29	4011.01	4013.10	2222	0	20
2026.07.01	02:00:00	4013.11	4018.39	4010.97	4014.06	2941	0	20
2026.07.01	02:15:00	4014.05	4015.36	4008.03	4011.01	2589	0	20
2026.07.01	02:30:00	4011.02	4012.55	4008.71	4009.28	2376	0	20
2026.07.01	02:45:00	4009.26	4010.12	4005.30	4005.69	3014	0	20
2026.07.01	03:00:00	4005.69	4009.82	4005.54	4008.43	4780	0	20
2026.07.01	03:15:00	4008.44	4009.17	4001.36	4001.87	5374	0	20
2026.07.01	03:30:00	4001.92	4005.73	3996.12	3996.34	4426	0	20
2026.07.01	03:45:00	3996.30	3999.47	3993.11	3996.67	4779	0	20
2026.07.01	04:00:00	3996.70	3999.70	3979.02	3984.36	7621	0	20
2026.07.01	04:15:00	3984.51	3986.01	3975.64	3985.70	7163	0	20
2026.07.01	04:30:00	3985.73	3988.59	3974.90	3978.77	6287	0	20
2026.07.01	04:45:00	3978.91	3981.86	3973.87	3977.74	6048	0	20
2026.07.01	05:00:00	3977.73	3979.80	3970.11	3976.41	6315	0	20
2026.07.01	05:15:00	3976.40	3982.14	3975.69	3980.72	4466	0	20
2026.07.01	05:30:00	3980.71	3986.11	3978.65	3982.85	5790	0	20
2026.07.01	05:45:00	3983.08	3985.35	3978.40	3979.19	4937	0	20
2026.07.01	06:00:00	3979.15	3985.58	3978.47	3983.43	4188	0	20
2026.07.01	06:15:00	3983.40	3986.93	3980.16	3981.34	4458	0	20
2026.07.01	06:30:00	3981.32	3982.19	3976.69	3977.44	3677	0	20
2026.07.01	06:45:00	3977.45	3980.53	3976.61	3980.45	3465	0	20
2026.07.01	07:00:00	3980.40	3981.02	3974.08	3976.28	3688	0	20
2026.07.01	07:15:00	3976.29	3978.01	3974.27	3977.60	3262	0	20
2026.07.01	07:30:00	3977.41	3980.74	3972.44	3974.58	2442	0	20
2026.07.01	07:45:00	3974.56	3982.72	3974.30	3976.55	2995	0	20
2026.07.01	08:00:00	3976.53	3977.06	3969.83	3971.87	3837	0	20
2026.07.01	08:15:00	3971.86	3975.18	3970.08	3972.75	2777	0	20
2026.07.01	08:30:00	3972.74	3978.92	3970.30	3974.59	5509	0	20
2026.07.01	08:45:00	3974.60	3978.86	3973.48	3973.99	4855	0	20
2026.07.01	09:00:00	3973.97	3977.53	3963.43	3965.14	5289	0	20
2026.07.01	09:15:00	3965.13	3969.73	3963.12	3967.40	5088	0	20
2026.07.01	09:30:00	3967.45	3973.47	3963.34	3971.70	3867	0	20
2026.07.01	09:45:00	3971.72	3973.47	3969.04	3971.81	3349	0	20
2026.07.01	10:00:00	3971.62	3973.73	3960.22	3961.48	4555	0	20
2026.07.01	10:15:00	3961.46	3972.07	3960.16	3964.31	4021	0	20
2026.07.01	10:30:00	3964.30	3971.25	3960.80	3971.03	4830	0	20
2026.07.01	10:45:00	3970.95	3978.44	3969.00	3976.07	4508	0	20
2026.07.01	11:00:00	3975.74	3976.28	3969.45	3974.24	4674	0	20
2026.07.01	11:15:00	3974.24	3984.42	3974.11	3978.80	3945	0	20
2026.07.01	11:30:00	3978.79	3979.65	3972.34	3976.92	3693	0	20
2026.07.01	11:45:00	3976.99	3977.39	3971.20	3974.37	2788	0	20
2026.07.01	12:00:00	3974.41	3977.57	3972.74	3975.81	2963	0	20
2026.07.01	12:15:00	3975.80	3980.36	3975.51	3978.71	2486	0	20
2026.07.01	12:30:00	3978.57	3982.53	3977.60	3981.63	2778	0	20
2026.07.01	12:45:00	3981.68	3985.97	3981.68	3984.44	2330	0	20
2026.07.01	13:00:00	3984.44	3989.50	3982.96	3984.27	2690	0	20
2026.07.01	13:15:00	3984.47	3987.39	3981.44	3987.11	2077	0	20
2026.07.01	13:30:00	3987.07	3994.35	3986.47	3987.26	2549	0	20
2026.07.01	13:45:00	3987.32	3998.68	3986.98	3998.35	2108	0	20
2026.07.01	14:00:00	3998.35	4019.41	3997.91	4015.92	4031	0	20
2026.07.01	14:15:00	4015.89	4028.16	4015.11	4026.78	4798	0	20
2026.07.01	14:30:00	4026.64	4031.81	4023.14	4029.28	3708	0	20
2026.07.01	14:45:00	4029.24	4035.43	4028.72	4030.44	3904	0	20
2026.07.01	15:00:00	4030.45	4034.00	4019.62	4021.27	4553	0	20
2026.07.01	15:15:00	4021.40	4030.44	4021.40	4025.81	4505	0	20
2026.07.01	15:30:00	4025.68	4033.13	4023.65	4026.13	5431	0	20
2026.07.01	15:45:00	4026.42	4028.94	4022.59	4022.78	4326	0	20
2026.07.01	16:00:00	4022.74	4025.02	4012.74	4021.39	6310	0	20
2026.07.01	16:15:00	4021.36	4047.30	4021.33	4047.03	7308	0	20
2026.07.01	16:30:00	4046.87	4100.36	4041.59	4098.38	8432	0	20
2026.07.01	16:45:00	4098.25	4108.07	4084.87	4089.45	7533	0	20
2026.07.01	17:00:00	4089.42	4101.58	4083.03	4092.92	7220	0	20
2026.07.01	17:15:00	4092.92	4106.85	4089.42	4100.60	6887	0	20
2026.07.01	17:30:00	4100.56	4115.56	4091.99	4092.93	7072	0	20
2026.07.01	17:45:00	4092.82	4095.07	4086.40	4093.40	6060	0	20
2026.07.01	18:00:00	4093.36	4094.51	4081.92	4085.15	5622	0	20
2026.07.01	18:15:00	4085.16	4092.04	4078.52	4083.82	4939	0	20
2026.07.01	18:30:00	4083.72	4084.00	4076.80	4082.46	4797	0	20
2026.07.01	18:45:00	4082.45	4088.14	4079.51	4081.15	4285	0	20
2026.07.01	19:00:00	4081.15	4088.47	4081.15	4082.48	4179	0	20
2026.07.01	19:15:00	4082.44	4085.08	4080.54	4081.36	4101	0	20
2026.07.01	19:30:00	4081.34	4083.37	4072.78	4074.39	3968	0	20
2026.07.01	19:45:00	4074.54	4076.28	4070.49	4071.25	4655	0	20
2026.07.01	20:00:00	4071.16	4073.64	4067.82	4071.30	4102	0	20
2026.07.01	20:15:00	4071.35	4072.13	4067.82	4068.05	3497	0	20
2026.07.01	20:30:00	4068.14	4073.27	4068.00	4070.91	3453	0	20
2026.07.01	20:45:00	4070.93	4072.47	4067.39	4068.22	3076	0	20
2026.07.01	21:00:00	4068.22	4070.77	4067.24	4068.94	2709	0	20
2026.07.01	21:15:00	4068.83	4069.20	4061.07	4061.24	3886	0	20
2026.07.01	21:30:00	4061.27	4066.05	4061.27	4063.01	3159	0	20
2026.07.01	21:45:00	4063.03	4063.19	4057.88	4062.16	3481	0	20
2026.07.01	22:00:00	4062.15	4068.34	4061.82	4065.47	3308	0	20
2026.07.01	22:15:00	4065.47	4066.22	4056.56	4058.85	2985	0	20
2026.07.01	22:30:00	4058.87	4059.73	4053.01	4053.84	2918	0	20
2026.07.01	22:45:00	4053.83	4054.26	4034.42	4038.71	5144	0	20
2026.07.01	23:00:00	4038.68	4039.76	4028.52	4035.50	3528	0	20
2026.07.01	23:15:00	4035.52	4039.14	4034.51	4038.46	2184	0	20
2026.07.01	23:30:00	4038.42	4039.05	4033.32	4033.95	2154	0	20
2026.07.01	23:45:00	4034.00	4035.99	4030.29	4031.05	1789	0	20
2026.07.02	01:00:00	4036.56	4040.93	4032.57	4036.64	2267	0	20
2026.07.02	01:15:00	4036.63	4039.13	4034.89	4038.26	1807	0	21
2026.07.02	01:30:00	4038.21	4040.62	4036.99	4039.97	2189	0	20
2026.07.02	01:45:00	4039.93	4045.16	4039.92	4044.99	1751	0	20
2026.07.02	02:00:00	4045.00	4045.00	4037.47	4037.69	2138	0	20
2026.07.02	02:15:00	4037.71	4039.41	4033.83	4037.13	2483	0	20
2026.07.02	02:30:00	4037.14	4040.45	4034.53	4035.69	2129	0	20
2026.07.02	02:45:00	4035.66	4037.04	4033.35	4035.02	4002	0	20
2026.07.02	03:00:00	4035.08	4046.06	4030.71	4044.73	6136	0	20
2026.07.02	03:15:00	4044.70	4048.52	4040.10	4046.39	4773	0	20
2026.07.02	03:30:00	4046.42	4046.75	4038.03	4039.29	4794	0	20
2026.07.02	03:45:00	4039.30	4052.52	4039.27	4051.91	5160	0	20
2026.07.02	04:00:00	4051.90	4068.49	4050.39	4065.12	7333	0	20
2026.07.02	04:15:00	4065.03	4065.70	4050.10	4053.22	6212	0	20
2026.07.02	04:30:00	4053.21	4055.47	4046.26	4047.72	6294	0	20
2026.07.02	04:45:00	4047.71	4056.40	4045.31	4050.10	5942	0	20
2026.07.02	05:00:00	4050.01	4051.02	4041.26	4048.16	6074	0	20
2026.07.02	05:15:00	4048.06	4054.89	4047.79	4051.46	4526	0	20
2026.07.02	05:30:00	4051.47	4056.99	4047.68	4056.21	5613	0	20
2026.07.02	05:45:00	4056.13	4061.00	4054.38	4057.06	5270	0	20
2026.07.02	06:00:00	4057.10	4059.79	4055.47	4057.51	4595	0	20
2026.07.02	06:15:00	4057.50	4067.24	4057.48	4065.32	5143	0	20
2026.07.02	06:30:00	4065.31	4067.71	4061.87	4065.55	3976	0	20
2026.07.02	06:45:00	4065.53	4074.07	4062.87	4069.96	4539	0	20
2026.07.02	07:00:00	4069.99	4072.98	4068.19	4070.08	3844	0	20
2026.07.02	07:15:00	4070.10	4070.40	4064.09	4065.53	3106	0	20
2026.07.02	07:30:00	4065.57	4066.47	4061.39	4063.29	3286	0	20
2026.07.02	07:45:00	4063.29	4065.06	4060.60	4060.72	2595	0	20
2026.07.02	08:00:00	4060.77	4061.30	4054.37	4055.68	4660	0	20
2026.07.02	08:15:00	4055.59	4062.10	4054.65	4057.42	4009	0	20
2026.07.02	08:30:00	4057.47	4066.19	4053.19	4061.81	6018	0	20
2026.07.02	08:45:00	4061.71	4067.63	4059.94	4065.99	4568	0	20
2026.07.02	09:00:00	4066.08	4075.82	4065.77	4068.34	4678	0	20
2026.07.02	09:15:00	4068.35	4079.77	4067.13	4074.25	4831	0	20
2026.07.02	09:30:00	4074.30	4076.76	4066.04	4068.10	4065	0	20
2026.07.02	09:45:00	4068.12	4076.56	4066.74	4073.20	5540	0	20
2026.07.02	10:00:00	4073.49	4074.17	4067.14	4067.73	4588	0	20
2026.07.02	10:15:00	4067.79	4068.40	4060.76	4062.39	4384	0	20
2026.07.02	10:30:00	4062.39	4075.48	4060.81	4074.49	4019	0	20
2026.07.02	10:45:00	4074.48	4074.97	4063.64	4064.48	3816	0	20
2026.07.02	11:00:00	4064.24	4074.14	4061.29	4069.87	5669	0	20
2026.07.02	11:15:00	4069.81	4077.85	4068.77	4075.05	4793	0	20
2026.07.02	11:30:00	4075.02	4077.86	4072.12	4075.28	4524	0	20
2026.07.02	11:45:00	4075.38	4080.02	4073.20	4076.06	4056	0	20
2026.07.02	12:00:00	4076.06	4076.94	4069.34	4072.23	4062	0	20
2026.07.02	12:15:00	4072.18	4073.67	4066.12	4067.54	3895	0	20
2026.07.02	12:30:00	4067.79	4072.19	4063.91	4069.26	4560	0	20
2026.07.02	12:45:00	4069.27	4072.31	4064.67	4065.29	3564	0	20
2026.07.02	13:00:00	4065.32	4066.56	4062.52	4063.34	3633	0	20
2026.07.02	13:15:00	4063.32	4067.98	4062.02	4066.14	3477	0	20
2026.07.02	13:30:00	4066.24	4068.66	4063.10	4064.65	3362	0	20
2026.07.02	13:45:00	4064.64	4068.02	4061.47	4066.26	2937	0	20
2026.07.02	14:00:00	4066.21	4066.96	4057.46	4063.29	4442	0	20
2026.07.02	14:15:00	4063.30	4067.31	4062.64	4065.55	3299	0	20
2026.07.02	14:30:00	4065.56	4071.63	4063.36	4071.15	3311	0	20
2026.07.02	14:45:00	4071.22	4072.32	4065.23	4065.23	3401	0	20
2026.07.02	15:00:00	4065.25	4073.45	4061.36	4064.16	4304	0	20
2026.07.02	15:15:00	4064.13	4069.72	4061.60	4064.65	4705	0	20
2026.07.02	15:30:00	4065.25	4140.49	4065.25	4132.26	8491	0	20
2026.07.02	15:45:00	4132.43	4133.88	4112.16	4117.52	7389	0	20
2026.07.02	16:00:00	4117.55	4129.77	4115.48	4124.15	7344	0	20
2026.07.02	16:15:00	4124.28	4124.56	4109.54	4113.08	6098	0	20
2026.07.02	16:30:00	4112.86	4138.35	4110.04	4134.73	8322	0	20
2026.07.02	16:45:00	4134.94	4144.01	4132.43	4136.92	7370	0	20
2026.07.02	17:00:00	4136.94	4138.35	4123.72	4128.52	6907	0	20
2026.07.02	17:15:00	4128.54	4136.23	4114.03	4116.36	7472	0	20
2026.07.02	17:30:00	4116.37	4125.44	4114.59	4118.67	7828	0	20
2026.07.02	17:45:00	4118.89	4129.76	4115.72	4128.57	7115	0	20
2026.07.02	18:00:00	4128.59	4131.32	4114.71	4126.53	6951	0	20
2026.07.02	18:15:00	4126.53	4131.21	4120.59	4122.50	6067	0	20
2026.07.02	18:30:00	4122.37	4130.97	4122.37	4125.30	5917	0	20
2026.07.02	18:45:00	4125.35	4129.98	4124.13	4128.47	5274	0	20
2026.07.02	19:00:00	4128.49	4130.20	4121.86	4123.35	5371	0	20
2026.07.02	19:15:00	4123.30	4123.87	4115.42	4116.35	5411	0	20
2026.07.02	19:30:00	4116.38	4116.64	4100.28	4114.64	6499	0	20
2026.07.02	19:45:00	4114.58	4120.21	4114.00	4118.11	4300	0	20
2026.07.02	20:00:00	4118.00	4119.84	4113.43	4117.93	5254	0	20
2026.07.02	20:15:00	4118.01	4119.79	4111.37	4112.50	4327	0	20
2026.07.02	20:30:00	4112.10	4114.41	4105.92	4107.41	4932	0	20
2026.07.02	20:45:00	4107.36	4110.27	4105.72	4106.75	4031	0	20
2026.07.02	21:00:00	4106.70	4123.73	4105.91	4119.12	4875	0	20
2026.07.02	21:15:00	4119.19	4123.11	4115.56	4123.11	3600	0	20
2026.07.02	21:30:00	4123.12	4127.01	4121.27	4121.33	3527	0	20
2026.07.02	21:45:00	4121.34	4124.26	4119.98	4122.60	2518	0	20
2026.07.02	22:00:00	4122.65	4124.47	4113.36	4114.55	3663	0	20
2026.07.02	22:15:00	4114.55	4115.04	4108.19	4112.63	3103	0	20
2026.07.02	22:30:00	4112.67	4114.76	4110.96	4113.41	3834	0	20
2026.07.02	22:45:00	4113.41	4123.98	4112.73	4121.28	4623	0	20
2026.07.02	23:00:00	4121.25	4122.47	4116.35	4119.92	2363	0	20
2026.07.02	23:15:00	4119.90	4125.05	4119.12	4123.48	1386	0	20
2026.07.02	23:30:00	4123.50	4124.97	4120.77	4120.77	887	0	20
2026.07.02	23:45:00	4120.79	4124.20	4118.53	4123.80	1191	0	20
2026.07.03	01:00:00	4125.55	4127.90	4124.47	4124.50	684	0	26
2026.07.03	01:15:00	4124.71	4125.33	4122.57	4124.38	1425	0	20
2026.07.03	01:30:00	4124.31	4126.35	4122.56	4123.09	1690	0	20
2026.07.03	01:45:00	4123.10	4126.46	4122.73	4124.62	1482	0	20
2026.07.03	02:00:00	4124.63	4127.24	4124.27	4125.38	1975	0	20
2026.07.03	02:15:00	4125.44	4130.34	4124.21	4129.77	2345	0	20
2026.07.03	02:30:00	4129.79	4132.11	4121.02	4124.76	3406	0	20
2026.07.03	02:45:00	4124.77	4131.82	4124.40	4126.25	4624	0	20
2026.07.03	03:00:00	4126.05	4136.82	4122.91	4135.03	6579	0	20
2026.07.03	03:15:00	4134.91	4140.88	4131.66	4137.20	6310	0	20
2026.07.03	03:30:00	4137.19	4139.59	4133.03	4136.41	5808	0	20
2026.07.03	03:45:00	4136.40	4151.01	4135.22	4147.15	6041	0	20
2026.07.03	04:00:00	4147.14	4179.28	4146.57	4176.17	8081	0	20
2026.07.03	04:15:00	4176.16	4194.35	4174.08	4187.56	7443	0	20
2026.07.03	04:30:00	4187.43	4195.40	4179.05	4179.73	6776	0	20
2026.07.03	04:45:00	4179.66	4184.04	4175.22	4182.32	5990	0	20
2026.07.03	05:00:00	4182.33	4184.24	4177.06	4179.49	5655	0	20
2026.07.03	05:15:00	4179.42	4181.21	4176.44	4179.15	3793	0	20
2026.07.03	05:30:00	4179.20	4186.79	4178.00	4183.24	5289	0	20
2026.07.03	05:45:00	4183.24	4186.73	4178.74	4183.45	4290	0	20
2026.07.03	06:00:00	4183.39	4184.59	4179.65	4182.78	4328	0	20
2026.07.03	06:15:00	4182.76	4183.63	4179.29	4181.34	3494	0	20
2026.07.03	06:30:00	4181.36	4183.16	4177.35	4177.42	3787	0	20
2026.07.03	06:45:00	4177.41	4179.54	4175.25	4176.01	3054	0	20
2026.07.03	07:00:00	4176.00	4178.98	4173.15	4177.78	3096	0	20
2026.07.03	07:15:00	4177.70	4182.77	4176.57	4178.58	2134	0	20
2026.07.03	07:30:00	4178.53	4178.69	4175.35	4177.20	2019	0	20
2026.07.03	07:45:00	4177.23	4178.87	4174.50	4178.79	2401	0	20
2026.07.03	08:00:00	4178.78	4181.20	4176.94	4178.34	3757	0	20
2026.07.03	08:15:00	4178.33	4179.25	4173.05	4175.98	2683	0	20
2026.07.03	08:30:00	4176.00	4181.81	4173.15	4175.17	5191	0	20
2026.07.03	08:45:00	4175.15	4176.45	4169.20	4171.18	4441	0	20
2026.07.03	09:00:00	4171.26	4171.78	4162.06	4162.36	4925	0	20
2026.07.03	09:15:00	4162.37	4167.05	4160.41	4164.77	4622	0	20
2026.07.03	09:30:00	4164.86	4173.57	4164.41	4171.08	4690	0	20
2026.07.03	09:45:00	4171.09	4174.44	4170.23	4173.06	3657	0	20
2026.07.03	10:00:00	4173.11	4181.16	4171.25	4174.12	4153	0	20
2026.07.03	10:15:00	4174.08	4176.07	4169.28	4175.43	3621	0	20
2026.07.03	10:30:00	4175.49	4179.72	4173.85	4179.57	3842	0	20
2026.07.03	10:45:00	4179.51	4181.76	4174.78	4177.38	3476	0	20
2026.07.03	11:00:00	4177.46	4185.82	4177.46	4183.97	3863	0	20
2026.07.03	11:15:00	4183.96	4185.46	4181.15	4183.15	3741	0	20
2026.07.03	11:30:00	4183.01	4186.53	4180.64	4184.06	3459	0	20
2026.07.03	11:45:00	4184.05	4185.42	4176.82	4181.06	3230	0	20
2026.07.03	12:00:00	4181.06	4181.71	4175.91	4180.39	2838	0	20
2026.07.03	12:15:00	4180.40	4180.47	4171.14	4171.88	3088	0	20
2026.07.03	12:30:00	4171.87	4173.01	4168.42	4172.13	3157	0	20
2026.07.03	12:45:00	4172.12	4175.05	4171.52	4171.94	2392	0	20
2026.07.03	13:00:00	4171.88	4180.75	4170.64	4179.74	2442	0	20
2026.07.03	13:15:00	4179.71	4181.13	4177.98	4178.47	2408	0	20
2026.07.03	13:30:00	4178.46	4179.06	4175.51	4177.69	2030	0	20
2026.07.03	13:45:00	4177.68	4178.72	4174.63	4177.05	1972	0	20
2026.07.03	14:00:00	4177.04	4183.80	4175.45	4183.33	2704	0	20
2026.07.03	14:15:00	4183.35	4186.09	4182.66	4183.15	2660	0	20
2026.07.03	14:30:00	4183.01	4185.93	4182.64	4185.33	2769	0	20
2026.07.03	14:45:00	4185.34	4186.33	4178.60	4180.96	2760	0	20
2026.07.03	15:00:00	4180.90	4183.16	4177.84	4177.93	3403	0	20
2026.07.03	15:15:00	4177.92	4178.17	4172.11	4174.78	3108	0	20
2026.07.03	15:30:00	4174.76	4177.61	4172.83	4174.90	3244	0	20
2026.07.03	15:45:00	4174.77	4177.49	4172.25	4176.80	2801	0	20
2026.07.03	16:00:00	4176.91	4179.29	4164.48	4166.60	5573	0	20
2026.07.03	16:15:00	4166.57	4172.18	4166.50	4171.48	4800	0	20
2026.07.03	16:30:00	4171.58	4171.73	4165.03	4166.87	5497	0	20
2026.07.03	16:45:00	4166.92	4168.82	4163.58	4164.63	5282	0	20
2026.07.03	17:00:00	4164.61	4167.11	4155.39	4162.16	5425	0	20
2026.07.03	17:15:00	4162.18	4166.72	4161.20	4166.13	4878	0	20
2026.07.03	17:30:00	4166.14	4167.25	4163.33	4163.80	3486	0	20
2026.07.03	17:45:00	4163.79	4171.19	4163.59	4169.78	3408	0	20
2026.07.03	18:00:00	4169.77	4174.12	4168.60	4172.25	3744	0	20
2026.07.03	18:15:00	4172.20	4174.35	4166.88	4167.38	2920	0	20
2026.07.03	18:30:00	4167.39	4168.82	4166.02	4167.67	2172	0	20
2026.07.03	18:45:00	4167.67	4168.86	4164.46	4164.81	1814	0	20
2026.07.03	19:00:00	4164.82	4165.67	4162.95	4164.12	2059	0	20
2026.07.03	19:15:00	4164.09	4167.53	4162.76	4166.61	1707	0	20
2026.07.03	19:30:00	4166.61	4170.53	4166.61	4170.08	1899	0	20
2026.07.03	19:45:00	4170.12	4175.84	4169.68	4175.10	1487	0	20
2026.07.06	01:00:00	4183.95	4185.48	4172.30	4180.70	2992	0	33
2026.07.06	01:15:00	4180.82	4185.57	4176.96	4184.53	2664	0	35
2026.07.06	01:30:00	4184.53	4191.50	4182.87	4188.85	3873	0	22
2026.07.06	01:45:00	4188.86	4189.88	4183.13	4188.24	3284	0	20
2026.07.06	02:00:00	4188.25	4191.49	4186.80	4187.45	2843	0	20
2026.07.06	02:15:00	4187.47	4201.72	4186.57	4200.40	2671	0	20
2026.07.06	02:30:00	4200.38	4201.46	4193.38	4196.30	3436	0	20
2026.07.06	02:45:00	4196.29	4197.18	4177.63	4183.07	4961	0	20
2026.07.06	03:00:00	4183.11	4185.36	4170.29	4174.86	6248	0	20
2026.07.06	03:15:00	4174.86	4181.63	4171.03	4174.61	5673	0	20
2026.07.06	03:30:00	4174.70	4187.45	4174.19	4185.88	5560	0	20
2026.07.06	03:45:00	4185.91	4188.96	4174.71	4179.52	4526	0	20
2026.07.06	04:00:00	4179.34	4192.68	4172.54	4188.77	6832	0	20
2026.07.06	04:15:00	4188.79	4192.81	4180.62	4189.45	6213	0	20
2026.07.06	04:30:00	4189.47	4200.47	4187.49	4198.16	6677	0	20
2026.07.06	04:45:00	4198.14	4203.02	4184.94	4186.00	6376	0	20
2026.07.06	05:00:00	4186.19	4187.78	4176.97	4180.84	5716	0	20
2026.07.06	05:15:00	4180.83	4186.07	4175.84	4177.65	5012	0	20
2026.07.06	05:30:00	4177.64	4178.66	4168.58	4172.35	6000	0	20
2026.07.06	05:45:00	4172.53	4175.95	4169.95	4174.09	4914	0	20
2026.07.06	06:00:00	4174.06	4176.38	4165.48	4166.54	4998	0	20
2026.07.06	06:15:00	4166.53	4167.92	4162.56	4165.91	3864	0	20
2026.07.06	06:30:00	4165.75	4169.13	4161.73	4162.82	4247	0	20
2026.07.06	06:45:00	4162.81	4166.76	4160.96	4165.19	3814	0	20
2026.07.06	07:00:00	4165.19	4166.70	4161.01	4163.47	2825	0	20
2026.07.06	07:15:00	4163.46	4164.55	4160.24	4161.20	2660	0	20
2026.07.06	07:30:00	4161.22	4162.46	4157.42	4160.11	3159	0	20
2026.07.06	07:45:00	4160.12	4161.10	4158.01	4159.66	2757	0	20
2026.07.06	08:00:00	4159.41	4161.00	4151.20	4152.13	3555	0	20
2026.07.06	08:15:00	4152.11	4154.37	4150.52	4152.73	3099	0	20
2026.07.06	08:30:00	4152.74	4160.35	4149.57	4155.26	5586	0	20
2026.07.06	08:45:00	4155.23	4156.80	4144.85	4147.98	4925	0	20
2026.07.06	09:00:00	4147.99	4152.19	4145.67	4151.86	4783	0	20
2026.07.06	09:15:00	4151.87	4156.67	4147.87	4156.40	3790	0	20
2026.07.06	09:30:00	4156.43	4159.45	4153.27	4155.77	3775	0	20
2026.07.06	09:45:00	4155.75	4156.71	4148.90	4150.23	3339	0	20
2026.07.06	10:00:00	4150.26	4153.46	4147.10	4150.95	3499	0	20
2026.07.06	10:15:00	4150.92	4155.60	4150.27	4152.81	3683	0	20
2026.07.06	10:30:00	4152.83	4164.33	4151.18	4163.50	3500	0	20
2026.07.06	10:45:00	4163.51	4166.29	4162.07	4164.39	3431	0	20
2026.07.06	11:00:00	4164.76	4166.05	4157.09	4157.98	4112	0	20
2026.07.06	11:15:00	4157.99	4158.68	4153.54	4155.42	4002	0	20
2026.07.06	11:30:00	4155.47	4155.93	4148.47	4149.05	3388	0	20
2026.07.06	11:45:00	4149.24	4152.90	4147.06	4150.46	3010	0	20
2026.07.06	12:00:00	4150.47	4151.25	4147.86	4149.69	2502	0	20
2026.07.06	12:15:00	4149.62	4149.79	4141.50	4143.56	3148	0	20
2026.07.06	12:30:00	4143.47	4143.47	4136.48	4139.36	3682	0	20
2026.07.06	12:45:00	4139.17	4144.66	4139.08	4143.13	1938	0	20
2026.07.06	13:00:00	4143.17	4148.53	4142.03	4148.24	1932	0	20
2026.07.06	13:15:00	4148.21	4150.71	4147.40	4148.81	2351	0	20
2026.07.06	13:30:00	4148.86	4155.50	4148.63	4154.34	2004	0	20
2026.07.06	13:45:00	4154.31	4155.81	4152.31	4154.94	1957	0	20
2026.07.06	14:00:00	4154.89	4156.20	4151.50	4154.73	2085	0	20
2026.07.06	14:15:00	4154.87	4159.49	4153.62	4154.98	1928	0	20
2026.07.06	14:30:00	4154.89	4158.71	4152.65	4153.59	1749	0	20
2026.07.06	14:45:00	4153.62	4155.91	4151.95	4155.24	2332	0	20
2026.07.06	15:00:00	4155.12	4158.48	4153.74	4156.06	2743	0	20
2026.07.06	15:15:00	4156.03	4157.57	4145.19	4145.75	3368	0	20
2026.07.06	15:30:00	4145.73	4146.14	4131.45	4133.31	3694	0	20
2026.07.06	15:45:00	4133.31	4142.72	4133.15	4139.58	3262	0	20
2026.07.06	16:00:00	4139.72	4148.40	4137.16	4141.30	4426	0	20
2026.07.06	16:15:00	4141.37	4148.77	4138.65	4142.36	4478	0	20
2026.07.06	16:30:00	4142.27	4150.44	4141.87	4149.08	6679	0	20
2026.07.06	16:45:00	4149.15	4149.57	4136.78	4140.93	6050	0	20
2026.07.06	17:00:00	4140.39	4147.10	4133.51	4140.54	6108	0	20
2026.07.06	17:15:00	4140.54	4140.81	4132.49	4137.15	5211	0	20
2026.07.06	17:30:00	4137.17	4141.80	4128.38	4130.18	4802	0	20
2026.07.06	17:45:00	4130.15	4138.24	4129.01	4138.20	4301	0	20
2026.07.06	18:00:00	4138.19	4146.49	4137.56	4139.79	3933	0	20
2026.07.06	18:15:00	4139.71	4151.01	4138.70	4150.60	4965	0	20
2026.07.06	18:30:00	4150.61	4151.96	4147.13	4149.99	4109	0	20
2026.07.06	18:45:00	4150.00	4150.55	4144.79	4148.26	2759	0	20
2026.07.06	19:00:00	4148.35	4148.44	4140.33	4140.54	2554	0	20
2026.07.06	19:15:00	4140.73	4146.42	4140.19	4145.61	2847	0	20
2026.07.06	19:30:00	4145.61	4150.24	4145.25	4149.35	2834	0	20
2026.07.06	19:45:00	4149.37	4156.16	4148.69	4154.99	2860	0	20
2026.07.06	20:00:00	4154.95	4156.25	4152.34	4153.50	2644	0	20
2026.07.06	20:15:00	4153.51	4159.55	4150.32	4155.41	2986	0	20
2026.07.06	20:30:00	4155.47	4159.22	4154.88	4156.64	2760	0	20
2026.07.06	20:45:00	4156.54	4161.58	4156.23	4161.27	2604	0	20
2026.07.06	21:00:00	4161.18	4161.88	4155.35	4158.19	2343	0	20
2026.07.06	21:15:00	4158.18	4163.11	4158.18	4161.86	1750	0	20
2026.07.06	21:30:00	4161.52	4167.43	4159.72	4164.07	2179	0	20
2026.07.06	21:45:00	4164.07	4165.16	4162.06	4163.84	2078	0	20
2026.07.06	22:00:00	4163.89	4165.41	4159.05	4159.37	2628	0	20
2026.07.06	22:15:00	4159.36	4163.36	4158.89	4162.93	2548	0	20
2026.07.06	22:30:00	4163.03	4163.11	4159.70	4161.14	2846	0	20
2026.07.06	22:45:00	4161.13	4165.08	4161.12	4163.65	3059	0	20
2026.07.06	23:00:00	4163.79	4164.69	4161.03	4161.05	1182	0	20
2026.07.06	23:15:00	4161.09	4163.25	4160.80	4162.87	547	0	20
2026.07.06	23:30:00	4162.87	4164.86	4162.55	4163.06	706	0	20
2026.07.06	23:45:00	4162.99	4165.04	4162.96	4165.04	974	0	20
2026.07.07	01:00:00	4164.29	4167.62	4163.61	4166.01	1341	0	24
2026.07.07	01:15:00	4165.99	4167.41	4165.11	4166.06	1181	0	20
2026.07.07	01:30:00	4166.07	4168.52	4166.07	4167.17	1812	0	20
2026.07.07	01:45:00	4167.16	4167.73	4164.02	4164.18	1788	0	20
2026.07.07	02:00:00	4164.21	4165.62	4163.03	4165.51	1725	0	20
2026.07.07	02:15:00	4165.41	4165.64	4162.84	4163.14	1565	0	21
2026.07.07	02:30:00	4163.12	4165.34	4160.85	4161.97	1766	0	20
2026.07.07	02:45:00	4161.95	4163.83	4156.89	4157.20	3859	0	20
2026.07.07	03:00:00	4157.18	4158.40	4152.64	4156.08	5821	0	20
2026.07.07	03:15:00	4156.09	4160.63	4151.96	4159.77	5508	0	20
2026.07.07	03:30:00	4159.80	4162.71	4148.28	4149.69	5023	0	20
2026.07.07	03:45:00	4149.71	4153.77	4145.15	4145.91	5679	0	20
2026.07.07	04:00:00	4145.90	4147.90	4137.72	4141.61	6879	0	20
2026.07.07	04:15:00	4141.60	4142.86	4125.80	4132.60	6470	0	20
2026.07.07	04:30:00	4132.59	4142.26	4132.08	4142.07	5911	0	20
2026.07.07	04:45:00	4142.14	4146.30	4140.53	4141.82	5519	0	20
2026.07.07	05:00:00	4141.83	4144.59	4137.59	4142.37	5157	0	20
2026.07.07	05:15:00	4142.37	4145.24	4138.01	4140.53	3651	0	20
2026.07.07	05:30:00	4140.48	4144.23	4136.18	4139.45	4420	0	20
2026.07.07	05:45:00	4139.47	4139.61	4131.33	4136.61	5099	0	20
2026.07.07	06:00:00	4136.53	4139.99	4135.07	4136.65	5073	0	20
2026.07.07	06:15:00	4136.62	4137.64	4129.23	4132.21	5264	0	20
2026.07.07	06:30:00	4132.05	4134.88	4127.03	4129.61	4265	0	20
2026.07.07	06:45:00	4129.60	4131.57	4124.34	4131.11	3614	0	20
2026.07.07	07:00:00	4131.23	4141.25	4130.33	4136.36	3601	0	20
2026.07.07	07:15:00	4136.43	4137.60	4130.80	4132.15	3764	0	20
2026.07.07	07:30:00	4132.14	4132.40	4128.63	4128.64	3459	0	20
2026.07.07	07:45:00	4128.66	4131.29	4125.82	4126.58	2999	0	20
2026.07.07	08:00:00	4126.64	4131.31	4122.11	4122.34	3781	0	20
2026.07.07	08:15:00	4122.43	4128.55	4120.91	4128.27	3795	0	20
2026.07.07	08:30:00	4128.26	4128.49	4116.69	4122.46	6525	0	20
2026.07.07	08:45:00	4122.47	4127.15	4120.26	4123.85	4894	0	20
2026.07.07	09:00:00	4123.72	4129.37	4121.43	4123.54	4703	0	20
2026.07.07	09:15:00	4123.53	4129.66	4123.25	4126.71	4158	0	20
2026.07.07	09:30:00	4126.69	4132.45	4124.79	4132.44	3917	0	20
2026.07.07	09:45:00	4132.45	4132.96	4128.37	4130.37	3468	0	20
2026.07.07	10:00:00	4130.59	4131.16	4124.31	4129.56	3595	0	20
2026.07.07	10:15:00	4129.29	4132.15	4126.03	4126.61	3250	0	20
2026.07.07	10:30:00	4126.60	4131.08	4125.78	4130.04	2523	0	20
2026.07.07	10:45:00	4130.03	4133.53	4124.45	4124.62	3793	0	20
2026.07.07	11:00:00	4124.61	4139.34	4124.37	4137.02	3982	0	20
2026.07.07	11:15:00	4136.98	4138.72	4134.05	4138.66	3680	0	20
2026.07.07	11:30:00	4138.60	4139.03	4128.87	4131.00	2716	0	20
2026.07.07	11:45:00	4131.02	4131.02	4121.88	4125.96	3793	0	20
2026.07.07	12:00:00	4125.97	4128.98	4124.36	4127.54	3314	0	20
2026.07.07	12:15:00	4127.56	4130.98	4119.76	4121.51	2803	0	20
2026.07.07	12:30:00	4121.53	4133.73	4121.53	4132.94	3482	0	20
2026.07.07	12:45:00	4132.93	4133.11	4125.03	4131.16	3798	0	20
2026.07.07	13:00:00	4131.09	4135.03	4131.09	4132.47	3295	0	20
2026.07.07	13:15:00	4132.53	4138.90	4132.06	4137.38	2477	0	20
2026.07.07	13:30:00	4137.38	4137.54	4134.57	4135.57	2517	0	20
2026.07.07	13:45:00	4135.58	4137.12	4133.44	4135.72	2596	0	20
2026.07.07	14:00:00	4135.67	4136.19	4131.81	4133.24	3367	0	20
2026.07.07	14:15:00	4133.25	4145.22	4133.05	4143.13	3560	0	20
2026.07.07	14:30:00	4143.11	4148.99	4139.60	4148.42	2932	0	20
2026.07.07	14:45:00	4148.41	4158.21	4147.06	4156.80	3733	0	20
2026.07.07	15:00:00	4157.20	4174.60	4154.60	4173.26	5036	0	20
2026.07.07	15:15:00	4173.31	4175.01	4163.05	4166.01	4717	0	20
2026.07.07	15:30:00	4166.00	4168.19	4161.73	4166.44	4489	0	20
2026.07.07	15:45:00	4166.33	4172.78	4164.25	4172.35	3879	0	20
2026.07.07	16:00:00	4172.46	4178.20	4160.16	4171.46	6060	0	20
2026.07.07	16:15:00	4171.45	4172.48	4164.25	4166.38	4981	0	20
2026.07.07	16:30:00	4166.34	4180.42	4163.59	4177.53	7463	0	20
2026.07.07	16:45:00	4177.51	4179.99	4156.11	4158.53	6566	0	20
2026.07.07	17:00:00	4158.47	4163.53	4151.00	4152.30	7338	0	20
2026.07.07	17:15:00	4152.06	4159.80	4151.21	4158.16	6853	0	20
2026.07.07	17:30:00	4158.17	4159.31	4143.60	4152.30	7119	0	20
2026.07.07	17:45:00	4152.13	4157.61	4151.91	4154.23	6619	0	20
2026.07.07	18:00:00	4154.14	4155.65	4148.24	4148.62	6304	0	20
2026.07.07	18:15:00	4148.63	4148.94	4141.65	4143.03	5882	0	20
2026.07.07	18:30:00	4143.05	4148.33	4142.18	4146.54	4875	0	20
2026.07.07	18:45:00	4146.52	4147.99	4135.88	4139.00	5063	0	20
2026.07.07	19:00:00	4139.16	4143.60	4137.04	4141.01	4930	0	20
2026.07.07	19:15:00	4140.95	4147.24	4140.76	4145.93	3731	0	20
2026.07.07	19:30:00	4146.04	4146.58	4142.49	4143.19	3609	0	20
2026.07.07	19:45:00	4143.19	4146.74	4140.97	4145.08	3117	0	20
2026.07.07	20:00:00	4145.03	4146.86	4142.12	4142.93	3187	0	20
2026.07.07	20:15:00	4143.03	4146.69	4140.44	4145.99	3907	0	20
2026.07.07	20:30:00	4146.05	4148.16	4144.57	4147.03	2394	0	20
2026.07.07	20:45:00	4147.04	4147.29	4142.94	4144.57	3516	0	20
2026.07.07	21:00:00	4144.55	4145.18	4140.88	4142.29	4659	0	20
2026.07.07	21:15:00	4142.30	4144.21	4140.12	4141.62	3613	0	20
2026.07.07	21:30:00	4141.63	4142.43	4136.15	4141.98	3419	0	20
2026.07.07	21:45:00	4142.04	4142.63	4125.12	4126.91	6200	0	20
2026.07.07	22:00:00	4126.92	4127.74	4103.12	4105.74	7279	0	20
2026.07.07	22:15:00	4105.66	4106.91	4092.23	4103.47	6651	0	20
2026.07.07	22:30:00	4103.42	4115.05	4103.42	4109.20	5499	0	20
2026.07.07	22:45:00	4109.28	4117.70	4108.10	4114.13	5215	0	20
2026.07.07	23:00:00	4114.10	4115.89	4112.30	4113.03	2815	0	20
2026.07.07	23:15:00	4112.99	4113.32	4106.50	4110.81	2064	0	20
2026.07.07	23:30:00	4110.83	4111.16	4104.52	4106.00	1622	0	20
2026.07.07	23:45:00	4105.87	4107.10	4103.46	4105.88	1562	0	20
2026.07.08	01:00:00	4097.80	4106.37	4093.89	4104.10	2598	0	20
2026.07.08	01:15:00	4104.11	4104.29	4099.69	4099.77	1542	0	20
2026.07.08	01:30:00	4099.82	4102.66	4098.69	4101.02	2210	0	20
2026.07.08	01:45:00	4101.00	4101.11	4095.79	4098.27	2612	0	20
2026.07.08	02:00:00	4098.23	4107.98	4096.17	4106.01	3423	0	20
2026.07.08	02:15:00	4105.99	4106.73	4101.06	4104.91	2666	0	20
2026.07.08	02:30:00	4104.92	4105.44	4097.32	4098.30	2392	0	20
2026.07.08	02:45:00	4098.29	4101.28	4095.79	4098.41	4791	0	20
2026.07.08	03:00:00	4098.45	4104.15	4096.88	4100.26	6187	0	20
2026.07.08	03:15:00	4100.22	4108.10	4098.91	4105.52	5646	0	20
2026.07.08	03:30:00	4105.54	4126.74	4103.90	4123.35	6683	0	20
2026.07.08	03:45:00	4123.41	4125.25	4111.27	4111.48	6290	0	20
2026.07.08	04:00:00	4111.43	4117.86	4098.40	4108.47	7552	0	20
2026.07.08	04:15:00	4108.51	4110.36	4102.12	4102.58	6311	0	20
2026.07.08	04:30:00	4102.59	4105.78	4096.41	4103.26	7237	0	20
2026.07.08	04:45:00	4103.23	4112.92	4102.21	4111.22	6378	0	20
2026.07.08	05:00:00	4111.41	4118.04	4105.97	4112.21	6569	0	20
2026.07.08	05:15:00	4112.21	4124.86	4112.07	4118.93	4887	0	20
2026.07.08	05:30:00	4118.93	4121.13	4116.23	4120.22	5533	0	20
2026.07.08	05:45:00	4120.28	4120.79	4113.45	4114.57	4940	0	20
2026.07.08	06:00:00	4114.54	4130.79	4114.54	4128.19	6722	0	20
2026.07.08	06:15:00	4128.21	4130.80	4124.65	4129.89	4719	0	20
2026.07.08	06:30:00	4129.90	4131.13	4125.51	4126.63	3999	0	20
2026.07.08	06:45:00	4126.64	4129.15	4122.68	4123.44	3946	0	20
2026.07.08	07:00:00	4123.37	4128.81	4121.65	4124.37	3545	0	20
2026.07.08	07:15:00	4124.40	4127.29	4120.66	4125.92	3791	0	20
2026.07.08	07:30:00	4125.91	4128.33	4122.02	4125.05	4356	0	20
2026.07.08	07:45:00	4125.04	4126.97	4123.83	4125.14	3935	0	20
2026.07.08	08:00:00	4125.17	4133.87	4124.86	4125.79	4481	0	20
2026.07.08	08:15:00	4125.56	4129.38	4121.91	4121.97	4355	0	20
2026.07.08	08:30:00	4121.91	4131.73	4121.19	4128.29	5968	0	20
2026.07.08	08:45:00	4128.39	4129.99	4124.76	4127.86	5333	0	20
2026.07.08	09:00:00	4127.79	4131.68	4122.18	4131.48	5523	0	20
2026.07.08	09:15:00	4131.50	4133.63	4128.79	4129.61	4535	0	20
2026.07.08	09:30:00	4129.61	4129.79	4124.50	4126.50	4507	0	20
2026.07.08	09:45:00	4126.51	4127.09	4123.32	4123.43	4612	0	20
2026.07.08	10:00:00	4123.76	4125.26	4116.33	4118.00	5297	0	20
2026.07.08	10:15:00	4117.95	4121.33	4114.78	4120.32	5208	0	20
2026.07.08	10:30:00	4120.38	4127.34	4118.17	4127.34	3722	0	20
2026.07.08	10:45:00	4127.29	4127.29	4119.04	4121.14	3563	0	20
2026.07.08	11:00:00	4121.22	4121.36	4116.45	4117.73	3561	0	20
2026.07.08	11:15:00	4117.95	4120.92	4080.84	4088.83	8097	0	20
2026.07.08	11:30:00	4088.82	4092.03	4060.70	4065.66	8092	0	20
2026.07.08	11:45:00	4065.39	4075.98	4052.29	4056.79	7804	0	20
2026.07.08	12:00:00	4056.74	4056.85	4050.32	4055.88	6937	0	20
2026.07.08	12:15:00	4055.57	4060.91	4053.81	4056.54	6569	0	20
2026.07.08	12:30:00	4056.42	4058.55	4044.66	4048.37	6620	0	20
2026.07.08	12:45:00	4048.40	4052.75	4041.55	4043.26	5621	0	20
2026.07.08	13:00:00	4043.30	4048.31	4040.59	4044.54	5249	0	20
2026.07.08	13:15:00	4044.76	4055.87	4043.34	4050.76	5463	0	20
2026.07.08	13:30:00	4050.60	4058.30	4049.91	4057.22	5288	0	20
2026.07.08	13:45:00	4057.30	4058.53	4052.88	4052.92	4247	0	20
2026.07.08	14:00:00	4052.88	4057.13	4048.21	4050.70	5536	0	20
2026.07.08	14:15:00	4050.58	4054.50	4047.67	4050.15	5100	0	20
2026.07.08	14:30:00	4050.08	4065.83	4041.39	4064.35	5612	0	20
2026.07.08	14:45:00	4064.34	4072.52	4059.22	4062.14	6573	0	20
2026.07.08	15:00:00	4062.01	4073.64	4058.70	4071.95	6421	0	20
2026.07.08	15:15:00	4071.93	4077.66	4065.96	4070.91	6278	0	20
2026.07.08	15:30:00	4070.75	4078.26	4068.08	4078.12	6060	0	20
2026.07.08	15:45:00	4078.18	4086.51	4070.80	4072.07	6287	0	20
2026.07.08	16:00:00	4072.20	4082.93	4069.70	4072.13	7781	0	20
2026.07.08	16:15:00	4072.21	4075.97	4065.29	4066.67	6942	0	20
2026.07.08	16:30:00	4067.32	4080.31	4066.90	4073.21	7966	0	20
2026.07.08	16:45:00	4073.26	4079.21	4068.20	4070.73	7807	0	20
2026.07.08	17:00:00	4070.54	4071.42	4056.76	4057.39	7436	0	20
2026.07.08	17:15:00	4057.40	4065.36	4051.42	4060.16	7489	0	20
2026.07.08	17:30:00	4060.09	4061.32	4035.24	4036.37	7515	0	20
2026.07.08	17:45:00	4036.30	4046.31	4033.86	4040.84	7260	0	20
2026.07.08	18:00:00	4041.31	4043.75	4033.61	4033.67	7409	0	20
2026.07.08	18:15:00	4033.76	4036.01	4026.22	4030.88	7674	0	20
2026.07.08	18:30:00	4030.95	4033.66	4021.73	4032.82	7380	0	20
2026.07.08	18:45:00	4032.40	4038.44	4029.86	4034.23	6034	0	20
2026.07.08	19:00:00	4034.45	4042.92	4033.14	4039.28	6555	0	20
2026.07.08	19:15:00	4039.29	4044.92	4037.71	4043.73	6030	0	20
2026.07.08	19:30:00	4043.23	4057.42	4039.45	4056.50	7088	0	20
2026.07.08	19:45:00	4056.53	4064.55	4053.53	4063.73	5986	0	20
2026.07.08	20:00:00	4063.86	4070.43	4059.66	4064.90	5234	0	20
2026.07.08	20:15:00	4064.93	4073.80	4063.46	4073.11	5924	0	20
2026.07.08	20:30:00	4073.01	4076.34	4068.87	4069.83	4624	0	20
2026.07.08	20:45:00	4069.82	4070.32	4064.29	4065.55	4734	0	20
2026.07.08	21:00:00	4065.40	4075.65	4063.63	4075.18	6367	0	20
2026.07.08	21:15:00	4075.20	4075.23	4067.51	4069.57	5876	0	20
2026.07.08	21:30:00	4069.59	4079.39	4067.05	4079.39	5113	0	20
2026.07.08	21:45:00	4079.40	4091.46	4078.63	4084.29	5286	0	20
2026.07.08	22:00:00	4084.32	4090.97	4084.32	4087.55	5626	0	20
2026.07.08	22:15:00	4087.54	4088.59	4084.76	4088.21	4667	0	20
2026.07.08	22:30:00	4088.31	4091.26	4083.24	4084.08	4756	0	20
2026.07.08	22:45:00	4084.07	4084.30	4078.20	4079.96	5322	0	20
2026.07.08	23:00:00	4079.90	4083.50	4076.14	4078.96	2929	0	20
2026.07.08	23:15:00	4078.97	4079.65	4074.20	4076.85	2072	0	20
2026.07.08	23:30:00	4076.83	4078.54	4071.49	4074.92	2069	0	20
2026.07.08	23:45:00	4074.92	4079.88	4074.12	4077.43	1698	0	20
2026.07.09	01:00:00	4076.19	4079.85	4072.61	4077.13	1901	0	24
2026.07.09	01:15:00	4077.16	4078.97	4073.52	4074.35	2403	0	21
2026.07.09	01:30:00	4074.34	4079.27	4073.50	4076.31	2563	0	20
2026.07.09	01:45:00	4076.30	4079.79	4076.07	4076.50	1799	0	20
2026.07.09	02:00:00	4076.50	4077.38	4073.78	4076.90	1811	0	20
2026.07.09	02:15:00	4076.94	4077.72	4075.28	4077.52	1571	0	20
2026.07.09	02:30:00	4077.52	4077.52	4073.68	4075.23	2219	0	20
2026.07.09	02:45:00	4075.18	4077.59	4071.88	4076.17	3502	0	20
2026.07.09	03:00:00	4076.16	4087.50	4076.16	4087.44	5460	0	20
2026.07.09	03:15:00	4087.47	4089.75	4073.94	4078.09	4956	0	20
2026.07.09	03:30:00	4078.11	4081.79	4075.45	4077.01	5089	0	20
2026.07.09	03:45:00	4077.00	4079.05	4070.27	4073.97	4551	0	20
2026.07.09	04:00:00	4074.09	4078.80	4065.15	4074.22	7135	0	20
2026.07.09	04:15:00	4074.16	4076.78	4066.67	4066.67	5545	0	20
2026.07.09	04:30:00	4066.89	4075.15	4062.39	4073.37	5795	0	20
2026.07.09	04:45:00	4073.37	4076.09	4068.99	4072.80	5073	0	20
2026.07.09	05:00:00	4072.84	4079.48	4072.09	4078.47	5700	0	20
2026.07.09	05:15:00	4078.47	4082.57	4076.75	4080.39	4423	0	20
2026.07.09	05:30:00	4080.45	4081.69	4069.90	4070.74	5669	0	20
2026.07.09	05:45:00	4070.70	4071.77	4064.37	4064.96	5038	0	20
2026.07.09	06:00:00	4064.91	4067.57	4055.36	4058.90	5846	0	20
2026.07.09	06:15:00	4058.85	4061.09	4054.20	4058.26	4998	0	20
2026.07.09	06:30:00	4058.24	4063.40	4056.44	4061.81	3830	0	20
2026.07.09	06:45:00	4061.91	4064.14	4061.13	4064.08	3207	0	20
2026.07.09	07:00:00	4064.09	4064.50	4058.84	4060.40	2701	0	20
2026.07.09	07:15:00	4060.41	4061.12	4057.23	4058.99	2302	0	20
2026.07.09	07:30:00	4059.00	4064.44	4056.51	4057.80	2505	0	20
2026.07.09	07:45:00	4057.73	4064.60	4056.35	4064.40	2011	0	20
2026.07.09	08:00:00	4064.40	4075.99	4063.69	4073.49	4160	0	20
2026.07.09	08:15:00	4073.44	4073.58	4066.85	4072.19	3454	0	20
2026.07.09	08:30:00	4072.22	4077.24	4064.90	4075.45	4530	0	20
2026.07.09	08:45:00	4075.50	4084.31	4073.91	4081.89	3890	0	20
2026.07.09	09:00:00	4081.90	4099.66	4081.31	4092.09	5065	0	20
2026.07.09	09:15:00	4091.98	4103.25	4091.37	4102.43	4806	0	20
2026.07.09	09:30:00	4102.43	4107.04	4096.01	4102.75	4493	0	20
2026.07.09	09:45:00	4102.81	4108.03	4102.26	4107.95	3189	0	20
2026.07.09	10:00:00	4107.98	4110.32	4101.61	4101.62	3568	0	20
2026.07.09	10:15:00	4101.63	4109.92	4101.62	4109.04	2871	0	20
2026.07.09	10:30:00	4109.04	4110.96	4103.80	4109.11	2728	0	20
2026.07.09	10:45:00	4109.11	4111.05	4104.71	4107.91	2672	0	20
2026.07.09	11:00:00	4108.03	4110.53	4105.29	4108.10	3419	0	20
2026.07.09	11:15:00	4108.12	4117.70	4107.81	4114.84	3619	0	20
2026.07.09	11:30:00	4114.78	4116.63	4110.05	4113.45	2812	0	20
2026.07.09	11:45:00	4113.50	4113.70	4107.81	4108.40	2807	0	20
2026.07.09	12:00:00	4108.36	4109.60	4105.82	4108.70	3103	0	20
2026.07.09	12:15:00	4108.72	4112.46	4107.43	4108.42	2647	0	20
2026.07.09	12:30:00	4108.45	4110.05	4103.20	4103.83	3584	0	20
2026.07.09	12:45:00	4103.65	4107.47	4103.14	4106.34	2297	0	20
2026.07.09	13:00:00	4106.34	4110.12	4104.11	4105.10	2536	0	20
2026.07.09	13:15:00	4105.22	4106.56	4103.98	4104.30	1867	0	20
2026.07.09	13:30:00	4104.29	4105.47	4102.50	4103.46	2082	0	20
2026.07.09	13:45:00	4103.42	4104.50	4093.73	4099.06	3596	0	20
2026.07.09	14:00:00	4099.10	4105.13	4097.86	4104.96	3608	0	20
2026.07.09	14:15:00	4104.97	4107.14	4099.01	4100.35	2826	0	20
2026.07.09	14:30:00	4100.37	4109.33	4098.84	4106.22	3121	0	20
2026.07.09	14:45:00	4106.34	4110.48	4104.59	4108.59	3005	0	20
2026.07.09	15:00:00	4108.64	4120.03	4105.93	4112.54	3738	0	20
2026.07.09	15:15:00	4112.58	4113.39	4105.15	4107.20	4220	0	20
2026.07.09	15:30:00	4107.25	4122.62	4107.03	4113.27	4646	0	20
2026.07.09	15:45:00	4113.25	4114.68	4107.49	4107.66	3816	0	20
2026.07.09	16:00:00	4107.62	4121.03	4106.83	4120.49	5413	0	20
2026.07.09	16:15:00	4120.67	4127.20	4118.57	4126.02	4884	0	20
2026.07.09	16:30:00	4126.27	4129.47	4119.66	4127.34	6325	0	20
2026.07.09	16:45:00	4127.23	4127.62	4117.78	4121.94	6324	0	20
2026.07.09	17:00:00	4121.94	4136.20	4120.46	4122.13	6590	0	20
2026.07.09	17:15:00	4122.15	4125.52	4114.14	4124.79	6495	0	20
2026.07.09	17:30:00	4124.92	4126.77	4120.69	4124.16	4788	0	20
2026.07.09	17:45:00	4124.22	4128.03	4118.09	4127.77	4818	0	20
2026.07.09	18:00:00	4127.80	4130.85	4124.78	4125.04	4079	0	20
2026.07.09	18:15:00	4125.16	4130.61	4124.95	4127.82	4288	0	20
2026.07.09	18:30:00	4127.88	4131.35	4126.30	4130.15	3549	0	20
2026.07.09	18:45:00	4130.24	4132.70	4126.43	4126.83	3757	0	20
2026.07.09	19:00:00	4126.91	4131.40	4125.75	4130.20	3235	0	20
2026.07.09	19:15:00	4130.24	4133.25	4128.81	4132.70	3306	0	20
2026.07.09	19:30:00	4132.52	4137.99	4131.70	4133.16	3461	0	20
2026.07.09	19:45:00	4133.19	4134.29	4128.04	4128.06	2859	0	20
2026.07.09	20:00:00	4128.04	4128.92	4125.70	4127.58	3015	0	20
2026.07.09	20:15:00	4127.61	4131.87	4125.04	4131.55	3884	0	20
2026.07.09	20:30:00	4131.56	4134.34	4129.26	4132.29	3360	0	20
2026.07.09	20:45:00	4132.27	4138.06	4132.01	4136.13	2778	0	20
2026.07.09	21:00:00	4136.07	4136.33	4127.53	4128.78	3281	0	20
2026.07.09	21:15:00	4128.81	4128.86	4123.08	4124.06	3315	0	20
2026.07.09	21:30:00	4124.05	4125.49	4121.52	4125.49	2309	0	20
2026.07.09	21:45:00	4125.44	4125.58	4122.33	4124.45	2638	0	20
2026.07.09	22:00:00	4124.43	4127.04	4123.01	4124.40	3156	0	20
2026.07.09	22:15:00	4124.41	4125.58	4120.64	4120.82	2418	0	20
2026.07.09	22:30:00	4120.84	4122.74	4118.85	4120.16	2687	0	20
2026.07.09	22:45:00	4120.07	4123.44	4119.91	4122.41	3346	0	20
2026.07.09	23:00:00	4122.43	4124.03	4120.71	4121.35	1673	0	20
2026.07.09	23:15:00	4121.34	4122.47	4120.42	4121.13	1014	0	20
2026.07.09	23:30:00	4121.12	4125.56	4120.80	4124.48	751	0	20
2026.07.09	23:45:00	4124.48	4124.50	4123.11	4123.59	669	0	20
2026.07.10	01:00:00	4125.79	4127.26	4122.23	4123.61	1480	0	20
2026.07.10	01:15:00	4123.60	4124.77	4122.42	4123.19	1331	0	20
2026.07.10	01:30:00	4123.20	4124.70	4122.29	4123.61	1285	0	20
2026.07.10	01:45:00	4123.69	4124.15	4121.45	4121.66	1148	0	20
2026.07.10	02:00:00	4121.78	4124.38	4121.22	4123.73	1205	0	20
2026.07.10	02:15:00	4123.74	4125.11	4121.29	4122.15	1144	0	20
2026.07.10	02:30:00	4122.17	4123.02	4120.97	4122.69	950	0	20
2026.07.10	02:45:00	4122.70	4124.42	4121.53	4123.40	1995	0	20
2026.07.10	03:00:00	4123.39	4125.75	4119.80	4122.17	3593	0	20
2026.07.10	03:15:00	4122.26	4123.73	4116.87	4119.59	2760	0	20
2026.07.10	03:30:00	4119.56	4123.98	4114.39	4123.24	3063	0	20
2026.07.10	03:45:00	4123.24	4128.18	4121.25	4126.21	3250	0	20
2026.07.10	04:00:00	4126.22	4130.95	4118.90	4125.12	5070	0	20
2026.07.10	04:15:00	4125.07	4127.26	4120.26	4121.73	4011	0	20
2026.07.10	04:30:00	4121.67	4123.46	4108.87	4111.82	3922	0	20
2026.07.10	04:45:00	4111.81	4121.24	4108.60	4116.69	3765	0	20
2026.07.10	05:00:00	4116.84	4128.73	4116.04	4124.76	3820	0	20
2026.07.10	05:15:00	4124.72	4127.82	4121.85	4125.83	2607	0	20
2026.07.10	05:30:00	4125.83	4128.70	4122.27	4125.64	2841	0	20
2026.07.10	05:45:00	4125.63	4128.93	4123.39	4127.89	3231	0	20
2026.07.10	06:00:00	4127.90	4134.82	4125.86	4126.60	3461	0	20
2026.07.10	06:15:00	4126.60	4128.33	4120.68	4125.26	2768	0	20
2026.07.10	06:30:00	4125.25	4127.77	4121.22	4121.50	2244	0	20
2026.07.10	06:45:00	4121.39	4122.41	4119.39	4120.26	1583	0	20
2026.07.10	07:00:00	4120.29	4121.11	4116.78	4120.99	1866	0	20
2026.07.10	07:15:00	4120.91	4121.13	4112.06	4117.61	2463	0	20
2026.07.10	07:30:00	4117.50	4119.74	4116.77	4119.12	1581	0	20
2026.07.10	07:45:00	4119.12	4119.21	4115.05	4115.28	1875	0	20
2026.07.10	08:00:00	4115.26	4116.53	4113.21	4114.12	1923	0	20
2026.07.10	08:15:00	4114.14	4117.19	4112.91	4114.21	1887	0	20
2026.07.10	08:30:00	4114.17	4115.44	4109.02	4114.08	3940	0	20
2026.07.10	08:45:00	4113.87	4117.16	4108.07	4116.88	3505	0	20
2026.07.10	09:00:00	4116.88	4119.22	4114.62	4114.97	3724	0	20
2026.07.10	09:15:00	4115.04	4120.04	4113.76	4114.45	3746	0	20
2026.07.10	09:30:00	4114.42	4116.16	4111.21	4111.66	3840	0	20
2026.07.10	09:45:00	4111.64	4114.49	4111.14	4111.69	2969	0	20
2026.07.10	10:00:00	4111.66	4113.61	4108.93	4111.54	2553	0	20
2026.07.10	10:15:00	4111.51	4115.37	4108.67	4112.49	2549	0	20
2026.07.10	10:30:00	4112.52	4114.50	4105.42	4106.85	2254	0	20
2026.07.10	10:45:00	4106.90	4109.93	4104.35	4108.97	2682	0	20
2026.07.10	11:00:00	4108.96	4109.54	4103.82	4107.27	3298	0	20
2026.07.10	11:15:00	4107.27	4108.85	4103.49	4104.26	2654	0	20
2026.07.10	11:30:00	4104.26	4105.55	4099.50	4101.75	3689	0	20
2026.07.10	11:45:00	4101.74	4101.80	4094.87	4098.00	2559	0	20
2026.07.10	12:00:00	4097.98	4100.75	4094.49	4100.69	2890	0	20
2026.07.10	12:15:00	4100.68	4103.40	4099.81	4102.58	2694	0	20
2026.07.10	12:30:00	4102.36	4103.99	4098.34	4102.79	2463	0	20
2026.07.10	12:45:00	4102.85	4105.37	4102.27	4104.29	2340	0	20
2026.07.10	13:00:00	4104.28	4108.47	4104.21	4106.40	2054	0	20
2026.07.10	13:15:00	4106.48	4112.64	4106.19	4109.43	2467	0	20
2026.07.10	13:30:00	4109.44	4110.46	4106.20	4109.02	1807	0	20
2026.07.10	13:45:00	4109.04	4109.08	4104.41	4104.61	1862	0	20
2026.07.10	14:00:00	4104.58	4108.13	4104.43	4106.32	1750	0	20
2026.07.10	14:15:00	4106.25	4108.06	4100.14	4100.32	2299	0	20
2026.07.10	14:30:00	4100.19	4107.55	4096.14	4106.75	2335	0	20
2026.07.10	14:45:00	4106.66	4108.06	4102.09	4102.36	2460	0	20
2026.07.10	15:00:00	4102.34	4117.60	4101.03	4114.92	3597	0	20
2026.07.10	15:15:00	4115.06	4116.28	4103.23	4106.07	4204	0	20
2026.07.10	15:30:00	4106.44	4107.03	4097.63	4098.32	4424	0	20
2026.07.10	15:45:00	4098.30	4105.03	4097.99	4100.75	2995	0	20
2026.07.10	16:00:00	4100.76	4106.26	4098.59	4104.25	4667	0	20
2026.07.10	16:15:00	4104.37	4106.63	4085.54	4087.41	4424	0	20
2026.07.10	16:30:00	4087.62	4102.47	4086.92	4098.48	6198	0	20
2026.07.10	16:45:00	4098.53	4105.47	4097.32	4099.97	5700	0	20
2026.07.10	17:00:00	4099.96	4103.58	4097.49	4100.18	5538	0	20
2026.07.10	17:15:00	4100.18	4108.97	4097.52	4105.46	4676	0	20
2026.07.10	17:30:00	4105.65	4107.91	4072.90	4099.29	7149	0	20
2026.07.10	17:45:00	4099.27	4107.66	4091.64	4092.84	5975	0	20
2026.07.10	18:00:00	4093.28	4101.04	4091.37	4097.60	5007	0	20
2026.07.10	18:15:00	4097.68	4107.68	4097.49	4102.35	5224	0	20
2026.07.10	18:30:00	4102.63	4107.01	4101.53	4106.43	5764	0	20
2026.07.10	18:45:00	4106.45	4113.41	4105.87	4112.94	4238	0	20
2026.07.10	19:00:00	4112.96	4114.89	4108.13	4110.24	3750	0	20
2026.07.10	19:15:00	4110.28	4114.47	4107.42	4114.43	3661	0	20
2026.07.10	19:30:00	4114.42	4115.43	4108.88	4108.96	2611	0	20
2026.07.10	19:45:00	4108.95	4109.71	4104.27	4104.41	2660	0	20
2026.07.10	20:00:00	4104.37	4105.59	4102.25	4104.00	3973	0	20
2026.07.10	20:15:00	4103.99	4106.91	4103.85	4105.54	2468	0	20
2026.07.10	20:30:00	4105.53	4106.82	4103.39	4103.83	2632	0	20
2026.07.10	20:45:00	4103.95	4105.17	4100.46	4100.69	2709	0	20
2026.07.10	21:00:00	4100.73	4105.13	4099.97	4104.69	2575	0	20
2026.07.10	21:15:00	4104.71	4105.42	4102.19	4102.95	2663	0	20
2026.07.10	21:30:00	4102.96	4103.76	4098.76	4099.03	2476	0	20
2026.07.10	21:45:00	4099.04	4101.58	4097.97	4101.16	1876	0	20
2026.07.10	22:00:00	4101.12	4102.36	4097.83	4101.60	2038	0	20
2026.07.10	22:15:00	4101.60	4103.27	4101.30	4101.75	1513	0	20
2026.07.10	22:30:00	4101.78	4103.53	4100.53	4102.49	1835	0	20
2026.07.10	22:45:00	4102.51	4108.91	4102.34	4108.34	2384	0	20
2026.07.10	23:00:00	4108.25	4115.11	4108.16	4112.13	1435	0	20
2026.07.10	23:15:00	4112.14	4112.66	4110.61	4111.29	1125	0	20
2026.07.10	23:30:00	4111.28	4112.60	4110.27	4111.75	1041	0	20
2026.07.10	23:45:00	4111.69	4120.90	4111.32	4119.67	1091	0	20
2026.07.13	01:00:00	4092.01	4102.38	4080.19	4080.91	4069	0	51
2026.07.13	01:15:00	4080.83	4087.67	4079.92	4084.04	2522	0	20
2026.07.13	01:30:00	4084.08	4086.62	4078.14	4078.49	2682	0	24
2026.07.13	01:45:00	4078.46	4080.87	4070.01	4076.60	3698	0	20
2026.07.13	02:00:00	4076.63	4076.67	4068.45	4070.19	4073	0	20
2026.07.13	02:15:00	4070.17	4075.12	4068.74	4074.61	2845	0	20
2026.07.13	02:30:00	4074.62	4079.10	4071.63	4077.59	2722	0	20
2026.07.13	02:45:00	4077.61	4084.84	4075.52	4084.42	5601	0	20
2026.07.13	03:00:00	4084.62	4091.08	4080.76	4086.77	5865	0	20
2026.07.13	03:15:00	4086.78	4087.83	4074.28	4074.67	4574	0	20
2026.07.13	03:30:00	4074.66	4075.57	4061.07	4073.23	4700	0	20
2026.07.13	03:45:00	4073.16	4077.37	4068.61	4073.95	4639	0	20
2026.07.13	04:00:00	4074.17	4081.05	4065.37	4079.41	6573	0	20
2026.07.13	04:15:00	4079.40	4081.76	4071.13	4079.77	6028	0	20
2026.07.13	04:30:00	4079.85	4089.81	4077.65	4084.41	5948	0	20
2026.07.13	04:45:00	4084.47	4088.06	4067.60	4072.29	6327	0	20
2026.07.13	05:00:00	4072.75	4075.09	4070.01	4072.16	5720	0	20
2026.07.13	05:15:00	4072.26	4074.36	4066.40	4067.29	4628	0	20
2026.07.13	05:30:00	4067.30	4077.47	4064.64	4072.78	5408	0	20
2026.07.13	05:45:00	4072.77	4073.00	4068.31	4068.63	4546	0	20
2026.07.13	06:00:00	4068.46	4069.39	4053.08	4058.19	5051	0	20
2026.07.13	06:15:00	4058.21	4062.45	4058.13	4061.79	4075	0	20
2026.07.13	06:30:00	4061.83	4062.46	4057.02	4057.94	3384	0	20
2026.07.13	06:45:00	4057.96	4061.07	4057.71	4060.58	2429	0	20
2026.07.13	07:00:00	4060.57	4060.58	4052.32	4054.57	3262	0	20
2026.07.13	07:15:00	4054.52	4057.95	4050.23	4055.36	3238	0	20
2026.07.13	07:30:00	4055.39	4057.70	4053.23	4054.23	2331	0	20
2026.07.13	07:45:00	4054.23	4059.26	4052.69	4058.89	2496	0	20
2026.07.13	08:00:00	4058.88	4073.02	4054.89	4069.47	4625	0	20
2026.07.13	08:15:00	4069.45	4069.52	4057.54	4058.19	3764	0	20
2026.07.13	08:30:00	4057.97	4065.80	4052.27	4063.64	5152	0	20
2026.07.13	08:45:00	4063.60	4064.16	4052.66	4053.64	5093	0	20
2026.07.13	09:00:00	4053.62	4056.15	4043.87	4050.86	5428	0	20
2026.07.13	09:15:00	4050.94	4061.45	4050.79	4061.18	4602	0	20
2026.07.13	09:30:00	4061.24	4063.73	4058.54	4060.06	4523	0	20
2026.07.13	09:45:00	4060.11	4060.51	4052.12	4055.42	3885	0	20
2026.07.13	10:00:00	4055.45	4061.27	4048.95	4055.49	4531	0	20
2026.07.13	10:15:00	4055.40	4059.36	4055.40	4058.91	3278	0	20
2026.07.13	10:30:00	4058.89	4062.96	4056.30	4057.37	3791	0	20
2026.07.13	10:45:00	4057.40	4065.17	4056.08	4064.89	3222	0	20
2026.07.13	11:00:00	4065.03	4074.97	4063.00	4073.83	5421	0	20
2026.07.13	11:15:00	4073.91	4080.72	4073.54	4074.10	4987	0	20
2026.07.13	11:30:00	4074.03	4076.32	4071.86	4075.58	3541	0	20
2026.07.13	11:45:00	4075.60	4078.49	4072.17	4074.55	3711	0	20
2026.07.13	12:00:00	4074.54	4076.15	4072.67	4074.66	2811	0	20
2026.07.13	12:15:00	4074.52	4076.59	4071.35	4072.67	3471	0	20
2026.07.13	12:30:00	4072.65	4073.97	4069.40	4072.65	3377	0	20
2026.07.13	12:45:00	4072.64	4073.53	4068.10	4068.20	3112	0	20
2026.07.13	13:00:00	4068.14	4070.56	4066.72	4067.67	3252	0	20
2026.07.13	13:15:00	4067.65	4069.39	4064.44	4065.13	2688	0	20
2026.07.13	13:30:00	4065.17	4068.24	4046.75	4052.26	3341	0	20
2026.07.13	13:45:00	4051.78	4061.54	4047.96	4060.62	4335	0	20
2026.07.13	14:00:00	4060.63	4068.03	4058.04	4064.16	4357	0	20
2026.07.13	14:15:00	4064.07	4065.17	4058.25	4062.93	2999	0	20
2026.07.13	14:30:00	4062.56	4068.38	4062.02	4065.30	3511	0	20
2026.07.13	14:45:00	4065.48	4065.88	4054.88	4056.39	3680	0	20
2026.07.13	15:00:00	4056.43	4060.36	4053.55	4056.29	4076	0	20
2026.07.13	15:15:00	4056.30	4063.55	4055.20	4058.98	4135	0	20
2026.07.13	15:30:00	4058.96	4064.08	4058.62	4062.88	4517	0	20
2026.07.13	15:45:00	4063.14	4067.41	4062.93	4067.34	4111	0	20
2026.07.13	16:00:00	4067.36	4067.56	4059.29	4061.88	5069	0	20
2026.07.13	16:15:00	4061.89	4065.96	4058.63	4062.16	4570	0	20
2026.07.13	16:30:00	4062.16	4063.94	4051.50	4054.79	6877	0	20
2026.07.13	16:45:00	4054.78	4058.18	4042.00	4043.13	7237	0	20
2026.07.13	17:00:00	4043.23	4046.85	4029.71	4035.95	7061	0	20
2026.07.13	17:15:00	4035.83	4037.26	4002.57	4016.70	8025	0	20
2026.07.13	17:30:00	4016.40	4017.12	4000.12	4005.45	7414	0	20
2026.07.13	17:45:00	4005.50	4015.28	4002.02	4015.27	6787	0	20
2026.07.13	18:00:00	4015.20	4017.64	4010.91	4014.73	5566	0	20
2026.07.13	18:15:00	4014.74	4020.31	4013.10	4016.56	5783	0	20
2026.07.13	18:30:00	4016.78	4017.65	4012.26	4013.45	4616	0	20
2026.07.13	18:45:00	4013.48	4016.08	4010.22	4015.94	4918	0	20
2026.07.13	19:00:00	4015.92	4017.95	4012.58	4014.01	4427	0	20
2026.07.13	19:15:00	4014.01	4014.02	4000.68	4003.82	4860	0	20
2026.07.13	19:30:00	4003.81	4004.78	3990.74	4000.75	7350	0	20
2026.07.13	19:45:00	4000.74	4002.72	3986.42	3993.34	6408	0	20
2026.07.13	20:00:00	3993.66	3998.90	3992.09	3997.51	5406	0	20
2026.07.13	20:15:00	3997.46	4001.83	3996.65	3998.92	4591	0	20
2026.07.13	20:30:00	3998.94	4000.83	3996.21	3997.00	5252	0	20
2026.07.13	20:45:00	3997.09	3999.42	3992.11	3993.15	4950	0	20
2026.07.13	21:00:00	3993.15	3995.06	3989.89	3993.85	5309	0	20
2026.07.13	21:15:00	3993.79	3996.85	3986.77	3995.14	5471	0	20
2026.07.13	21:30:00	3995.31	4000.71	3993.96	4000.04	4712	0	20
2026.07.13	21:45:00	4000.09	4005.12	3998.20	4001.40	4242	0	20
2026.07.13	22:00:00	4001.43	4004.53	3997.82	3998.06	4474	0	20
2026.07.13	22:15:00	3998.09	4000.91	3996.77	3998.36	3791	0	20
2026.07.13	22:30:00	3998.30	4001.11	3993.43	3999.11	4032	0	20
2026.07.13	22:45:00	3999.01	4002.31	3996.98	4001.92	3970	0	20
2026.07.13	23:00:00	4001.96	4006.03	3998.46	3998.67	2532	0	20
2026.07.13	23:15:00	3998.68	4000.26	3996.77	3999.85	1928	0	20
2026.07.13	23:30:00	3999.84	4000.42	3997.33	4000.05	1627	0	21
2026.07.13	23:45:00	3999.97	4002.08	3998.03	4000.96	2036	0	20
2026.07.14	01:00:00	4005.70	4006.77	4001.35	4003.87	1448	0	28
2026.07.14	01:15:00	4003.88	4005.87	4003.88	4004.48	1369	0	24
2026.07.14	01:30:00	4004.46	4005.54	4002.89	4003.87	1818	0	21
2026.07.14	01:45:00	4003.85	4005.22	4000.81	4000.88	2392	0	20
2026.07.14	02:00:00	4000.91	4003.13	3999.62	4000.23	2337	0	24
2026.07.14	02:15:00	4000.24	4000.58	3996.89	3997.43	2303	0	20
2026.07.14	02:30:00	3997.39	3997.41	3993.58	3995.41	2945	0	22
2026.07.14	02:45:00	3995.38	4001.89	3992.50	4000.97	4712	0	20
2026.07.14	03:00:00	4001.01	4004.86	3983.49	3995.52	7092	0	20
2026.07.14	03:15:00	3995.42	3997.09	3985.62	3995.43	6851	0	20
2026.07.14	03:30:00	3995.44	4007.05	3994.35	4002.72	6339	0	20
2026.07.14	03:45:00	4002.79	4007.21	4000.68	4004.27	6211	0	20
2026.07.14	04:00:00	4004.28	4004.58	3992.10	3995.38	7014	0	20
2026.07.14	04:15:00	3995.52	4004.86	3995.18	3997.74	5432	0	20
2026.07.14	04:30:00	3997.79	4004.14	3992.95	4002.17	5629	0	20
2026.07.14	04:45:00	4002.23	4012.17	3998.72	4010.35	5931	0	20
2026.07.14	05:00:00	4010.46	4017.96	4006.03	4016.78	5174	0	20
2026.07.14	05:15:00	4016.81	4019.13	4013.61	4017.87	4518	0	20
2026.07.14	05:30:00	4017.92	4019.05	4010.69	4010.93	3762	0	20
2026.07.14	05:45:00	4010.94	4013.95	4009.11	4012.28	3486	0	20
2026.07.14	06:00:00	4012.29	4016.72	4012.12	4014.19	3548	0	20
2026.07.14	06:15:00	4014.20	4018.81	4011.09	4017.83	3927	0	20
2026.07.14	06:30:00	4017.88	4019.10	4013.89	4015.22	3924	0	20
2026.07.14	06:45:00	4015.25	4018.05	4014.64	4016.98	3419	0	20
2026.07.14	07:00:00	4017.07	4018.88	4013.57	4015.73	3267	0	20
2026.07.14	07:15:00	4015.72	4017.44	4014.02	4015.77	2452	0	20
2026.07.14	07:30:00	4015.72	4023.43	4015.72	4020.63	2872	0	20
2026.07.14	07:45:00	4020.61	4021.73	4015.90	4020.24	2644	0	20
2026.07.14	08:00:00	4020.33	4023.93	4019.55	4023.12	2484	0	20
2026.07.14	08:15:00	4023.19	4024.07	4019.98	4022.67	2273	0	20
2026.07.14	08:30:00	4022.68	4034.06	4022.53	4032.18	4497	0	20
2026.07.14	08:45:00	4032.13	4032.66	4029.16	4031.42	3601	0	20
2026.07.14	09:00:00	4031.46	4033.13	4028.75	4030.87	3858	0	20
2026.07.14	09:15:00	4030.87	4031.05	4023.06	4023.06	3345	0	20
2026.07.14	09:30:00	4023.07	4026.26	4021.75	4025.15	4185	0	20
2026.07.14	09:45:00	4025.16	4026.65	4022.92	4023.90	3437	0	20
2026.07.14	10:00:00	4023.91	4028.95	4020.73	4024.72	4148	0	20
2026.07.14	10:15:00	4024.71	4029.79	4024.42	4026.24	4923	0	20
2026.07.14	10:30:00	4026.15	4029.67	4022.89	4023.59	4036	0	20
2026.07.14	10:45:00	4023.68	4026.12	4020.15	4020.67	4458	0	20
2026.07.14	11:00:00	4021.10	4022.44	4014.44	4017.24	4999	0	20
2026.07.14	11:15:00	4017.25	4023.13	4017.25	4021.72	4078	0	20
2026.07.14	11:30:00	4021.70	4023.88	4018.76	4019.34	3686	0	20
2026.07.14	11:45:00	4019.35	4020.87	4015.92	4015.98	3730	0	20
2026.07.14	12:00:00	4015.99	4024.42	4013.89	4020.64	3294	0	20
2026.07.14	12:15:00	4020.67	4021.84	4015.10	4015.75	3533	0	20
2026.07.14	12:30:00	4015.74	4018.13	4013.67	4017.20	3233	0	20
2026.07.14	12:45:00	4017.16	4023.88	4016.50	4021.75	3319	0	20
2026.07.14	13:00:00	4021.71	4022.24	4016.74	4018.17	2922	0	20
2026.07.14	13:15:00	4018.11	4020.01	4015.66	4017.73	3531	0	20
2026.07.14	13:30:00	4017.74	4020.15	4015.13	4018.99	3494	0	20
2026.07.14	13:45:00	4018.97	4022.90	4017.95	4021.69	2545	0	20
2026.07.14	14:00:00	4021.72	4024.02	4015.35	4022.80	3995	0	20
2026.07.14	14:15:00	4022.81	4028.36	4020.52	4024.78	3711	0	20
2026.07.14	14:30:00	4024.77	4030.26	4024.48	4027.99	3743	0	20
2026.07.14	14:45:00	4028.00	4031.88	4025.74	4031.19	3037	0	20
2026.07.14	15:00:00	4031.10	4035.79	4025.17	4025.91	4123	0	20
2026.07.14	15:15:00	4025.90	4030.87	4023.22	4029.90	3927	0	20
2026.07.14	15:30:00	4029.91	4104.01	4029.91	4092.89	8427	0	20
2026.07.14	15:45:00	4093.08	4095.28	4068.91	4076.15	6962	0	20
2026.07.14	16:00:00	4076.13	4083.38	4070.71	4075.17	7291	0	20
2026.07.14	16:15:00	4074.99	4086.37	4072.13	4081.34	6504	0	20
2026.07.14	16:30:00	4081.79	4088.53	4075.80	4087.45	7362	0	20
2026.07.14	16:45:00	4087.43	4087.43	4074.23	4076.57	6896	0	20
2026.07.14	17:00:00	4076.52	4085.20	4072.64	4082.25	6954	0	20
2026.07.14	17:15:00	4082.25	4085.11	4070.61	4076.89	7457	0	20
2026.07.14	17:30:00	4076.80	4090.45	4073.21	4080.00	7297	0	20
2026.07.14	17:45:00	4079.96	4087.48	4077.58	4085.09	5488	0	20
2026.07.14	18:00:00	4085.10	4100.38	4078.74	4090.16	6756	0	20
2026.07.14	18:15:00	4090.09	4091.07	4082.52	4084.90	5021	0	20
2026.07.14	18:30:00	4084.96	4086.88	4066.83	4074.10	6278	0	20
2026.07.14	18:45:00	4073.96	4076.56	4064.61	4066.09	6222	0	20
2026.07.14	19:00:00	4066.14	4066.84	4057.76	4062.96	5865	0	20
2026.07.14	19:15:00	4062.82	4065.08	4057.79	4059.30	4705	0	20
2026.07.14	19:30:00	4059.31	4062.84	4057.70	4060.82	4542	0	20
2026.07.14	19:45:00	4060.80	4062.11	4057.69	4061.48	3731	0	20
2026.07.14	20:00:00	4061.54	4064.54	4055.43	4056.64	4217	0	20
2026.07.14	20:15:00	4056.59	4064.09	4054.51	4062.87	4139	0	20
2026.07.14	20:30:00	4062.89	4065.11	4059.53	4059.75	3015	0	20
2026.07.14	20:45:00	4059.76	4063.83	4058.33	4062.84	2730	0	20
2026.07.14	21:00:00	4062.71	4062.85	4059.68	4061.68	2955	0	20
2026.07.14	21:15:00	4061.47	4063.15	4056.62	4058.54	2843	0	20
2026.07.14	21:30:00	4058.50	4059.54	4042.90	4046.58	4042	0	20
2026.07.14	21:45:00	4046.68	4054.65	4044.85	4054.11	3484	0	20
2026.07.14	22:00:00	4054.15	4057.24	4052.23	4056.51	3662	0	20
2026.07.14	22:15:00	4056.52	4056.88	4051.33	4051.62	2256	0	20
2026.07.14	22:30:00	4051.63	4052.88	4047.66	4052.57	3143	0	20
2026.07.14	22:45:00	4052.54	4056.88	4051.65	4055.68	3558	0	20
2026.07.14	23:00:00	4055.73	4056.51	4053.71	4053.71	1769	0	20
2026.07.14	23:15:00	4053.69	4054.47	4052.23	4052.97	1183	0	20
2026.07.14	23:30:00	4053.00	4053.46	4049.58	4050.42	1123	0	20
2026.07.14	23:45:00	4050.39	4053.02	4049.16	4052.73	1315	0	20
2026.07.15	01:00:00	4053.55	4054.46	4048.89	4050.66	1500	0	25
2026.07.15	01:15:00	4050.71	4052.02	4049.10	4051.65	2187	0	21
2026.07.15	01:30:00	4051.69	4052.73	4048.93	4050.50	2003	0	20
2026.07.15	01:45:00	4050.49	4050.74	4048.49	4048.89	1387	0	21
2026.07.15	02:00:00	4048.90	4050.12	4046.96	4047.57	1898	0	21
2026.07.15	02:15:00	4047.57	4053.91	4046.70	4053.89	2429	0	21
2026.07.15	02:30:00	4053.82	4056.13	4051.40	4054.66	3133	0	20
2026.07.15	02:45:00	4054.64	4054.89	4051.96	4053.01	3264	0	20
2026.07.15	03:00:00	4052.97	4056.17	4050.96	4051.15	5555	0	20
2026.07.15	03:15:00	4051.15	4058.19	4050.95	4058.17	4525	0	20
2026.07.15	03:30:00	4058.25	4058.44	4052.20	4054.64	3269	0	20
2026.07.15	03:45:00	4054.64	4060.58	4054.18	4058.99	3675	0	20
2026.07.15	04:00:00	4059.01	4062.08	4055.02	4055.79	5693	0	20
2026.07.15	04:15:00	4055.74	4057.39	4052.72	4054.42	5063	0	20
2026.07.15	04:30:00	4054.41	4054.69	4036.60	4038.85	5833	0	20
2026.07.15	04:45:00	4039.03	4042.61	4035.46	4037.41	5035	0	20
2026.07.15	05:00:00	4037.37	4042.23	4034.19	4036.79	4723	0	20
2026.07.15	05:15:00	4036.79	4037.03	4029.11	4032.93	3939	0	20
2026.07.15	05:30:00	4032.85	4041.89	4032.63	4041.63	3925	0	20
2026.07.15	05:45:00	4041.61	4041.88	4034.40	4035.21	3588	0	20
2026.07.15	06:00:00	4035.18	4040.39	4032.84	4033.97	3982	0	20
2026.07.15	06:15:00	4034.00	4035.25	4030.15	4031.06	4071	0	20
2026.07.15	06:30:00	4031.07	4035.69	4028.07	4029.35	2859	0	20
2026.07.15	06:45:00	4029.25	4033.49	4029.25	4031.29	2242	0	20
2026.07.15	07:00:00	4031.28	4033.26	4030.00	4031.59	2177	0	20
2026.07.15	07:15:00	4031.56	4035.02	4031.00	4033.57	2258	0	20
2026.07.15	07:30:00	4033.56	4035.14	4028.13	4030.13	2307	0	20
2026.07.15	07:45:00	4030.20	4034.25	4030.20	4033.17	1388	0	20
2026.07.15	08:00:00	4033.24	4036.09	4025.06	4026.11	3693	0	20
2026.07.15	08:15:00	4026.05	4028.50	4024.77	4025.08	2532	0	20
2026.07.15	08:30:00	4025.07	4036.74	4022.02	4029.63	4496	0	20
2026.07.15	08:45:00	4029.65	4034.77	4027.34	4034.77	3639	0	20
2026.07.15	09:00:00	4034.63	4035.44	4027.19	4027.63	3492	0	20
2026.07.15	09:15:00	4027.64	4028.54	4021.23	4026.42	4267	0	20
2026.07.15	09:30:00	4026.48	4033.14	4022.75	4032.55	3537	0	20
2026.07.15	09:45:00	4032.53	4033.74	4029.68	4032.08	4298	0	20
2026.07.15	10:00:00	4032.12	4034.29	4028.04	4029.27	4661	0	20
2026.07.15	10:15:00	4029.29	4029.88	4020.01	4024.03	4310	0	20
2026.07.15	10:30:00	4023.98	4027.02	4019.70	4022.81	3923	0	20
2026.07.15	10:45:00	4022.78	4026.79	4021.30	4024.45	3233	0	20
2026.07.15	11:00:00	4024.67	4025.97	4017.36	4017.96	4271	0	20
2026.07.15	11:15:00	4017.95	4026.74	4017.93	4026.69	4328	0	20
2026.07.15	11:30:00	4026.69	4029.23	4024.48	4028.47	3721	0	20
2026.07.15	11:45:00	4028.47	4033.16	4027.63	4031.13	2979	0	20
2026.07.15	12:00:00	4031.17	4034.32	4029.53	4030.30	3542	0	20
2026.07.15	12:15:00	4030.36	4032.86	4026.99	4027.39	2671	0	20
2026.07.15	12:30:00	4027.40	4029.67	4025.43	4027.22	2850	0	20
2026.07.15	12:45:00	4027.24	4030.34	4026.17	4030.19	2466	0	20
2026.07.15	13:00:00	4030.19	4035.99	4028.61	4033.64	3204	0	20
2026.07.15	13:15:00	4033.63	4035.50	4026.57	4028.79	4160	0	20
2026.07.15	13:30:00	4028.80	4034.05	4028.36	4031.14	3867	0	20
2026.07.15	13:45:00	4031.11	4031.23	4026.99	4028.11	3435	0	20
2026.07.15	14:00:00	4028.00	4032.92	4027.77	4030.24	3566	0	20
2026.07.15	14:15:00	4030.27	4031.30	4027.58	4030.72	3818	0	21
2026.07.15	14:30:00	4030.69	4039.36	4029.26	4037.45	3540	0	20
2026.07.15	14:45:00	4037.52	4040.18	4035.57	4038.33	3955	0	20
2026.07.15	15:00:00	4038.35	4042.48	4035.85	4037.88	4491	0	20
2026.07.15	15:15:00	4038.01	4040.80	4037.50	4039.39	5452	0	20
2026.07.15	15:30:00	4039.23	4066.14	4039.23	4063.07	7123	0	20
2026.07.15	15:45:00	4063.01	4071.47	4060.97	4067.75	5880	0	20
2026.07.15	16:00:00	4068.21	4074.10	4061.80	4061.80	6737	0	20
2026.07.15	16:15:00	4061.64	4066.56	4054.25	4055.85	5255	0	20
2026.07.15	16:30:00	4055.84	4063.08	4055.46	4061.15	6588	0	20
2026.07.15	16:45:00	4061.12	4066.23	4055.01	4061.52	6766	0	20
2026.07.15	17:00:00	4061.82	4065.65	4059.87	4064.27	6482	0	20
2026.07.15	17:15:00	4064.27	4066.01	4055.50	4058.34	5939	0	20
2026.07.15	17:30:00	4058.44	4063.97	4056.87	4057.24	6609	0	20
2026.07.15	17:45:00	4057.19	4060.93	4053.21	4060.31	5891	0	20
2026.07.15	18:00:00	4060.55	4063.02	4043.19	4044.11	6107	0	20
2026.07.15	18:15:00	4044.04	4049.82	4039.62	4049.05	7009	0	20
2026.07.15	18:30:00	4049.04	4050.47	4044.82	4049.55	6221	0	20
2026.07.15	18:45:00	4049.55	4050.81	4046.28	4046.85	4394	0	20
2026.07.15	19:00:00	4046.80	4047.82	4037.32	4038.32	6013	0	20
2026.07.15	19:15:00	4038.19	4040.86	4032.89	4034.76	6721	0	20
2026.07.15	19:30:00	4034.74	4036.98	4026.74	4028.68	6875	0	20
2026.07.15	19:45:00	4028.63	4037.99	4027.65	4033.68	6120	0	20
2026.07.15	20:00:00	4033.78	4039.15	4032.92	4035.80	4723	0	20
2026.07.15	20:15:00	4035.77	4048.13	4033.08	4047.46	4117	0	20
2026.07.15	20:30:00	4047.42	4062.97	4047.15	4062.18	5874	0	20
2026.07.15	20:45:00	4062.17	4066.11	4060.22	4062.20	5679	0	20
2026.07.15	21:00:00	4062.24	4070.36	4061.74	4067.84	5657	0	20
2026.07.15	21:15:00	4067.85	4075.27	4066.65	4074.15	5649	0	20
2026.07.15	21:30:00	4074.22	4081.14	4067.60	4067.60	5332	0	20
2026.07.15	21:45:00	4067.60	4068.49	4057.98	4059.08	5599	0	20
2026.07.15	22:00:00	4059.11	4062.81	4057.20	4060.94	5110	0	20
2026.07.15	22:15:00	4060.90	4061.36	4052.89	4056.05	4693	0	20
2026.07.15	22:30:00	4056.13	4057.50	4047.82	4051.09	6075	0	20
2026.07.15	22:45:00	4051.11	4057.12	4050.62	4056.99	4219	0	20
2026.07.15	23:00:00	4056.96	4058.30	4055.06	4057.44	1888	0	20
2026.07.15	23:15:00	4057.46	4062.08	4057.27	4061.21	1270	0	20
2026.07.15	23:30:00	4061.22	4063.03	4060.25	4061.72	1373	0	23
2026.07.15	23:45:00	4061.63	4062.97	4059.80	4060.40	1386	0	24
2026.07.16	01:00:00	4064.99	4066.49	4060.77	4063.53	1672	0	20
2026.07.16	01:15:00	4063.49	4064.17	4061.37	4062.18	1878	0	20
2026.07.16	01:30:00	4062.20	4062.35	4059.06	4060.00	1782	0	20
2026.07.16	01:45:00	4059.98	4061.37	4058.17	4059.61	1876	0	20
2026.07.16	02:00:00	4059.54	4062.08	4058.84	4060.30	2189	0	20
2026.07.16	02:15:00	4060.29	4060.39	4056.95	4057.74	2047	0	20
2026.07.16	02:30:00	4057.77	4059.42	4055.59	4057.76	2231	0	21
2026.07.16	02:45:00	4057.74	4060.82	4056.10	4057.88	3965	0	20
2026.07.16	03:00:00	4058.03	4059.45	4054.79	4056.30	5462	0	20
2026.07.16	03:15:00	4056.32	4060.29	4054.89	4058.28	4835	0	20
2026.07.16	03:30:00	4058.29	4061.20	4054.13	4055.09	4748	0	20
2026.07.16	03:45:00	4055.03	4060.98	4043.61	4044.54	5300	0	20
2026.07.16	04:00:00	4044.53	4050.44	4040.97	4045.14	7540	0	20
2026.07.16	04:15:00	4045.15	4045.29	4033.78	4036.77	7140	0	20
2026.07.16	04:30:00	4036.75	4045.97	4036.54	4042.05	6931	0	20
2026.07.16	04:45:00	4042.01	4043.93	4037.17	4039.03	6734	0	20
2026.07.16	05:00:00	4039.04	4040.13	4031.27	4032.58	5979	0	20
2026.07.16	05:15:00	4032.52	4034.84	4028.81	4034.48	4882	0	20
2026.07.16	05:30:00	4034.41	4035.79	4024.06	4027.68	6297	0	20
2026.07.16	05:45:00	4027.64	4032.61	4024.69	4031.44	5783	0	20
2026.07.16	06:00:00	4031.34	4033.11	4029.19	4029.70	5373	0	20
2026.07.16	06:15:00	4029.71	4033.99	4027.62	4033.93	5273	0	21
2026.07.16	06:30:00	4033.85	4036.23	4032.27	4035.38	4372	0	20
2026.07.16	06:45:00	4035.35	4036.79	4034.04	4036.20	3577	0	20
2026.07.16	07:00:00	4036.19	4037.85	4031.89	4036.88	3273	0	20
2026.07.16	07:15:00	4036.84	4036.89	4031.85	4033.81	3087	0	20
2026.07.16	07:30:00	4033.80	4035.31	4031.92	4032.59	2727	0	20
2026.07.16	07:45:00	4032.56	4035.28	4032.24	4033.09	2837	0	20
2026.07.16	08:00:00	4033.10	4034.01	4029.31	4030.76	3655	0	20
2026.07.16	08:15:00	4030.85	4032.95	4026.70	4027.74	3569	0	20
2026.07.16	08:30:00	4027.74	4033.05	4025.25	4032.40	5968	0	20
2026.07.16	08:45:00	4032.37	4032.91	4025.45	4027.18	5628	0	20
2026.07.16	09:00:00	4027.27	4036.46	4027.02	4032.14	5904	0	20
2026.07.16	09:15:00	4032.13	4032.86	4027.87	4030.39	4997	0	20
2026.07.16	09:30:00	4030.34	4030.68	4022.91	4026.91	5386	0	20
2026.07.16	09:45:00	4026.93	4031.48	4026.31	4030.57	4448	0	20
2026.07.16	10:00:00	4030.65	4030.68	4025.62	4026.24	4821	0	20
2026.07.16	10:15:00	4026.23	4026.86	4023.67	4024.41	5007	0	20
2026.07.16	10:30:00	4024.40	4028.32	4022.95	4026.14	4170	0	20
2026.07.16	10:45:00	4026.15	4031.88	4025.95	4030.67	4251	0	20
2026.07.16	11:00:00	4030.57	4034.16	4025.37	4025.76	4912	0	20
2026.07.16	11:15:00	4025.74	4033.70	4025.18	4032.32	4477	0	20
2026.07.16	11:30:00	4032.28	4035.67	4032.06	4033.60	3867	0	20
2026.07.16	11:45:00	4033.67	4036.66	4033.13	4035.24	3850	0	20
2026.07.16	12:00:00	4035.31	4037.39	4035.28	4036.83	3568	0	20
2026.07.16	12:15:00	4036.82	4037.74	4030.90	4033.03	3634	0	20
2026.07.16	12:30:00	4033.02	4034.94	4030.42	4034.32	3914	0	20
2026.07.16	12:45:00	4034.30	4036.30	4031.60	4031.70	2857	0	20
2026.07.16	13:00:00	4031.63	4032.69	4029.61	4031.68	2969	0	20
2026.07.16	13:15:00	4031.71	4034.66	4031.55	4033.33	3207	0	20
2026.07.16	13:30:00	4033.34	4034.55	4031.55	4033.02	3322	0	20
2026.07.16	13:45:00	4033.01	4033.19	4028.56	4029.46	3760	0	20
2026.07.16	14:00:00	4029.39	4030.15	4026.34	4027.96	3870	0	20
2026.07.16	14:15:00	4027.96	4027.96	4021.23	4024.33	3652	0	20
2026.07.16	14:30:00	4024.27	4036.07	4023.47	4034.95	4216	0	20
2026.07.16	14:45:00	4034.96	4042.32	4027.78	4038.41	5679	0	20
2026.07.16	15:00:00	4038.42	4043.32	4027.48	4031.79	5426	0	20
2026.07.16	15:15:00	4031.80	4032.18	4012.73	4025.17	6074	0	20
2026.07.16	15:30:00	4025.20	4029.59	4000.66	4002.72	7156	0	20
2026.07.16	15:45:00	4002.60	4008.94	3990.26	3992.25	7266	0	20
2026.07.16	16:00:00	3991.98	3996.78	3973.69	3992.11	8067	0	20
2026.07.16	16:15:00	3992.20	4006.15	3991.18	4005.44	6600	0	20
2026.07.16	16:30:00	4005.57	4008.33	3981.68	3986.36	8321	0	20
2026.07.16	16:45:00	3986.05	3997.07	3986.05	3990.10	7955	0	20
2026.07.16	17:00:00	3990.11	3997.31	3987.09	3989.07	7574	0	20
2026.07.16	17:15:00	3989.09	4000.65	3987.57	3999.28	7424	0	20
2026.07.16	17:30:00	3999.31	4004.80	3995.49	4004.68	6602	0	20
2026.07.16	17:45:00	4004.93	4006.72	3992.43	3997.86	6970	0	20
2026.07.16	18:00:00	3997.88	3998.66	3989.29	3992.76	6828	0	20
2026.07.16	18:15:00	3992.77	4016.79	3992.62	4011.29	6926	0	20
2026.07.16	18:30:00	4011.29	4016.26	4007.49	4010.39	6462	0	20
2026.07.16	18:45:00	4010.40	4013.12	4005.47	4006.96	6193	0	20
2026.07.16	19:00:00	4007.01	4007.60	3989.74	3989.74	5876	0	20
2026.07.16	19:15:00	3989.54	3991.67	3982.41	3987.40	7342	0	20
2026.07.16	19:30:00	3987.41	3992.44	3986.87	3991.88	5585	0	20
2026.07.16	19:45:00	3991.83	3996.97	3989.28	3991.99	5492	0	20
2026.07.16	20:00:00	3992.16	3992.91	3984.45	3985.76	5436	0	20
2026.07.16	20:15:00	3985.81	3988.72	3982.71	3987.70	5727	0	20
2026.07.16	20:30:00	3987.67	3988.73	3980.04	3981.57	5618	0	20
2026.07.16	20:45:00	3981.59	3987.64	3980.99	3984.60	4724	0	20
2026.07.16	21:00:00	3984.75	3989.33	3983.60	3985.28	5309	0	20
2026.07.16	21:15:00	3985.22	3990.41	3984.36	3986.49	4677	0	20
2026.07.16	21:30:00	3986.22	3986.34	3976.46	3983.00	5510	0	20
2026.07.16	21:45:00	3982.99	3984.79	3979.48	3980.32	4340	0	20
2026.07.16	22:00:00	3980.33	3986.13	3979.02	3980.50	4559	0	20
2026.07.16	22:15:00	3980.51	3984.03	3978.62	3978.96	3777	0	20
2026.07.16	22:30:00	3978.92	3979.57	3969.21	3975.71	5205	0	20
2026.07.16	22:45:00	3975.69	3982.47	3972.98	3979.88	5227	0	20
2026.07.16	23:00:00	3979.97	3980.00	3974.31	3974.90	2236	0	20
2026.07.16	23:15:00	3974.92	3975.24	3971.78	3974.80	1524	0	20
2026.07.16	23:30:00	3974.80	3976.26	3973.41	3974.42	1739	0	20
2026.07.16	23:45:00	3974.43	3976.62	3974.07	3976.39	1797	0	20
2026.07.17	01:00:00	3978.01	3980.35	3975.91	3976.26	1796	0	22
2026.07.17	01:15:00	3976.27	3977.56	3974.71	3976.47	1879	0	21
2026.07.17	01:30:00	3976.46	3976.90	3973.45	3973.47	1906	0	20
2026.07.17	01:45:00	3973.54	3978.35	3973.20	3978.22	2006	0	20
2026.07.17	02:00:00	3978.21	3980.26	3975.18	3980.05	2433	0	20
2026.07.17	02:15:00	3980.06	3980.55	3977.64	3978.44	2218	0	21
2026.07.17	02:30:00	3978.43	3981.86	3975.50	3981.44	2450	0	20
2026.07.17	02:45:00	3981.43	3986.38	3976.55	3985.88	5238	0	21
2026.07.17	03:00:00	3985.86	3987.33	3983.00	3983.74	6163	0	20
2026.07.17	03:15:00	3983.73	3990.89	3983.64	3984.71	6162	0	20
2026.07.17	03:30:00	3984.70	3985.01	3980.41	3982.02	4444	0	20
2026.07.17	03:45:00	3982.00	3991.97	3981.59	3991.97	5436	0	20
2026.07.17	04:00:00	3991.98	3994.96	3987.24	3992.13	7507	0	20
2026.07.17	04:15:00	3992.14	3996.01	3987.84	3991.01	6801	0	20
2026.07.17	04:30:00	3990.99	3995.37	3988.84	3991.38	7297	0	20
2026.07.17	04:45:00	3991.29	3992.58	3979.13	3983.20	7005	0	20
2026.07.17	05:00:00	3983.32	3987.29	3979.67	3980.90	6572	0	21
2026.07.17	05:15:00	3980.91	3984.33	3980.38	3982.96	4959	0	20
2026.07.17	05:30:00	3982.99	3984.09	3970.74	3974.88	6883	0	21
2026.07.17	05:45:00	3974.85	3980.14	3974.28	3979.09	6698	0	20
2026.07.17	06:00:00	3978.86	3992.62	3978.68	3988.71	6650	0	20
2026.07.17	06:15:00	3988.74	4008.81	3988.53	4001.13	6639	0	20
2026.07.17	06:30:00	4001.01	4001.52	3995.91	3997.44	4637	0	20
2026.07.17	06:45:00	3997.45	3998.61	3990.55	3991.29	4580	0	20
2026.07.17	07:00:00	3991.26	3991.62	3987.18	3988.69	4694	0	20
2026.07.17	07:15:00	3988.72	3990.11	3985.11	3986.22	4336	0	20
2026.07.17	07:30:00	3986.21	3988.19	3980.11	3981.93	4774	0	20
2026.07.17	07:45:00	3981.98	3984.57	3980.23	3981.64	3772	0	20
2026.07.17	08:00:00	3981.51	3982.68	3977.00	3979.60	4798	0	20
2026.07.17	08:15:00	3979.59	3981.65	3975.00	3979.76	5034	0	20
2026.07.17	08:30:00	3979.71	3990.46	3978.32	3986.74	7088	0	20
2026.07.17	08:45:00	3986.75	3991.39	3981.75	3984.93	6291	0	20
2026.07.17	09:00:00	3984.95	4000.87	3984.95	3999.67	6858	0	20
2026.07.17	09:15:00	3999.64	4006.01	3997.85	4003.78	6159	0	20
2026.07.17	09:30:00	4003.86	4007.10	3995.61	3996.14	5940	0	20
2026.07.17	09:45:00	3996.17	4001.48	3995.93	3999.28	5655	0	20
2026.07.17	10:00:00	3999.27	4002.48	3993.27	3996.45	6071	0	20
2026.07.17	10:15:00	3996.40	3999.24	3993.97	3996.30	5536	0	20
2026.07.17	10:30:00	3996.27	3998.65	3994.03	3998.62	5305	0	20
2026.07.17	10:45:00	3998.48	3998.70	3992.60	3992.63	5291	0	20
2026.07.17	11:00:00	3992.54	3999.80	3991.38	3993.15	6435	0	20
2026.07.17	11:15:00	3993.14	3995.16	3988.14	3992.32	6508	0	20
2026.07.17	11:30:00	3992.34	3993.39	3987.79	3993.32	5686	0	20
2026.07.17	11:45:00	3993.34	3999.47	3991.59	3994.13	4931	0	20
2026.07.17	12:00:00	3994.06	3998.54	3992.75	3997.87	5829	0	20
2026.07.17	12:15:00	3997.91	4002.37	3995.61	3999.04	5283	0	20
2026.07.17	12:30:00	3999.11	3999.66	3995.24	3995.65	4773	0	20
2026.07.17	12:45:00	3995.81	3998.63	3994.68	3998.03	3429	0	20
2026.07.17	13:00:00	3998.02	3998.64	3994.76	3997.20	5483	0	20
2026.07.17	13:15:00	3997.20	3999.00	3994.41	3996.02	5005	0	20
2026.07.17	13:30:00	3996.03	3997.49	3993.91	3996.36	4106	0	20
2026.07.17	13:45:00	3996.37	3997.31	3990.49	3990.71	4555	0	20
2026.07.17	14:00:00	3990.81	3994.30	3990.22	3991.71	4665	0	20
2026.07.17	14:15:00	3991.68	3996.09	3989.93	3995.70	4847	0	20
2026.07.17	14:30:00	3995.82	3996.53	3991.38	3992.02	3504	0	20
2026.07.17	14:45:00	3992.00	3998.73	3991.38	3993.99	4228	0	20
2026.07.17	15:00:00	3994.03	3995.47	3988.27	3989.82	5406	0	20
2026.07.17	15:15:00	3989.77	3992.29	3984.23	3987.17	5053	0	20
2026.07.17	15:30:00	3987.22	3988.26	3965.38	3969.63	5914	0	20
2026.07.17	15:45:00	3969.62	3973.17	3963.99	3966.10	6353	0	20
2026.07.17	16:00:00	3966.20	3975.84	3959.53	3970.14	7218	0	20
2026.07.17	16:15:00	3969.80	3975.06	3967.10	3968.27	7300	0	20
2026.07.17	16:30:00	3968.19	4003.62	3963.63	3985.06	8566	0	20
2026.07.17	16:45:00	3985.03	3997.62	3981.13	3997.21	8158	0	20
2026.07.17	17:00:00	3997.07	4000.67	3990.23	3994.62	8265	0	20
2026.07.17	17:15:00	3995.22	4004.42	3993.66	3998.54	8096	0	20
2026.07.17	17:30:00	3998.51	3999.71	3992.13	3997.70	7520	0	20
2026.07.17	17:45:00	3997.65	4001.30	3992.77	4001.09	7339	0	20
2026.07.17	18:00:00	4001.11	4014.09	3997.78	4005.90	7664	0	20
2026.07.17	18:15:00	4005.89	4013.37	4004.51	4013.37	7283	0	20
2026.07.17	18:30:00	4013.40	4016.13	4009.23	4015.38	7053	0	20
2026.07.17	18:45:00	4015.32	4021.01	4013.66	4019.03	5830	0	20
2026.07.17	19:00:00	4019.22	4020.37	4011.01	4017.97	6581	0	20
2026.07.17	19:15:00	4017.89	4023.87	4016.72	4018.61	5332	0	20
2026.07.17	19:30:00	4018.61	4019.31	4012.74	4017.42	4301	0	20
2026.07.17	19:45:00	4017.43	4020.55	4014.62	4014.94	3784	0	20
2026.07.17	20:00:00	4015.29	4019.15	4013.28	4013.34	3689	0	20
2026.07.17	20:15:00	4013.29	4015.94	4012.48	4013.79	3913	0	20
2026.07.17	20:30:00	4013.82	4014.47	4009.77	4010.94	4280	0	20
2026.07.17	20:45:00	4010.94	4013.28	4008.30	4009.92	4436	0	20
2026.07.17	21:00:00	4010.01	4012.87	4007.69	4010.41	4080	0	20
2026.07.17	21:15:00	4010.41	4016.06	4008.96	4015.39	4767	0	20
2026.07.17	21:30:00	4015.38	4016.17	4007.15	4008.06	3596	0	20
2026.07.17	21:45:00	4008.09	4012.25	4006.55	4011.22	2858	0	20
2026.07.17	22:00:00	4011.21	4011.40	4004.32	4005.84	3275	0	20
2026.07.17	22:15:00	4005.81	4006.64	4002.28	4005.33	3842	0	20
2026.07.17	22:30:00	4005.51	4010.13	4004.92	4009.91	4303	0	20
2026.07.17	22:45:00	4009.91	4016.41	4009.27	4015.31	4544	0	20
2026.07.17	23:00:00	4015.35	4015.83	4011.98	4012.07	2527	0	20
2026.07.17	23:15:00	4012.06	4012.49	4008.87	4010.83	1298	0	20
2026.07.17	23:30:00	4010.73	4013.51	4008.40	4012.96	923	0	20
2026.07.17	23:45:00	4012.96	4018.49	4012.90	4017.23	1674	0	20
2026.07.20	01:00:00	3999.19	4006.50	3994.09	3996.30	2631	0	20
2026.07.20	01:15:00	3996.30	4000.06	3994.46	3994.66	2148	0	20
2026.07.20	01:30:00	3994.56	3999.25	3993.40	3996.78	3189	0	23
2026.07.20	01:45:00	3996.75	3998.39	3994.65	3994.78	2434	0	22
2026.07.20	02:00:00	3994.85	3995.54	3990.71	3991.04	3052	0	21
2026.07.20	02:15:00	3991.06	3993.91	3990.48	3993.08	2230	0	26
2026.07.20	02:30:00	3993.11	3994.47	3989.97	3992.33	2599	0	25
2026.07.20	02:45:00	3992.39	3996.12	3989.33	3995.37	5167	0	21
2026.07.20	03:00:00	3995.33	3998.80	3982.62	3996.08	5776	0	20
2026.07.20	03:15:00	3995.99	4005.60	3993.58	4003.73	5842	0	20
2026.07.20	03:30:00	4003.74	4007.17	3998.29	3998.60	5689	0	20
2026.07.20	03:45:00	3998.61	4010.07	3998.46	4008.52	5398	0	20
2026.07.20	04:00:00	4008.59	4020.81	4005.66	4010.04	7350	0	20
2026.07.20	04:15:00	4010.03	4010.26	3999.76	4003.02	6579	0	20
2026.07.20	04:30:00	4003.04	4005.71	3995.71	3996.91	6489	0	20
2026.07.20	04:45:00	3997.00	4004.32	3996.89	4002.15	6348	0	20
2026.07.20	05:00:00	4002.07	4009.91	4001.26	4006.28	7190	0	20
2026.07.20	05:15:00	4006.27	4008.73	4003.98	4006.72	5617	0	23
2026.07.20	05:30:00	4006.74	4016.20	4005.97	4014.79	6776	0	20
2026.07.20	05:45:00	4014.87	4028.61	4013.89	4021.92	6412	0	20
2026.07.20	06:00:00	4021.91	4024.49	4018.60	4024.19	5599	0	20
2026.07.20	06:15:00	4024.19	4026.68	4021.59	4022.17	5445	0	20
2026.07.20	06:30:00	4022.29	4027.95	4018.72	4027.23	3897	0	20
2026.07.20	06:45:00	4027.21	4027.79	4022.79	4023.98	3534	0	20
2026.07.20	07:00:00	4024.00	4026.72	4021.44	4021.54	3091	0	20
2026.07.20	07:15:00	4021.57	4025.39	4021.41	4025.27	3203	0	20
2026.07.20	07:30:00	4025.29	4025.33	4022.21	4023.01	3263	0	20
2026.07.20	07:45:00	4022.99	4023.00	4018.45	4018.79	3340	0	20
2026.07.20	08:00:00	4018.78	4021.01	4011.69	4013.67	4158	0	20
2026.07.20	08:15:00	4013.73	4014.73	4009.82	4010.84	3937	0	20
2026.07.20	08:30:00	4010.82	4014.41	4007.82	4009.82	5680	0	21
2026.07.20	08:45:00	4009.87	4010.69	4005.33	4008.70	5238	0	20
2026.07.20	09:00:00	4008.69	4011.68	4006.81	4007.45	4434	0	20
2026.07.20	09:15:00	4007.40	4009.52	4003.99	4004.81	4803	0	20
2026.07.20	09:30:00	4004.85	4006.56	4002.97	4004.85	4748	0	20
2026.07.20	09:45:00	4004.84	4007.52	4003.19	4003.80	3792	0	20
2026.07.20	10:00:00	4003.81	4006.83	4002.01	4004.24	4465	0	20
2026.07.20	10:15:00	4004.23	4008.64	4002.20	4006.71	3977	0	20
2026.07.20	10:30:00	4006.60	4021.07	4006.58	4021.07	5862	0	20
2026.07.20	10:45:00	4021.24	4021.86	4015.75	4017.26	4476	0	20
2026.07.20	11:00:00	4017.09	4025.54	4017.09	4024.08	4781	0	20
2026.07.20	11:15:00	4024.09	4030.72	4021.87	4021.99	5244	0	20
2026.07.20	11:30:00	4022.00	4024.78	4018.81	4021.77	3580	0	20
2026.07.20	11:45:00	4021.77	4022.77	4017.42	4018.92	3580	0	20
2026.07.20	12:00:00	4018.91	4020.91	4015.10	4019.28	3366	0	20
2026.07.20	12:15:00	4019.27	4021.98	4015.49	4016.37	3327	0	20
2026.07.20	12:30:00	4016.34	4020.91	4014.80	4019.12	2923	0	20
2026.07.20	12:45:00	4019.05	4023.27	4017.51	4021.12	3283	0	20
2026.07.20	13:00:00	4021.13	4021.71	4018.15	4020.78	2344	0	20
2026.07.20	13:15:00	4020.80	4023.21	4018.80	4021.78	2619	0	20
2026.07.20	13:30:00	4021.77	4024.22	4021.11	4022.14	2655	0	20
2026.07.20	13:45:00	4022.12	4025.57	4020.91	4024.06	2762	0	20
2026.07.20	14:00:00	4024.10	4027.17	4019.74	4022.05	4256	0	20
2026.07.20	14:15:00	4022.08	4023.88	4019.87	4022.14	3051	0	20
2026.07.20	14:30:00	4022.15	4040.64	4021.46	4032.55	6786	0	20
2026.07.20	14:45:00	4032.49	4032.49	4025.01	4025.27	4482	0	20
2026.07.20	15:00:00	4025.27	4025.27	4011.40	4012.69	6046	0	20
2026.07.20	15:15:00	4012.40	4014.78	4006.84	4012.88	4786	0	20
2026.07.20	15:30:00	4012.89	4014.73	4006.50	4009.95	4928	0	20
2026.07.20	15:45:00	4009.96	4015.69	4008.04	4008.15	5000	0	20
2026.07.20	16:00:00	4008.08	4013.85	4007.92	4008.73	5555	0	20
2026.07.20	16:15:00	4008.70	4012.54	4007.04	4008.68	5501	0	20
2026.07.20	16:30:00	4009.04	4017.36	4008.18	4013.02	7026	0	20
2026.07.20	16:45:00	4012.99	4013.33	4005.65	4005.77	6676	0	20
2026.07.20	17:00:00	4005.67	4007.85	3998.21	3998.61	7009	0	20
2026.07.20	17:15:00	3998.78	4006.72	3998.25	4006.62	6481	0	20
2026.07.20	17:30:00	4006.72	4010.86	4005.99	4007.34	5604	0	20
2026.07.20	17:45:00	4007.33	4013.49	4005.00	4006.04	6555	0	20
2026.07.20	18:00:00	4006.11	4019.44	4004.38	4014.37	6737	0	20
2026.07.20	18:15:00	4014.24	4016.62	4011.06	4016.38	6118	0	20
2026.07.20	18:30:00	4016.39	4016.73	4010.21	4012.81	5587	0	20
2026.07.20	18:45:00	4012.83	4016.42	4011.68	4011.75	4634	0	20
2026.07.20	19:00:00	4011.75	4018.33	4011.20	4013.71	5462	0	20
2026.07.20	19:15:00	4013.73	4014.42	4010.63	4012.51	4838	0	20
2026.07.20	19:30:00	4012.52	4012.69	4001.42	4009.52	5764	0	20
2026.07.20	19:45:00	4009.53	4010.44	4007.02	4009.74	5444	0	20
2026.07.20	20:00:00	4009.72	4012.30	4009.50	4010.11	4322	0	20
2026.07.20	20:15:00	4010.14	4013.04	4008.87	4012.06	3943	0	20
2026.07.20	20:30:00	4012.24	4012.97	4007.67	4007.97	3903	0	20
2026.07.20	20:45:00	4007.98	4007.98	4003.65	4005.17	3854	0	20
2026.07.20	21:00:00	4005.21	4010.79	4005.14	4008.68	4020	0	20
2026.07.20	21:15:00	4008.69	4011.74	4003.27	4006.57	4427	0	20
2026.07.20	21:30:00	4006.72	4007.42	4004.28	4006.35	4204	0	20
2026.07.20	21:45:00	4006.30	4008.71	4005.27	4007.26	4007	0	20
2026.07.20	22:00:00	4007.24	4008.06	4004.30	4004.52	4385	0	20
2026.07.20	22:15:00	4004.53	4012.83	4004.23	4012.75	3880	0	20
2026.07.20	22:30:00	4012.80	4017.95	4005.26	4005.77	4624	0	20
2026.07.20	22:45:00	4005.75	4009.94	4005.61	4006.98	4251	0	20
2026.07.20	23:00:00	4007.03	4009.27	4005.74	4007.64	1752	0	20
2026.07.20	23:15:00	4007.62	4009.12	4007.14	4008.23	975	0	20
2026.07.20	23:30:00	4008.24	4009.45	4007.40	4008.79	891	0	21
2026.07.20	23:45:00	4008.78	4008.86	4006.98	4007.56	1191	0	20
2026.07.21	01:00:00	4009.83	4010.73	4005.61	4006.90	1040	0	28
2026.07.21	01:15:00	4006.89	4010.68	4005.02	4009.68	2477	0	20
2026.07.21	01:30:00	4009.69	4009.70	4002.71	4004.13	2647	0	20
2026.07.21	01:45:00	4004.14	4008.38	3999.68	4000.37	3164	0	20
2026.07.21	02:00:00	4000.52	4009.92	4000.16	4003.18	3445	0	20
2026.07.21	02:15:00	4003.20	4007.27	4003.06	4003.52	2545	0	20
2026.07.21	02:30:00	4003.47	4008.53	4003.28	4007.56	2250	0	20
2026.07.21	02:45:00	4007.52	4010.41	4004.17	4009.87	4417	0	20
2026.07.21	03:00:00	4009.86	4012.62	4003.70	4010.68	7038	0	20
2026.07.21	03:15:00	4010.69	4018.46	4007.82	4014.94	5734	0	23
2026.07.21	03:30:00	4014.95	4023.84	4014.16	4022.37	4997	0	20
2026.07.21	03:45:00	4022.36	4027.14	4021.88	4024.87	5271	0	20
2026.07.21	04:00:00	4024.88	4029.94	4018.32	4028.87	6251	0	20
2026.07.21	04:15:00	4028.92	4035.82	4026.23	4028.14	5673	0	20
2026.07.21	04:30:00	4028.16	4030.81	4023.22	4024.47	5799	0	20
2026.07.21	04:45:00	4024.44	4028.26	4021.29	4023.16	5309	0	20
2026.07.21	05:00:00	4023.23	4026.64	4021.97	4024.37	4708	0	20
2026.07.21	05:15:00	4024.34	4030.02	4021.92	4028.76	4028	0	20
2026.07.21	05:30:00	4028.83	4045.16	4027.94	4035.66	6382	0	20
2026.07.21	05:45:00	4035.63	4038.27	4030.99	4037.93	4798	0	20
2026.07.21	06:00:00	4037.91	4042.24	4037.64	4038.06	4684	0	20
2026.07.21	06:15:00	4038.07	4051.18	4036.82	4047.40	5189	0	20
2026.07.21	06:30:00	4047.43	4049.51	4041.78	4041.82	3547	0	20
2026.07.21	06:45:00	4041.85	4047.43	4041.82	4046.90	3511	0	20
2026.07.21	07:00:00	4046.91	4051.71	4045.72	4045.96	3539	0	20
2026.07.21	07:15:00	4045.95	4046.74	4043.66	4044.69	2412	0	20
2026.07.21	07:30:00	4044.72	4047.57	4044.23	4047.00	2883	0	20
2026.07.21	07:45:00	4047.11	4049.77	4045.48	4049.54	2753	0	20
2026.07.21	08:00:00	4049.56	4051.78	4046.30	4051.52	3511	0	20
2026.07.21	08:15:00	4051.43	4056.55	4048.02	4054.37	3037	0	20
2026.07.21	08:30:00	4054.63	4066.60	4054.63	4065.99	5160	0	20
2026.07.21	08:45:00	4066.24	4067.92	4061.20	4061.50	4118	0	20
2026.07.21	09:00:00	4061.37	4072.43	4061.37	4071.40	4462	0	20
2026.07.21	09:15:00	4071.39	4074.44	4068.33	4072.43	4192	0	20
2026.07.21	09:30:00	4072.58	4080.71	4071.91	4077.17	3790	0	20
2026.07.21	09:45:00	4077.16	4084.02	4077.16	4078.35	3730	0	20
2026.07.21	10:00:00	4078.48	4080.19	4071.79	4072.14	3351	0	20
2026.07.21	10:15:00	4072.16	4073.49	4068.22	4069.58	2545	0	20
2026.07.21	10:30:00	4069.54	4075.33	4067.69	4071.45	2858	0	20
2026.07.21	10:45:00	4071.47	4072.58	4069.80	4071.33	3058	0	20
2026.07.21	11:00:00	4071.18	4072.54	4065.55	4068.03	3662	0	20
2026.07.21	11:15:00	4068.03	4068.58	4062.95	4063.58	3479	0	20
2026.07.21	11:30:00	4063.52	4065.12	4060.90	4062.20	2724	0	20
2026.07.21	11:45:00	4062.15	4063.57	4059.11	4062.82	2362	0	20
2026.07.21	12:00:00	4062.90	4066.72	4062.90	4065.16	2479	0	20
2026.07.21	12:15:00	4065.16	4068.33	4062.55	4062.77	2932	0	20
2026.07.21	12:30:00	4062.76	4065.56	4061.00	4062.41	2715	0	20
2026.07.21	12:45:00	4062.44	4069.77	4062.10	4065.95	2771	0	20
2026.07.21	13:00:00	4065.93	4068.55	4061.02	4066.35	3526	0	20
2026.07.21	13:15:00	4066.36	4069.27	4064.97	4066.82	4034	0	20
2026.07.21	13:30:00	4066.83	4070.14	4066.59	4067.10	3380	0	20
2026.07.21	13:45:00	4067.10	4068.54	4062.52	4062.90	3165	0	20
2026.07.21	14:00:00	4062.91	4063.64	4055.47	4058.49	3326	0	20
2026.07.21	14:15:00	4058.35	4059.70	4056.20	4057.97	2586	0	20
2026.07.21	14:30:00	4058.04	4061.08	4055.52	4056.02	2740	0	20
2026.07.21	14:45:00	4056.01	4058.31	4054.40	4055.93	2328	0	20
2026.07.21	15:00:00	4056.00	4060.92	4055.69	4059.40	3722	0	20
2026.07.21	15:15:00	4059.41	4065.70	4055.62	4061.57	4307	0	20
2026.07.21	15:30:00	4061.63	4063.72	4050.97	4053.86	4986	0	20
2026.07.21	15:45:00	4053.85	4062.06	4052.88	4053.81	4386	0	20
2026.07.21	16:00:00	4054.01	4060.37	4053.98	4059.74	5770	0	20
2026.07.21	16:15:00	4059.70	4061.63	4050.21	4050.90	5224	0	20
2026.07.21	16:30:00	4050.96	4057.39	4044.75	4046.44	6719	0	20
2026.07.21	16:45:00	4046.42	4053.46	4044.43	4053.09	6424	0	20
2026.07.21	17:00:00	4053.11	4065.98	4051.79	4065.85	6571	0	20
2026.07.21	17:15:00	4065.67	4069.37	4061.07	4069.37	5745	0	20
2026.07.21	17:30:00	4069.26	4073.81	4062.25	4067.48	5363	0	20
2026.07.21	17:45:00	4067.52	4070.69	4066.13	4068.31	5373	0	20
2026.07.21	18:00:00	4068.23	4073.84	4065.49	4073.25	4993	0	20
2026.07.21	18:15:00	4073.26	4079.14	4073.24	4076.76	5137	0	20
2026.07.21	18:30:00	4076.78	4083.43	4075.54	4075.85	4389	0	20
2026.07.21	18:45:00	4075.89	4078.15	4072.19	4074.17	3314	0	20
2026.07.21	19:00:00	4074.17	4079.09	4073.52	4078.39	3157	0	20
2026.07.21	19:15:00	4078.41	4078.51	4074.01	4075.66	2279	0	20
2026.07.21	19:30:00	4075.69	4076.37	4071.14	4071.95	2581	0	20
2026.07.21	19:45:00	4071.94	4073.30	4069.85	4071.54	2334	0	20
2026.07.21	20:00:00	4071.63	4072.57	4069.30	4070.50	2783	0	20
2026.07.21	20:15:00	4070.42	4072.83	4068.90	4072.20	2788	0	20
2026.07.21	20:30:00	4072.11	4072.29	4066.84	4068.13	2031	0	20
2026.07.21	20:45:00	4068.12	4068.61	4066.77	4068.61	1834	0	20
2026.07.21	21:00:00	4068.62	4072.27	4067.62	4071.40	2329	0	20
2026.07.21	21:15:00	4071.41	4087.12	4071.19	4083.79	3446	0	20
2026.07.21	21:30:00	4083.78	4085.59	4081.21	4082.31	2767	0	20
2026.07.21	21:45:00	4082.33	4083.35	4079.25	4082.23	1679	0	20
2026.07.21	22:00:00	4082.25	4085.51	4080.08	4080.82	2383	0	20
2026.07.21	22:15:00	4080.82	4085.24	4080.82	4084.04	2192	0	20
2026.07.21	22:30:00	4084.07	4085.04	4081.79	4083.34	2035	0	20
2026.07.21	22:45:00	4083.34	4085.40	4082.81	4084.54	3045	0	20
2026.07.21	23:00:00	4084.44	4086.25	4083.21	4084.30	1356	0	20
2026.07.21	23:15:00	4084.29	4084.49	4081.54	4082.70	703	0	20
2026.07.21	23:30:00	4082.72	4085.34	4080.38	4080.98	1095	0	20
2026.07.21	23:45:00	4080.97	4080.97	4076.54	4077.70	1126	0	20
2026.07.22	01:00:00	4078.92	4080.90	4076.98	4078.96	1445	0	27
2026.07.22	01:15:00	4079.06	4083.00	4078.17	4082.64	2086	0	20
2026.07.22	01:30:00	4082.67	4085.04	4082.55	4084.00	1849	0	20
2026.07.22	01:45:00	4083.97	4084.40	4078.17	4080.46	2206	0	21
2026.07.22	02:00:00	4080.45	4081.89	4079.49	4081.26	1615	0	22
2026.07.22	02:15:00	4081.29	4082.49	4080.88	4081.09	1288	0	23
2026.07.22	02:30:00	4081.10	4082.31	4079.14	4080.35	1578	0	24
2026.07.22	02:45:00	4080.38	4083.14	4079.14	4080.69	2908	0	24
2026.07.22	03:00:00	4080.63	4092.68	4076.69	4092.08	6161	0	20
2026.07.22	03:15:00	4092.09	4098.73	4092.08	4098.04	5805	0	20
2026.07.22	03:30:00	4098.07	4102.60	4089.51	4092.69	5414	0	20
2026.07.22	03:45:00	4092.71	4099.35	4091.46	4097.49	5624	0	20
2026.07.22	04:00:00	4097.46	4121.51	4096.70	4121.26	7169	0	20
2026.07.22	04:15:00	4121.20	4121.69	4111.66	4115.42	6545	0	20
2026.07.22	04:30:00	4115.39	4122.75	4112.87	4121.57	6608	0	20
2026.07.22	04:45:00	4121.62	4123.53	4117.31	4122.04	5938	0	20
2026.07.22	05:00:00	4122.12	4123.36	4118.77	4121.78	5837	0	20
2026.07.22	05:15:00	4121.81	4126.04	4119.91	4124.16	4660	0	20
2026.07.22	05:30:00	4124.18	4130.38	4122.25	4128.27	5748	0	20
2026.07.22	05:45:00	4128.28	4130.92	4126.14	4130.51	5542	0	20
2026.07.22	06:00:00	4130.52	4140.61	4129.27	4137.27	5285	0	20
2026.07.22	06:15:00	4137.06	4141.60	4136.78	4138.15	4098	0	20
2026.07.22	06:30:00	4138.15	4138.21	4132.44	4133.57	3529	0	20
2026.07.22	06:45:00	4133.57	4134.40	4130.12	4130.82	3805	0	20
2026.07.22	07:00:00	4130.81	4131.18	4126.24	4126.93	3646	0	20
2026.07.22	07:15:00	4126.86	4129.58	4126.86	4128.74	2611	0	20
2026.07.22	07:30:00	4128.72	4128.97	4124.75	4127.29	3076	0	20
2026.07.22	07:45:00	4127.35	4127.60	4125.23	4126.97	2951	0	20
2026.07.22	08:00:00	4126.98	4129.94	4125.84	4128.54	3600	0	20
2026.07.22	08:15:00	4128.51	4128.66	4123.12	4123.63	3185	0	20
2026.07.22	08:30:00	4123.65	4134.04	4122.87	4132.41	5462	0	20
2026.07.22	08:45:00	4132.43	4133.27	4128.10	4131.03	4782	0	20
2026.07.22	09:00:00	4130.94	4135.22	4129.43	4129.83	3266	0	20
2026.07.22	09:15:00	4129.82	4131.98	4114.00	4117.42	4804	0	20
2026.07.22	09:30:00	4117.43	4120.32	4114.58	4118.70	4673	0	20
2026.07.22	09:45:00	4118.56	4120.58	4113.40	4116.46	4180	0	20
2026.07.22	10:00:00	4116.98	4117.29	4111.96	4116.47	4558	0	20
2026.07.22	10:15:00	4116.31	4122.46	4115.94	4119.72	3504	0	20
2026.07.22	10:30:00	4119.63	4122.95	4111.00	4112.32	4136	0	20
2026.07.22	10:45:00	4112.31	4114.33	4109.17	4110.55	4515	0	20
2026.07.22	11:00:00	4110.54	4116.00	4110.54	4114.64	3697	0	20
2026.07.22	11:15:00	4114.81	4117.86	4113.43	4117.52	4765	0	20
2026.07.22	11:30:00	4117.37	4119.11	4114.16	4114.56	4118	0	20
2026.07.22	11:45:00	4114.61	4120.07	4113.30	4118.30	3543	0	20
2026.07.22	12:00:00	4118.33	4122.20	4117.82	4121.75	4106	0	20
2026.07.22	12:15:00	4121.78	4122.33	4117.92	4118.66	4210	0	20
2026.07.22	12:30:00	4118.59	4121.71	4114.27	4115.97	4081	0	20
2026.07.22	12:45:00	4115.94	4117.89	4113.29	4115.02	3647	0	20
2026.07.22	13:00:00	4115.03	4120.07	4114.89	4117.49	3663	0	20
2026.07.22	13:15:00	4117.47	4121.80	4116.56	4119.35	4065	0	20
2026.07.22	13:30:00	4119.35	4119.92	4115.95	4117.06	3220	0	20
2026.07.22	13:45:00	4117.04	4120.27	4116.15	4117.53	3114	0	20
2026.07.22	14:00:00	4117.50	4120.93	4115.12	4119.23	3571	0	20
2026.07.22	14:15:00	4119.24	4123.00	4117.52	4118.54	2809	0	20
2026.07.22	14:30:00	4118.57	4120.55	4112.51	4115.11	4119	0	20
2026.07.22	14:45:00	4115.15	4122.92	4114.80	4122.49	3326	0	20
2026.07.22	15:00:00	4122.64	4127.30	4121.74	4126.99	3834	0	20
2026.07.22	15:15:00	4127.34	4133.17	4124.81	4132.68	4711	0	20
2026.07.22	15:30:00	4132.66	4134.40	4124.61	4127.15	3900	0	20
2026.07.22	15:45:00	4127.16	4127.48	4106.66	4112.79	5061	0	20
2026.07.22	16:00:00	4112.83	4125.78	4112.63	4125.65	4911	0	20
2026.07.22	16:15:00	4125.65	4135.02	4124.93	4131.77	4683	0	20
2026.07.22	16:30:00	4131.97	4146.88	4131.97	4142.73	7500	0	20
2026.07.22	16:45:00	4142.97	4155.97	4142.63	4154.69	6610	0	20
2026.07.22	17:00:00	4154.69	4163.58	4153.39	4156.46	6504	0	20
2026.07.22	17:15:00	4156.46	4156.46	4144.28	4146.22	6052	0	20
2026.07.22	17:30:00	4146.35	4153.00	4146.16	4150.99	6138	0	20
2026.07.22	17:45:00	4151.00	4152.90	4144.10	4148.51	4938	0	20
2026.07.22	18:00:00	4148.52	4158.46	4148.52	4157.52	4382	0	20
2026.07.22	18:15:00	4157.55	4161.36	4153.26	4157.20	3714	0	20
2026.07.22	18:30:00	4157.19	4160.93	4155.70	4159.88	4529	0	20
2026.07.22	18:45:00	4159.88	4166.02	4158.34	4159.27	4250	0	20
2026.07.22	19:00:00	4159.28	4159.43	4153.21	4154.42	4041	0	20
2026.07.22	19:15:00	4154.47	4155.50	4147.82	4149.17	3652	0	20
2026.07.22	19:30:00	4149.27	4151.26	4144.37	4147.05	3469	0	20
2026.07.22	19:45:00	4147.12	4148.98	4144.50	4146.83	3582	0	20
2026.07.22	20:00:00	4146.93	4147.84	4143.09	4145.29	3705	0	20
2026.07.22	20:15:00	4145.32	4147.06	4142.72	4145.97	3735	0	20
2026.07.22	20:30:00	4145.99	4147.40	4138.26	4140.51	3075	0	20
2026.07.22	20:45:00	4140.53	4143.61	4140.37	4142.36	2488	0	20
2026.07.22	21:00:00	4142.34	4142.61	4136.64	4137.97	3430	0	20
2026.07.22	21:15:00	4137.94	4139.64	4134.74	4135.15	4034	0	20
2026.07.22	21:30:00	4135.15	4136.15	4131.92	4135.83	3349	0	20
2026.07.22	21:45:00	4135.83	4138.83	4135.17	4136.08	2801	0	20
2026.07.22	22:00:00	4136.04	4137.27	4133.02	4134.03	2239	0	20
2026.07.22	22:15:00	4134.04	4135.38	4131.72	4134.39	2546	0	20
2026.07.22	22:30:00	4134.28	4136.23	4132.61	4133.94	2627	0	20
2026.07.22	22:45:00	4133.98	4135.26	4128.84	4131.73	3688	0	20
2026.07.22	23:00:00	4131.68	4135.35	4130.32	4134.46	2907	0	20
2026.07.22	23:15:00	4134.37	4137.68	4133.83	4136.66	1673	0	20
2026.07.22	23:30:00	4136.66	4137.47	4130.88	4130.93	1514	0	20
2026.07.22	23:45:00	4130.92	4131.13	4128.29	4129.89	1899	0	20
2026.07.23	01:00:00	4113.35	4130.70	4113.35	4123.59	2111	0	20
2026.07.23	01:15:00	4123.54	4128.84	4120.71	4128.73	2899	0	20
2026.07.23	01:30:00	4128.72	4129.78	4119.90	4121.53	3507	0	20
2026.07.23	01:45:00	4121.50	4126.71	4120.59	4121.67	3562	0	20
2026.07.23	02:00:00	4121.73	4124.75	4116.45	4123.84	3990	0	20
2026.07.23	02:15:00	4123.79	4124.11	4119.12	4119.91	2233	0	20
2026.07.23	02:30:00	4119.95	4124.50	4118.99	4123.61	2156	0	20
2026.07.23	02:45:00	4123.58	4134.10	4122.89	4133.40	4552	0	20
2026.07.23	03:00:00	4133.64	4134.36	4126.09	4126.82	5136	0	20
2026.07.23	03:15:00	4126.85	4134.71	4126.69	4129.11	5091	0	20
2026.07.23	03:30:00	4129.10	4132.09	4127.13	4127.69	4473	0	20
2026.07.23	03:45:00	4127.70	4133.28	4125.08	4132.06	4879	0	20
2026.07.23	04:00:00	4131.99	4139.10	4129.75	4134.36	6834	0	20
2026.07.23	04:15:00	4134.51	4140.93	4133.54	4137.27	5599	0	20
2026.07.23	04:30:00	4137.37	4139.21	4121.56	4121.66	7004	0	20
2026.07.23	04:45:00	4121.61	4123.63	4114.37	4117.80	6572	0	20
2026.07.23	05:00:00	4117.78	4118.84	4112.00	4117.63	5822	0	20
2026.07.23	05:15:00	4117.65	4118.03	4113.24	4116.22	3705	0	20
2026.07.23	05:30:00	4116.23	4122.30	4113.79	4122.24	5307	0	20
2026.07.23	05:45:00	4122.21	4128.69	4121.38	4128.06	5158	0	20
2026.07.23	06:00:00	4127.98	4128.97	4123.99	4127.17	4483	0	20
2026.07.23	06:15:00	4127.17	4132.97	4126.58	4130.45	4542	0	20
2026.07.23	06:30:00	4130.39	4131.12	4125.96	4128.78	4239	0	20
2026.07.23	06:45:00	4128.93	4128.93	4123.97	4124.64	3097	0	20
2026.07.23	07:00:00	4124.62	4127.71	4122.47	4127.71	3144	0	20
2026.07.23	07:15:00	4127.70	4129.84	4124.98	4129.78	4271	0	20
2026.07.23	07:30:00	4129.63	4130.29	4123.08	4123.17	3047	0	20
2026.07.23	07:45:00	4123.18	4124.29	4120.05	4121.21	3210	0	20
2026.07.23	08:00:00	4121.20	4124.92	4119.40	4124.45	3594	0	20
2026.07.23	08:15:00	4124.40	4125.52	4119.93	4125.50	3543	0	20
2026.07.23	08:30:00	4125.62	4128.51	4123.32	4127.62	4935	0	20
2026.07.23	08:45:00	4127.60	4130.54	4120.57	4123.99	4588	0	20
2026.07.23	09:00:00	4123.98	4128.15	4121.22	4123.12	4917	0	20
2026.07.23	09:15:00	4123.11	4127.73	4121.28	4122.05	3804	0	20
2026.07.23	09:30:00	4122.09	4123.77	4116.87	4119.88	4780	0	20
2026.07.23	09:45:00	4119.85	4122.26	4117.81	4118.55	3966	0	20
2026.07.23	10:00:00	4118.55	4119.39	4101.95	4106.65	5156	0	20
2026.07.23	10:15:00	4106.64	4111.86	4105.43	4108.35	4635	0	20
2026.07.23	10:30:00	4108.36	4108.81	4091.36	4095.52	4868	0	20
2026.07.23	10:45:00	4095.70	4096.79	4090.24	4095.37	4963	0	20
2026.07.23	11:00:00	4095.26	4097.70	4090.14	4091.43	4560	0	20
2026.07.23	11:15:00	4091.49	4092.40	4088.55	4091.87	3705	0	20
2026.07.23	11:30:00	4091.58	4093.58	4088.76	4092.41	3788	0	20
2026.07.23	11:45:00	4092.28	4094.76	4086.97	4093.32	3220	0	20
2026.07.23	12:00:00	4093.23	4099.28	4092.54	4094.82	4708	0	20
2026.07.23	12:15:00	4094.81	4096.93	4089.41	4091.35	3217	0	20
2026.07.23	12:30:00	4091.40	4093.27	4088.66	4091.79	3679	0	20
2026.07.23	12:45:00	4091.81	4094.18	4088.41	4089.85	3459	0	20
2026.07.23	13:00:00	4089.83	4091.66	4087.85	4090.76	3404	0	20
2026.07.23	13:15:00	4090.75	4092.47	4086.08	4089.84	3135	0	20
2026.07.23	13:30:00	4089.71	4092.75	4086.55	4089.35	3561	0	20
2026.07.23	13:45:00	4089.35	4095.22	4087.16	4093.14	3451	0	20
2026.07.23	14:00:00	4093.25	4093.81	4086.95	4087.69	3847	0	20
2026.07.23	14:15:00	4087.64	4089.21	4080.91	4084.26	3914	0	20
2026.07.23	14:30:00	4084.01	4084.07	4073.01	4078.61	5353	0	20
2026.07.23	14:45:00	4078.62	4089.05	4077.83	4085.61	4534	0	20
2026.07.23	15:00:00	4085.60	4085.91	4081.11	4081.29	4095	0	20
2026.07.23	15:15:00	4081.32	4082.93	4070.27	4076.04	5558	0	20
2026.07.23	15:30:00	4074.34	4074.97	4064.04	4069.07	6586	0	20
2026.07.23	15:45:00	4069.01	4069.27	4060.89	4061.76	6138	0	20
2026.07.23	16:00:00	4061.67	4063.47	4040.47	4040.92	8020	0	20
2026.07.23	16:15:00	4040.91	4059.12	4040.69	4058.75	7082	0	20
2026.07.23	16:30:00	4058.67	4067.45	4055.46	4056.21	7616	0	20
2026.07.23	16:45:00	4056.25	4058.93	4042.67	4043.23	6738	0	20
2026.07.23	17:00:00	4043.55	4051.46	4040.05	4047.94	7325	0	20
2026.07.23	17:15:00	4047.96	4056.91	4042.24	4056.39	7037	0	20
2026.07.23	17:30:00	4056.47	4060.51	4051.66	4057.02	6519	0	20
2026.07.23	17:45:00	4056.91	4061.73	4056.00	4057.84	6748	0	20
2026.07.23	18:00:00	4058.13	4059.40	4049.33	4051.35	5959	0	20
2026.07.23	18:15:00	4051.26	4056.72	4045.50	4046.98	6832	0	20
2026.07.23	18:30:00	4046.98	4053.16	4042.28	4047.97	6277	0	20
2026.07.23	18:45:00	4047.91	4050.94	4046.63	4048.58	5276	0	20
2026.07.23	19:00:00	4048.55	4050.61	4047.26	4050.11	4728	0	20
2026.07.23	19:15:00	4050.06	4051.34	4045.79	4049.95	3457	0	20
2026.07.23	19:30:00	4049.93	4050.86	4046.90	4049.70	3852	0	20
2026.07.23	19:45:00	4049.64	4051.65	4047.94	4051.33	3361	0	20
2026.07.23	20:00:00	4051.44	4054.50	4046.75	4047.08	3938	0	20
2026.07.23	20:15:00	4047.18	4050.42	4046.00	4047.15	4793	0	20
2026.07.23	20:30:00	4047.13	4049.08	4041.77	4042.78	4244	0	20
2026.07.23	20:45:00	4042.76	4044.23	4041.58	4041.72	4227	0	20
2026.07.23	21:00:00	4041.70	4044.20	4040.65	4041.77	5068	0	20
2026.07.23	21:15:00	4041.80	4045.17	4040.71	4044.54	4752	0	20
2026.07.23	21:30:00	4044.53	4048.19	4044.47	4046.46	3586	0	20
2026.07.23	21:45:00	4046.46	4048.33	4044.67	4046.13	3153	0	20
2026.07.23	22:00:00	4046.21	4048.64	4042.88	4043.12	2678	0	20
2026.07.23	22:15:00	4043.13	4049.09	4042.97	4048.16	2749	0	20
2026.07.23	22:30:00	4048.25	4050.95	4045.72	4045.77	3042	0	20
2026.07.23	22:45:00	4045.77	4050.99	4044.81	4049.77	3692	0	20
2026.07.23	23:00:00	4049.75	4051.19	4048.19	4049.51	1802	0	20
2026.07.23	23:15:00	4049.50	4050.49	4047.36	4050.18	1223	0	20
2026.07.23	23:30:00	4050.19	4050.57	4048.80	4049.88	845	0	20
2026.07.23	23:45:00	4049.78	4050.00	4047.42	4049.39	1064	0	20
2026.07.24	01:00:00	4048.89	4050.70	4048.45	4048.84	1031	0	20
2026.07.24	01:15:00	4048.86	4050.25	4048.86	4049.90	1075	0	20
2026.07.24	01:30:00	4049.91	4050.48	4048.67	4049.32	1065	0	20
2026.07.24	01:45:00	4049.36	4050.40	4048.40	4049.51	1161	0	20
2026.07.24	02:00:00	4049.51	4049.79	4047.39	4048.44	1641	0	20
2026.07.24	02:15:00	4048.45	4049.88	4047.12	4049.20	1621	0	20
2026.07.24	02:30:00	4049.14	4050.50	4047.01	4048.26	2287	0	20
2026.07.24	02:45:00	4048.26	4049.60	4046.56	4046.97	3884	0	20
2026.07.24	03:00:00	4047.08	4049.95	4041.20	4041.54	5275	0	20
2026.07.24	03:15:00	4041.53	4048.06	4041.20	4046.70	5096	0	20
2026.07.24	03:30:00	4046.71	4050.12	4044.88	4049.22	4219	0	20
2026.07.24	03:45:00	4049.21	4050.82	4048.37	4049.87	4445	0	20
2026.07.24	04:00:00	4049.79	4050.16	4040.05	4042.43	6748	0	20
2026.07.24	04:15:00	4042.44	4045.98	4041.44	4042.71	5580	0	20
2026.07.24	04:30:00	4042.65	4050.45	4041.48	4050.04	5096	0	20
2026.07.24	04:45:00	4050.00	4050.17	4041.31	4043.52	5683	0	20
2026.07.24	05:00:00	4043.55	4045.82	4040.96	4045.66	5362	0	20
2026.07.24	05:15:00	4045.65	4048.48	4042.64	4046.55	4275	0	20
2026.07.24	05:30:00	4046.55	4048.18	4041.26	4041.69	4846	0	20
2026.07.24	05:45:00	4041.66	4041.82	4023.12	4024.58	6229	0	20
2026.07.24	06:00:00	4024.59	4032.25	4023.14	4031.77	5179	0	20
2026.07.24	06:15:00	4031.74	4033.61	4028.12	4030.26	4393	0	20
2026.07.24	06:30:00	4030.25	4033.08	4030.25	4031.59	4210	0	20
2026.07.24	06:45:00	4031.56	4032.08	4028.31	4029.26	3458	0	20
2026.07.24	07:00:00	4029.24	4030.25	4027.06	4028.12	3789	0	20
2026.07.24	07:15:00	4028.11	4030.33	4027.56	4029.82	3684	0	20
2026.07.24	07:30:00	4029.81	4030.41	4025.85	4026.82	3418	0	20
2026.07.24	07:45:00	4026.81	4028.75	4025.51	4027.05	3404	0	20
2026.07.24	08:00:00	4027.06	4032.21	4025.07	4027.56	3765	0	20
2026.07.24	08:15:00	4027.53	4029.74	4022.28	4026.17	3660	0	20
2026.07.24	08:30:00	4026.05	4031.53	4023.97	4024.73	5184	0	20
2026.07.24	08:45:00	4024.70	4029.22	4021.99	4022.98	4542	0	20
2026.07.24	09:00:00	4022.96	4031.37	4022.85	4030.92	3900	0	20
2026.07.24	09:15:00	4030.99	4039.02	4029.33	4036.54	4216	0	20
2026.07.24	09:30:00	4036.55	4037.14	4033.19	4033.85	3982	0	20
2026.07.24	09:45:00	4033.82	4038.58	4031.74	4035.67	4545	0	20
2026.07.24	10:00:00	4035.54	4047.39	4035.04	4045.43	4990	0	20
2026.07.24	10:15:00	4045.53	4050.81	4044.02	4048.73	4329	0	20
2026.07.24	10:30:00	4048.69	4053.76	4045.80	4048.39	3602	0	20
2026.07.24	10:45:00	4048.42	4049.75	4046.12	4048.39	3162	0	20
2026.07.24	11:00:00	4048.40	4049.05	4045.15	4046.82	3853	0	20
2026.07.24	11:15:00	4046.79	4052.54	4045.07	4052.54	3590	0	20
2026.07.24	11:30:00	4052.12	4055.42	4048.76	4054.53	3487	0	20
2026.07.24	11:45:00	4054.67	4058.69	4052.26	4057.50	2853	0	20
2026.07.24	12:00:00	4057.60	4060.72	4053.19	4054.13	2928	0	20
2026.07.24	12:15:00	4054.21	4056.59	4052.47	4052.86	2595	0	20
2026.07.24	12:30:00	4052.81	4056.18	4051.63	4055.65	2694	0	20
2026.07.24	12:45:00	4055.70	4059.83	4054.64	4059.76	2163	0	20
2026.07.24	13:00:00	4059.77	4061.47	4057.80	4058.17	3059	0	20
2026.07.24	13:15:00	4058.21	4063.62	4057.54	4061.92	2737	0	20
2026.07.24	13:30:00	4061.95	4063.83	4058.17	4058.35	2188	0	20
2026.07.24	13:45:00	4058.48	4060.25	4057.00	4060.06	3025	0	20
2026.07.24	14:00:00	4060.05	4063.40	4058.54	4061.25	2913	0	20
2026.07.24	14:15:00	4061.30	4061.95	4059.19	4059.20	2025	0	20
2026.07.24	14:30:00	4059.12	4060.36	4055.27	4055.28	2610	0	20
2026.07.24	14:45:00	4055.27	4061.67	4051.39	4057.74	3124	0	20
2026.07.24	15:00:00	4057.74	4058.54	4052.36	4056.54	4574	0	20
2026.07.24	15:15:00	4056.54	4060.14	4054.80	4059.62	3878	0	20
2026.07.24	15:30:00	4059.59	4059.59	4051.94	4055.07	4184	0	20
2026.07.24	15:45:00	4055.07	4056.26	4051.65	4056.03	4001	0	20
2026.07.24	16:00:00	4055.97	4058.41	4044.59	4048.14	5159	0	20
2026.07.24	16:15:00	4048.08	4049.26	4044.79	4046.31	5176	0	20
2026.07.24	16:30:00	4046.25	4056.75	4044.60	4052.05	6316	0	20
2026.07.24	16:45:00	4050.95	4068.57	4048.39	4067.37	6805	0	20
2026.07.24	17:00:00	4067.29	4070.05	4057.28	4058.81	6849	0	20
2026.07.24	17:15:00	4058.87	4069.30	4055.81	4065.99	6592	0	20
2026.07.24	17:30:00	4066.01	4068.01	4059.23	4060.30	5662	0	20
2026.07.24	17:45:00	4060.31	4066.44	4058.54	4063.22	5727	0	20
2026.07.24	18:00:00	4063.32	4076.57	4061.81	4074.72	5757	0	20
2026.07.24	18:15:00	4074.70	4082.09	4072.03	4075.02	6889	0	20
2026.07.24	18:30:00	4075.09	4079.58	4071.74	4071.92	5581	0	20
2026.07.24	18:45:00	4072.03	4077.82	4070.86	4077.28	3893	0	20
2026.07.24	19:00:00	4077.33	4077.49	4074.46	4074.82	3139	0	20
2026.07.24	19:15:00	4074.85	4078.09	4073.57	4073.71	2725	0	20
2026.07.24	19:30:00	4073.70	4074.05	4066.56	4067.66	3673	0	20
2026.07.24	19:45:00	4067.60	4067.69	4064.13	4067.00	2837	0	20
2026.07.24	20:00:00	4067.05	4068.42	4063.02	4064.22	3638	0	20
2026.07.24	20:15:00	4064.14	4069.80	4063.63	4068.30	3521	0	20
2026.07.24	20:30:00	4068.13	4069.80	4066.06	4066.46	2266	0	20
2026.07.24	20:45:00	4066.47	4067.22	4062.95	4063.31	2086	0	20
2026.07.24	21:00:00	4063.28	4064.57	4061.20	4061.62	2365	0	20
2026.07.24	21:15:00	4061.63	4062.95	4055.03	4055.26	2653	0	20
2026.07.24	21:30:00	4055.42	4056.95	4051.11	4052.12	2896	0	20
2026.07.24	21:45:00	4052.09	4055.83	4051.77	4054.35	2520	0	20
2026.07.24	22:00:00	4054.36	4056.35	4052.11	4052.26	3237	0	20
2026.07.24	22:15:00	4052.31	4052.37	4049.23	4051.48	2681	0	20
2026.07.24	22:30:00	4051.46	4057.95	4051.27	4056.94	3980	0	20
2026.07.24	22:45:00	4056.96	4057.43	4052.78	4053.67	2869	0	20
2026.07.24	23:00:00	4053.48	4055.29	4052.25	4052.56	1292	0	20
2026.07.24	23:15:00	4052.57	4054.73	4052.07	4053.69	1054	0	20
2026.07.24	23:30:00	4053.64	4056.02	4051.58	4055.22	1112	0	20
2026.07.24	23:45:00	4055.12	4056.05	4052.01	4052.63	925	0	20
2026.07.27	01:00:00	4089.19	4096.75	4085.84	4087.45	2041	0	20
2026.07.27	01:15:00	4087.55	4089.55	4083.29	4085.88	1160	0	84
2026.07.27	01:30:00	4085.89	4092.81	4085.44	4091.04	1386	0	41
2026.07.27	01:45:00	4091.24	4093.59	4088.79	4089.38	1075	0	41
2026.07.27	02:00:00	4089.34	4091.39	4084.39	4084.83	1123	0	20
2026.07.27	02:15:00	4084.87	4086.28	4083.69	4084.76	1888	0	21
2026.07.27	02:30:00	4084.74	4089.20	4084.62	4088.91	2255	0	20
2026.07.27	02:45:00	4088.92	4096.35	4088.13	4094.16	5113	0	20
2026.07.27	03:00:00	4094.14	4115.97	4093.94	4115.54	6183	0	20
2026.07.27	03:15:00	4115.54	4115.54	4090.69	4094.37	5569	0	20
2026.07.27	03:30:00	4094.39	4102.37	4093.58	4099.75	5621	0	20
2026.07.27	03:45:00	4099.74	4109.20	4099.10	4100.72	6208	0	20
2026.07.27	04:00:00	4100.59	4112.47	4100.58	4107.07	7029	0	20
2026.07.27	04:15:00	4107.30	4109.11	4096.89	4099.92	6195	0	20
2026.07.27	04:30:00	4099.94	4104.27	4097.90	4102.63	5825	0	20
2026.07.27	04:45:00	4102.62	4110.14	4102.61	4110.11	5753	0	20
2026.07.27	05:00:00	4110.51	4110.92	4103.38	4105.47	5293	0	20
2026.07.27	05:15:00	4105.48	4105.80	4102.05	4103.08	3510	0	20
2026.07.27	05:30:00	4103.13	4103.13	4095.61	4096.49	4767	0	20
2026.07.27	05:45:00	4096.45	4097.61	4093.69	4093.69	3010	0	20
2026.07.27	06:00:00	4093.55	4095.90	4089.11	4091.95	4150	0	20
2026.07.27	06:15:00	4091.98	4093.54	4085.31	4085.56	3398	0	20
2026.07.27	06:30:00	4085.55	4090.78	4085.15	4089.70	2838	0	20
2026.07.27	06:45:00	4089.69	4091.22	4088.50	4090.93	1752	0	20
2026.07.27	07:00:00	4090.95	4092.82	4088.64	4090.08	2790	0	20
2026.07.27	07:15:00	4089.98	4090.44	4087.04	4089.03	2820	0	20
2026.07.27	07:30:00	4089.05	4092.27	4089.05	4090.41	3076	0	20
2026.07.27	07:45:00	4090.40	4091.26	4089.22	4090.33	2724	0	20
2026.07.27	08:00:00	4090.34	4094.85	4088.61	4094.63	3178	0	20
2026.07.27	08:15:00	4094.61	4094.61	4086.22	4086.92	2758	0	20
2026.07.27	08:30:00	4086.91	4090.21	4085.66	4088.04	5053	0	20
2026.07.27	08:45:00	4088.05	4093.55	4084.39	4093.10	4497	0	20
2026.07.27	09:00:00	4093.03	4096.38	4091.60	4094.38	4525	0	20
2026.07.27	09:15:00	4094.39	4096.48	4091.16	4096.04	3395	0	20
2026.07.27	09:30:00	4096.04	4099.31	4094.24	4098.62	3530	0	20
2026.07.27	09:45:00	4098.63	4098.97	4095.05	4096.06	3649	0	20
2026.07.27	10:00:00	4095.84	4102.03	4095.84	4102.02	4291	0	20
2026.07.27	10:15:00	4101.99	4106.06	4099.86	4103.19	3728	0	20
2026.07.27	10:30:00	4103.17	4103.73	4095.89	4097.26	2923	0	20
2026.07.27	10:45:00	4097.23	4099.15	4088.54	4088.78	2950	0	20
2026.07.27	11:00:00	4088.98	4093.14	4087.16	4091.28	4527	0	20
2026.07.27	11:15:00	4091.25	4092.50	4088.96	4090.86	3656	0	20
2026.07.27	11:30:00	4090.78	4092.82	4087.33	4091.34	2998	0	20
2026.07.27	11:45:00	4091.36	4096.85	4090.83	4095.17	2893	0	20
2026.07.27	12:00:00	4094.98	4098.37	4093.05	4093.96	2357	0	20
2026.07.27	12:15:00	4093.94	4095.83	4091.07	4091.53	2340	0	20
2026.07.27	12:30:00	4091.37	4094.73	4090.50	4094.22	2381	0	20
2026.07.27	12:45:00	4094.23	4100.42	4093.88	4096.13	2624	0	20
2026.07.27	13:00:00	4096.12	4096.52	4086.58	4090.91	2993	0	20
2026.07.27	13:15:00	4090.91	4093.97	4089.23	4093.15	2291	0	20
2026.07.27	13:30:00	4093.16	4101.92	4093.03	4100.43	2694	0	20
2026.07.27	13:45:00	4100.43	4102.41	4098.88	4099.61	2146	0	20
2026.07.27	14:00:00	4099.63	4104.14	4097.02	4101.93	2749	0	20
2026.07.27	14:15:00	4102.09	4103.36	4096.90	4096.90	2811	0	20
2026.07.27	14:30:00	4097.01	4100.02	4094.42	4095.66	4010	0	20
2026.07.27	14:45:00	4095.66	4097.27	4093.55	4093.95	2757	0	20
2026.07.27	15:00:00	4094.00	4097.66	4086.29	4087.61	4034	0	20
2026.07.27	15:15:00	4087.57	4088.95	4081.77	4086.55	4545	0	20
2026.07.27	15:30:00	4086.58	4088.65	4083.20	4086.68	3273	0	20
2026.07.27	15:45:00	4086.57	4089.07	4081.69	4083.68	3946	0	20
2026.07.27	16:00:00	4083.82	4088.81	4080.94	4084.96	5188	0	20
2026.07.27	16:15:00	4084.97	4087.18	4075.93	4076.07	5089	0	20
2026.07.27	16:30:00	4076.23	4089.11	4075.48	4086.69	7383	0	20
2026.07.27	16:45:00	4086.76	4089.52	4070.43	4074.14	6233	0	20
2026.07.27	17:00:00	4074.25	4079.10	4071.12	4076.94	6856	0	20
2026.07.27	17:15:00	4076.98	4078.63	4067.16	4068.28	6305	0	20
2026.07.27	17:30:00	4068.32	4070.65	4065.32	4068.78	7203	0	20
2026.07.27	17:45:00	4068.78	4077.43	4068.74	4076.19	5884	0	20
2026.07.27	18:00:00	4076.34	4076.44	4071.70	4075.93	6097	0	20
2026.07.27	18:15:00	4075.94	4079.33	4074.44	4076.42	5862	0	20
2026.07.27	18:30:00	4076.41	4077.89	4072.61	4076.09	4210	0	20
2026.07.27	18:45:00	4076.19	4079.86	4074.55	4078.44	4005	0	20
2026.07.27	19:00:00	4078.57	4084.72	4077.76	4081.36	4000	0	20
2026.07.27	19:15:00	4081.41	4088.71	4079.65	4085.07	4241	0	20
2026.07.27	19:30:00	4085.11	4093.88	4085.00	4088.29	4440	0	20
2026.07.27	19:45:00	4088.33	4088.55	4080.72	4082.30	4007	0	20
2026.07.27	20:00:00	4082.35	4082.35	4070.52	4073.51	4082	0	20
2026.07.27	20:15:00	4073.49	4076.73	4072.33	4074.71	3466	0	20
2026.07.27	20:30:00	4074.69	4075.93	4072.07	4074.42	3062	0	20
2026.07.27	20:45:00	4074.43	4077.11	4073.27	4076.32	2733	0	20
2026.07.27	21:00:00	4076.34	4079.25	4076.00	4076.64	2744	0	20
2026.07.27	21:15:00	4076.59	4076.95	4074.12	4076.81	3055	0	20
2026.07.27	21:30:00	4076.80	4079.20	4072.78	4076.17	3489	0	20
2026.07.27	21:45:00	4076.15	4079.42	4074.88	4077.88	3359	0	20
2026.07.27	22:00:00	4077.88	4081.72	4076.04	4080.17	2822	0	20
2026.07.27	22:15:00	4080.17	4088.66	4079.36	4085.71	2558	0	20
2026.07.27	22:30:00	4085.78	4087.19	4083.83	4086.90	2863	0	20
2026.07.27	22:45:00	4086.89	4089.27	4082.50	4083.35	3008	0	20
2026.07.27	23:00:00	4083.39	4084.02	4081.55	4082.20	1295	0	20
2026.07.27	23:15:00	4082.16	4082.21	4078.14	4078.70	861	0	20
2026.07.27	23:30:00	4078.71	4079.15	4075.87	4077.04	1128	0	20
2026.07.27	23:45:00	4077.06	4077.26	4075.24	4076.58	751	0	20
2026.07.28	01:00:00	4079.20	4082.12	4076.37	4077.15	1135	0	20
2026.07.28	01:15:00	4077.06	4077.12	4070.96	4072.20	1781	0	20
2026.07.28	01:30:00	4072.33	4074.97	4072.27	4074.86	1883	0	20
2026.07.28	01:45:00	4074.82	4074.85	4073.58	4074.17	1597	0	20
2026.07.28	02:00:00	4074.19	4075.04	4071.82	4074.05	1875	0	20
2026.07.28	02:15:00	4074.00	4074.61	4071.90	4072.97	1808	0	20
2026.07.28	02:30:00	4072.81	4073.39	4071.51	4071.89	1314	0	20
2026.07.28	02:45:00	4072.02	4073.35	4069.85	4073.31	5064	0	20
2026.07.28	03:00:00	4073.21	4074.09	4062.02	4067.01	6314	0	20
2026.07.28	03:15:00	4067.03	4067.33	4059.13	4062.04	5558	0	20
2026.07.28	03:30:00	4062.11	4066.13	4060.36	4065.42	6421	0	20
2026.07.28	03:45:00	4065.41	4065.41	4057.56	4057.88	5454	0	20
2026.07.28	04:00:00	4057.76	4060.36	4053.77	4057.94	7138	0	20
2026.07.28	04:15:00	4057.94	4059.10	4046.36	4047.31	5811	0	20
2026.07.28	04:30:00	4047.30	4050.49	4043.52	4048.89	6406	0	20
2026.07.28	04:45:00	4048.91	4048.93	4042.54	4045.16	5543	0	20
2026.07.28	05:00:00	4045.17	4047.54	4042.41	4046.47	5831	0	20
2026.07.28	05:15:00	4046.48	4049.01	4045.28	4046.13	5830	0	20
2026.07.28	05:30:00	4046.11	4047.82	4041.61	4044.23	5921	0	20
2026.07.28	05:45:00	4044.22	4045.48	4040.76	4041.99	4881	0	20
2026.07.28	06:00:00	4041.94	4047.29	4040.25	4045.83	4128	0	20
2026.07.28	06:15:00	4045.84	4049.24	4045.27	4047.63	3903	0	20
2026.07.28	06:30:00	4047.62	4051.13	4047.26	4048.27	4581	0	20
2026.07.28	06:45:00	4048.31	4050.69	4047.96	4049.32	4181	0	20
2026.07.28	07:00:00	4049.24	4049.56	4043.42	4043.97	4503	0	20
2026.07.28	07:15:00	4043.98	4047.92	4043.49	4045.54	4351	0	20
2026.07.28	07:30:00	4045.62	4047.78	4043.90	4047.63	3491	0	20
2026.07.28	07:45:00	4047.63	4047.86	4041.50	4042.08	3191	0	20
2026.07.28	08:00:00	4041.99	4043.97	4039.96	4042.24	4824	0	20
2026.07.28	08:15:00	4042.25	4043.51	4040.76	4043.02	4351	0	20
2026.07.28	08:30:00	4043.01	4045.62	4034.90	4041.49	5651	0	20
2026.07.28	08:45:00	4041.57	4046.47	4039.53	4045.27	5197	0	20
2026.07.28	09:00:00	4045.29	4047.73	4042.94	4044.10	4334	0	20
2026.07.28	09:15:00	4044.12	4048.98	4043.93	4047.65	4504	0	20
2026.07.28	09:30:00	4047.78	4052.27	4046.90	4049.67	4430	0	20
2026.07.28	09:45:00	4049.67	4051.39	4047.90	4048.28	3553	0	20
2026.07.28	10:00:00	4048.18	4051.14	4047.44	4048.80	3781	0	20
2026.07.28	10:15:00	4048.80	4052.41	4048.55	4050.09	3369	0	20
2026.07.28	10:30:00	4050.13	4050.99	4048.37	4049.36	2789	0	20
2026.07.28	10:45:00	4049.35	4049.72	4046.19	4047.22	3635	0	20
2026.07.28	11:00:00	4047.18	4055.15	4043.04	4044.30	5039	0	20
2026.07.28	11:15:00	4044.24	4051.18	4044.16	4049.68	4723	0	20
2026.07.28	11:30:00	4049.52	4049.80	4041.89	4043.15	3548	0	20
2026.07.28	11:45:00	4043.16	4046.08	4041.62	4045.42	2946	0	20
2026.07.28	12:00:00	4045.41	4045.88	4040.64	4040.87	2795	0	20
2026.07.28	12:15:00	4040.92	4044.02	4039.02	4040.24	2950	0	20
2026.07.28	12:30:00	4040.26	4040.29	4029.53	4033.26	4622	0	20
2026.07.28	12:45:00	4033.13	4034.18	4019.31	4023.19	4286	0	20
2026.07.28	13:00:00	4023.08	4026.90	4020.44	4024.15	4782	0	20
2026.07.28	13:15:00	4023.89	4025.76	4016.97	4017.49	4641	0	20
2026.07.28	13:30:00	4017.44	4023.41	4017.09	4022.35	3819	0	20
2026.07.28	13:45:00	4022.30	4028.46	4022.02	4026.45	3869	0	20
2026.07.28	14:00:00	4026.44	4028.74	4023.05	4023.80	4356	0	20
2026.07.28	14:15:00	4023.73	4032.35	4023.69	4027.46	4324	0	20
2026.07.28	14:30:00	4027.49	4031.49	4026.39	4026.98	3642	0	20
2026.07.28	14:45:00	4027.12	4028.31	4023.86	4028.02	3531	0	20
2026.07.28	15:00:00	4028.03	4028.64	4022.75	4027.81	5172	0	20
2026.07.28	15:15:00	4027.83	4034.83	4025.94	4034.32	4854	0	20
2026.07.28	15:30:00	4034.36	4034.91	4025.85	4033.54	3643	0	20
2026.07.28	15:45:00	4033.53	4038.06	4028.36	4029.33	4969	0	20
2026.07.28	16:00:00	4029.36	4035.56	4029.31	4032.88	5473	0	20
2026.07.28	16:15:00	4032.94	4036.06	4028.44	4028.95	5341	0	20
2026.07.28	16:30:00	4028.64	4032.84	4020.19	4025.20	7384	0	20
2026.07.28	16:45:00	4025.16	4028.97	4021.57	4022.04	7501	0	20
2026.07.28	17:00:00	4022.21	4033.55	4021.89	4025.78	7300	0	20
2026.07.28	17:15:00	4025.79	4026.68	4011.42	4022.18	7727	0	20
2026.07.28	17:30:00	4022.14	4025.21	4018.82	4022.56	7433	0	20
2026.07.28	17:45:00	4022.58	4029.52	4021.07	4024.36	6068	0	20
2026.07.28	18:00:00	4024.35	4036.34	4022.15	4033.69	6949	0	20
2026.07.28	18:15:00	4033.75	4040.85	4031.74	4035.40	7132	0	20
2026.07.28	18:30:00	4035.75	4042.09	4032.16	4041.39	5791	0	20
2026.07.28	18:45:00	4041.38	4047.06	4041.13	4046.23	5067	0	20
2026.07.28	19:00:00	4046.19	4046.50	4042.21	4044.69	4550	0	20
2026.07.28	19:15:00	4044.79	4045.80	4041.91	4042.03	3981	0	20
2026.07.28	19:30:00	4042.17	4043.78	4040.32	4040.51	3958	0	20
2026.07.28	19:45:00	4040.50	4041.08	4036.60	4037.49	4074	0	20
2026.07.28	20:00:00	4037.50	4041.09	4035.55	4036.88	3678	0	20
2026.07.28	20:15:00	4036.87	4041.49	4035.12	4037.43	5359	0	20
2026.07.28	20:30:00	4037.66	4037.68	4027.64	4028.28	4082	0	20
2026.07.28	20:45:00	4028.19	4029.48	4025.72	4027.82	4273	0	20
2026.07.28	21:00:00	4027.86	4030.34	4027.06	4028.15	4955	0	20
2026.07.28	21:15:00	4028.12	4029.97	4025.85	4027.04	5033	0	20
2026.07.28	21:30:00	4027.07	4027.46	4022.96	4024.13	4099	0	20
2026.07.28	21:45:00	4024.12	4026.01	4021.60	4022.95	4240	0	20
2026.07.28	22:00:00	4022.92	4025.70	4022.29	4023.93	3654	0	20
2026.07.28	22:15:00	4024.00	4025.03	4021.84	4023.17	2026	0	20
2026.07.28	22:30:00	4023.22	4027.69	4023.01	4026.00	3163	0	20
2026.07.28	22:45:00	4026.30	4027.92	4025.31	4026.29	3345	0	20
2026.07.28	23:00:00	4026.24	4026.31	4022.53	4023.59	1756	0	20
2026.07.28	23:15:00	4023.57	4027.70	4023.51	4027.25	1037	0	20
2026.07.28	23:30:00	4027.25	4030.18	4027.25	4029.98	1348	0	20
2026.07.28	23:45:00	4029.85	4030.47	4026.44	4028.46	1114	0	20
2026.07.29	01:00:00	4028.73	4030.47	4024.53	4024.56	905	0	26
2026.07.29	01:15:00	4024.59	4025.14	4017.25	4020.65	1507	0	25
2026.07.29	01:30:00	4020.70	4021.12	4013.90	4018.23	2393	0	24
2026.07.29	01:45:00	4018.15	4019.61	4015.25	4018.31	3243	0	25
2026.07.29	02:00:00	4018.26	4023.08	4016.29	4021.98	3612	0	20
2026.07.29	02:15:00	4022.00	4022.10	4014.95	4018.60	3302	0	20
2026.07.29	02:30:00	4018.52	4023.41	4017.35	4023.02	2626	0	20
2026.07.29	02:45:00	4022.99	4026.29	4019.02	4024.95	6252	0	20
2026.07.29	03:00:00	4025.00	4026.06	4017.52	4020.59	6008	0	20
2026.07.29	03:15:00	4020.50	4029.77	4020.50	4022.37	5186	0	20
2026.07.29	03:30:00	4022.38	4027.62	4021.28	4025.95	4595	0	20
2026.07.29	03:45:00	4025.93	4026.02	4020.21	4021.74	4962	0	20
2026.07.29	04:00:00	4021.67	4021.68	4010.22	4012.99	7040	0	20
2026.07.29	04:15:00	4013.00	4020.13	4011.53	4018.26	7109	0	20
2026.07.29	04:30:00	4018.25	4030.54	4014.85	4027.54	7306	0	20
2026.07.29	04:45:00	4027.56	4028.27	4021.85	4025.84	6888	0	20
2026.07.29	05:00:00	4025.84	4029.26	4022.99	4028.21	7048	0	20
2026.07.29	05:15:00	4028.24	4035.44	4026.20	4033.02	5884	0	20
2026.07.29	05:30:00	4033.01	4037.83	4030.64	4034.90	6818	0	20
2026.07.29	05:45:00	4034.90	4035.23	4029.16	4029.57	6013	0	20
2026.07.29	06:00:00	4029.52	4032.69	4027.27	4027.74	6284	0	20
2026.07.29	06:15:00	4027.75	4028.87	4025.43	4026.88	5589	0	20
2026.07.29	06:30:00	4026.87	4029.54	4024.47	4026.04	4506	0	20
2026.07.29	06:45:00	4026.03	4026.88	4023.08	4023.46	3669	0	20
2026.07.29	07:00:00	4023.46	4024.88	4021.21	4021.71	3771	0	20
2026.07.29	07:15:00	4021.72	4025.53	4020.50	4023.38	3684	0	20
2026.07.29	07:30:00	4023.28	4027.40	4023.28	4027.18	5094	0	20
2026.07.29	07:45:00	4027.17	4027.62	4023.57	4027.27	5759	0	20
2026.07.29	08:00:00	4027.28	4031.56	4026.63	4030.34	4346	0	20
2026.07.29	08:15:00	4030.33	4031.19	4026.95	4030.40	4299	0	20
2026.07.29	08:30:00	4030.37	4039.57	4029.67	4039.08	6554	0	20
2026.07.29	08:45:00	4039.14	4040.06	4031.57	4033.01	5912	0	20
2026.07.29	09:00:00	4033.04	4038.28	4032.97	4037.34	5385	0	20
2026.07.29	09:15:00	4037.30	4042.86	4035.85	4040.90	4535	0	20
2026.07.29	09:30:00	4040.85	4044.75	4040.69	4042.70	4517	0	20
2026.07.29	09:45:00	4042.77	4042.89	4039.77	4041.17	4502	0	20
2026.07.29	10:00:00	4041.11	4046.51	4041.04	4045.32	4513	0	20
2026.07.29	10:15:00	4045.30	4047.77	4044.15	4046.02	3384	0	20
2026.07.29	10:30:00	4046.10	4047.58	4044.77	4045.96	3745	0	20
2026.07.29	10:45:00	4045.97	4046.94	4042.61	4043.75	3699	0	20
2026.07.29	11:00:00	4043.71	4044.41	4039.15	4039.15	3867	0	20
2026.07.29	11:15:00	4039.15	4042.19	4035.66	4037.14	3550	0	20
2026.07.29	11:30:00	4037.18	4039.20	4035.68	4038.24	3131	0	20
2026.07.29	11:45:00	4038.24	4040.07	4036.97	4037.62	2691	0	20
2026.07.29	12:00:00	4037.90	4038.34	4035.54	4036.30	2620	0	20
2026.07.29	12:15:00	4036.30	4037.57	4033.42	4033.70	2273	0	20
2026.07.29	12:30:00	4033.76	4034.87	4031.31	4034.28	2602	0	20
2026.07.29	12:45:00	4034.24	4036.29	4031.87	4032.58	2313	0	20
2026.07.29	13:00:00	4032.58	4034.00	4030.88	4031.92	2799	0	20
2026.07.29	13:15:00	4031.89	4033.30	4030.18	4033.10	2050	0	20
2026.07.29	13:30:00	4032.97	4034.38	4026.35	4027.43	2349	0	20
2026.07.29	13:45:00	4027.41	4028.66	4025.91	4027.39	1991	0	20
2026.07.29	14:00:00	4027.40	4029.71	4024.84	4029.69	2485	0	20
2026.07.29	14:15:00	4029.68	4033.54	4028.40	4032.77	1879	0	20
2026.07.29	14:30:00	4032.78	4032.92	4030.16	4030.96	1629	0	20
2026.07.29	14:45:00	4030.97	4036.09	4030.51	4032.63	2646	0	20
2026.07.29	15:00:00	4032.64	4033.30	4025.97	4026.94	3716	0	20
2026.07.29	15:15:00	4026.95	4027.47	4012.62	4013.11	6971	0	20
2026.07.29	15:30:00	4013.02	4022.46	4009.13	4020.97	5070	0	20
2026.07.29	15:45:00	4020.84	4023.69	4018.93	4022.55	4296	0	20
2026.07.29	16:00:00	4022.91	4026.38	4015.07	4015.70	4825	0	20
2026.07.29	16:15:00	4015.68	4023.17	4013.70	4014.43	4419	0	20
2026.07.29	16:30:00	4014.40	4017.91	4010.01	4013.67	6840	0	20
2026.07.29	16:45:00	4013.69	4016.08	4002.64	4007.28	6504	0	20
2026.07.29	17:00:00	4007.35	4008.69	3995.89	3999.15	7232	0	20
2026.07.29	17:15:00	3999.13	4010.21	3998.84	4005.47	7119	0	20
2026.07.29	17:30:00	4005.43	4009.25	3998.92	4001.07	6247	0	20
2026.07.29	17:45:00	4001.06	4005.79	3998.31	4004.86	7117	0	20
2026.07.29	18:00:00	4004.83	4009.89	4003.26	4006.85	6382	0	20
2026.07.29	18:15:00	4006.90	4011.25	4003.73	4010.50	6434	0	20
2026.07.29	18:30:00	4010.68	4013.57	4006.97	4010.51	5020	0	20
2026.07.29	18:45:00	4010.29	4013.79	4008.30	4009.80	4842	0	20
2026.07.29	19:00:00	4010.01	4015.61	4007.61	4009.55	3411	0	20
2026.07.29	19:15:00	4009.56	4017.48	4007.78	4016.41	3295	0	20
2026.07.29	19:30:00	4016.42	4018.95	4014.89	4016.92	3844	0	20
2026.07.29	19:45:00	4016.87	4032.88	4015.12	4027.34	5361	0	20
2026.07.29	20:00:00	4027.29	4050.54	4027.29	4042.08	6271	0	20
2026.07.29	20:15:00	4042.09	4050.54	4037.25	4039.14	5857	0	20
2026.07.29	20:30:00	4039.25	4047.37	4036.14	4045.69	4775	0	20
2026.07.29	20:45:00	4045.83	4048.11	4041.44	4044.10	5099	0	20
2026.07.29	21:00:00	4044.09	4086.10	4042.60	4080.98	8452	0	20
2026.07.29	21:15:00	4081.06	4083.73	4063.80	4067.66	7285	0	20
2026.07.29	21:30:00	4067.61	4086.77	4052.18	4083.20	8583	0	20
2026.07.29	21:45:00	4083.19	4109.77	4081.95	4106.55	8256	0	20
2026.07.29	22:00:00	4107.18	4116.37	4089.98	4099.65	8275	0	20
2026.07.29	22:15:00	4099.93	4104.56	4080.90	4083.95	8062	0	20
2026.07.29	22:30:00	4083.91	4088.32	4065.27	4069.25	7668	0	20
2026.07.29	22:45:00	4069.25	4071.91	4044.29	4044.68	7222	0	20
2026.07.29	23:00:00	4044.95	4056.00	4042.71	4052.07	5971	0	20
2026.07.29	23:15:00	4052.10	4057.28	4043.87	4055.56	4110	0	20
2026.07.29	23:30:00	4055.54	4069.31	4053.97	4067.09	2955	0	20
2026.07.29	23:45:00	4067.01	4070.05	4063.47	4066.22	3252	0	20
2026.07.30	01:00:00	4064.90	4077.44	4064.10	4076.23	2772	0	20
2026.07.30	01:15:00	4076.27	4077.37	4072.57	4075.02	2973	0	21
2026.07.30	01:30:00	4075.03	4081.31	4072.92	4081.31	3515	0	20
2026.07.30	01:45:00	4081.40	4090.57	4079.82	4088.46	3195	0	20
2026.07.30	02:00:00	4088.43	4100.28	4088.25	4091.54	3684	0	20
2026.07.30	02:15:00	4091.55	4094.99	4090.40	4093.53	3071	0	20
2026.07.30	02:30:00	4093.55	4094.55	4089.33	4090.13	3178	0	20
2026.07.30	02:45:00	4090.23	4092.95	4084.48	4084.63	6730	0	20
2026.07.30	03:00:00	4084.95	4086.60	4079.05	4081.35	6702	0	20
2026.07.30	03:15:00	4081.39	4083.64	4072.78	4075.24	6743	0	20
2026.07.30	03:30:00	4075.24	4076.84	4065.10	4066.07	5684	0	20
2026.07.30	03:45:00	4066.16	4072.83	4064.86	4072.10	5336	0	20
2026.07.30	04:00:00	4072.16	4092.96	4070.14	4075.51	7552	0	20
2026.07.30	04:15:00	4075.39	4084.63	4073.07	4081.10	7412	0	20
2026.07.30	04:30:00	4081.11	4089.57	4080.56	4086.60	6326	0	20
2026.07.30	04:45:00	4086.62	4091.09	4083.77	4084.65	5975	0	20
2026.07.30	05:00:00	4084.60	4090.32	4082.38	4082.59	5725	0	20
2026.07.30	05:15:00	4082.56	4083.66	4079.90	4082.66	4132	0	20
2026.07.30	05:30:00	4082.74	4082.79	4073.60	4076.82	5939	0	20
2026.07.30	05:45:00	4076.86	4077.06	4063.38	4063.71	4965	0	20
2026.07.30	06:00:00	4063.70	4070.02	4060.53	4062.90	5035	0	20
2026.07.30	06:15:00	4062.93	4063.86	4052.47	4053.82	5086	0	20
2026.07.30	06:30:00	4053.87	4055.88	4050.77	4052.47	4583	0	20
2026.07.30	06:45:00	4052.47	4059.84	4052.26	4058.81	4110	0	20
2026.07.30	07:00:00	4058.83	4060.14	4052.97	4053.29	3338	0	20
2026.07.30	07:15:00	4053.27	4055.34	4051.03	4054.14	2711	0	20
2026.07.30	07:30:00	4054.09	4054.10	4047.73	4048.70	2706	0	20
2026.07.30	07:45:00	4048.68	4051.96	4044.43	4046.02	3833	0	20
2026.07.30	08:00:00	4046.07	4046.15	4041.74	4045.92	4310	0	20
2026.07.30	08:15:00	4045.94	4047.29	4037.58	4046.88	4441	0	20
2026.07.30	08:30:00	4046.96	4051.35	4028.42	4033.33	6541	0	20
2026.07.30	08:45:00	4033.30	4038.52	4030.05	4033.57	5686	0	20
2026.07.30	09:00:00	4033.55	4039.46	4031.21	4032.26	5636	0	20
2026.07.30	09:15:00	4032.25	4039.28	4029.40	4033.14	4853	0	20
2026.07.30	09:30:00	4033.14	4038.26	4031.09	4035.77	4203	0	20
2026.07.30	09:45:00	4035.70	4040.46	4034.21	4036.72	4049	0	20
2026.07.30	10:00:00	4036.29	4047.86	4035.39	4046.69	5591	0	20
2026.07.30	10:15:00	4046.67	4051.20	4043.01	4045.84	4671	0	20
2026.07.30	10:30:00	4045.85	4047.26	4036.00	4045.87	5014	0	20
2026.07.30	10:45:00	4045.90	4046.60	4038.16	4038.82	4131	0	20
2026.07.30	11:00:00	4038.56	4056.17	4036.73	4053.30	5925	0	20
2026.07.30	11:15:00	4053.23	4068.42	4052.17	4064.58	5491	0	20
2026.07.30	11:30:00	4064.43	4072.87	4062.97	4065.72	5224	0	20
2026.07.30	11:45:00	4065.74	4070.87	4059.35	4061.33	3890	0	20
2026.07.30	12:00:00	4061.33	4069.04	4060.27	4065.86	4244	0	20
2026.07.30	12:15:00	4065.86	4072.42	4064.37	4067.60	4636	0	20
2026.07.30	12:30:00	4067.59	4069.24	4060.52	4065.53	4043	0	20
2026.07.30	12:45:00	4065.49	4073.06	4062.22	4063.26	3783	0	20
2026.07.30	13:00:00	4063.39	4074.73	4062.79	4068.26	4846	0	20
2026.07.30	13:15:00	4068.34	4077.65	4067.53	4076.38	4969	0	20
2026.07.30	13:30:00	4076.48	4082.66	4075.24	4081.09	4585	0	20
2026.07.30	13:45:00	4081.17	4082.92	4077.90	4078.04	3697	0	20
2026.07.30	14:00:00	4077.90	4082.86	4077.56	4079.60	4077	0	20
2026.07.30	14:15:00	4079.60	4081.90	4076.57	4077.54	4214	0	20
2026.07.30	14:30:00	4078.05	4079.42	4076.18	4077.40	3780	0	20
2026.07.30	14:45:00	4077.41	4080.59	4075.68	4077.63	3349	0	20
2026.07.30	15:00:00	4077.63	4082.50	4074.57	4078.74	4716	0	20
2026.07.30	15:15:00	4078.79	4081.30	4071.60	4077.68	4473	0	20
2026.07.30	15:30:00	4078.01	4086.71	4071.77	4077.19	6782	0	20
2026.07.30	15:45:00	4077.17	4079.34	4067.30	4068.81	5964	0	20
2026.07.30	16:00:00	4068.81	4076.68	4065.04	4076.67	7152	0	20
2026.07.30	16:15:00	4076.69	4083.96	4072.10	4080.27	5820	0	20
2026.07.30	16:30:00	4079.81	4098.57	4074.91	4088.80	8347	0	20
2026.07.30	16:45:00	4088.83	4112.75	4085.64	4112.30	8125	0	20
2026.07.30	17:00:00	4112.33	4120.25	4094.02	4098.12	8132	0	20
2026.07.30	17:15:00	4098.12	4100.16	4087.07	4096.14	7701	0	20
2026.07.30	17:30:00	4096.15	4111.30	4094.76	4110.73	6750	0	20
2026.07.30	17:45:00	4110.75	4113.09	4096.49	4100.04	6654	0	20
2026.07.30	18:00:00	4100.09	4100.23	4083.14	4085.52	6858	0	20
2026.07.30	18:15:00	4085.29	4097.18	4084.79	4095.92	5781	0	20
2026.07.30	18:30:00	4095.92	4106.93	4092.63	4105.35	5103	0	20
2026.07.30	18:45:00	4105.37	4110.11	4103.62	4108.10	4913	0	20
2026.07.30	19:00:00	4108.10	4115.86	4107.72	4114.10	4530	0	20
2026.07.30	19:15:00	4114.05	4119.22	4113.60	4115.93	4265	0	20
2026.07.30	19:30:00	4115.94	4116.33	4108.26	4108.54	4956	0	20
2026.07.30	19:45:00	4108.55	4110.68	4106.59	4110.68	3265	0	20
2026.07.30	20:00:00	4110.65	4111.23	4104.83	4104.90	4437	0	20
2026.07.30	20:15:00	4104.84	4108.20	4098.49	4101.69	4114	0	20
2026.07.30	20:30:00	4101.65	4108.28	4100.04	4106.01	6047	0	20
2026.07.30	20:45:00	4106.00	4108.47	4101.21	4102.55	5111	0	20
2026.07.30	21:00:00	4102.60	4106.83	4102.58	4106.45	4594	0	20
2026.07.30	21:15:00	4106.44	4106.76	4100.74	4103.50	3489	0	20
2026.07.30	21:30:00	4103.46	4107.79	4102.94	4104.85	3368	0	20
2026.07.30	21:45:00	4104.85	4105.20	4098.81	4099.72	2514	0	20
2026.07.30	22:00:00	4099.72	4105.66	4098.79	4104.73	3757	0	20
2026.07.30	22:15:00	4104.68	4114.94	4102.96	4112.89	4024	0	20
2026.07.30	22:30:00	4112.89	4115.36	4111.59	4112.21	3942	0	20
2026.07.30	22:45:00	4112.21	4113.07	4109.27	4112.10	3795	0	20
2026.07.30	23:00:00	4111.99	4117.43	4110.04	4114.07	2721	0	20
2026.07.30	23:15:00	4114.08	4114.96	4111.73	4112.00	1637	0	20
2026.07.30	23:30:00	4112.10	4112.50	4102.41	4102.81	3210	0	20
2026.07.30	23:45:00	4102.78	4103.82	4099.15	4103.69	2069	0	20
2026.07.31	01:00:00	4103.91	4107.60	4102.41	4106.73	1565	0	29
2026.07.31	01:15:00	4106.70	4108.34	4106.32	4107.60	1381	0	26
2026.07.31	01:30:00	4107.62	4110.54	4106.98	4110.42	2339	0	20
2026.07.31	01:45:00	4110.43	4111.27	4109.01	4109.22	2068	0	20
2026.07.31	02:00:00	4109.20	4111.74	4106.46	4107.27	2697	0	20
2026.07.31	02:15:00	4107.25	4107.42	4103.98	4104.12	2342	0	20
2026.07.31	02:30:00	4104.12	4107.36	4102.25	4106.00	2985	0	20
2026.07.31	02:45:00	4106.02	4109.96	4105.31	4105.81	3048	0	20
2026.07.31	03:00:00	4106.01	4107.02	4100.57	4101.21	4892	0	20
2026.07.31	03:15:00	4101.20	4103.75	4096.05	4096.30	4958	0	20
2026.07.31	03:30:00	4096.27	4097.52	4090.45	4092.99	4860	0	20
2026.07.31	03:45:00	4092.90	4096.01	4090.54	4094.70	4345	0	20
2026.07.31	04:00:00	4094.69	4101.61	4088.69	4088.91	6234	0	20
2026.07.31	04:15:00	4088.97	4095.07	4086.63	4091.93	4957	0	20
2026.07.31	04:30:00	4091.92	4092.03	4083.78	4085.60	5579	0	20
2026.07.31	04:45:00	4085.36	4089.38	4082.09	4084.27	5187	0	20
2026.07.31	05:00:00	4084.37	4090.42	4081.57	4085.61	3989	0	20
2026.07.31	05:15:00	4085.60	4085.60	4081.49	4082.18	3217	0	20
2026.07.31	05:30:00	4082.11	4084.33	4075.35	4075.52	4117	0	20
2026.07.31	05:45:00	4075.54	4078.29	4074.08	4076.07	3512	0	20
2026.07.31	06:00:00	4076.07	4076.16	4071.97	4073.41	3937	0	20
2026.07.31	06:15:00	4073.44	4076.03	4072.21	4075.15	3516	0	20
2026.07.31	06:30:00	4075.17	4079.31	4074.93	4076.45	3116	0	20
2026.07.31	06:45:00	4076.40	4077.53	4074.20	4074.99	2780	0	20
2026.07.31	07:00:00	4074.96	4076.90	4073.23	4076.76	2778	0	20
2026.07.31	07:15:00	4076.76	4079.99	4074.55	4079.94	2353	0	20
2026.07.31	07:30:00	4079.91	4081.45	4079.23	4079.26	1506	0	20
2026.07.31	07:45:00	4079.15	4080.01	4074.75	4079.90	2787	0	20
2026.07.31	08:00:00	4080.01	4083.20	4079.66	4079.87	2047	0	20
2026.07.31	08:15:00	4079.88	4082.86	4079.42	4080.85	1446	0	20
2026.07.31	08:30:00	4080.88	4081.60	4075.80	4076.43	3718	0	20
2026.07.31	08:45:00	4076.40	4076.40	4073.30	4074.27	3098	0	20
2026.07.31	09:00:00	4074.34	4082.77	4072.65	4082.32	3791	0	20
2026.07.31	09:15:00	4082.29	4087.47	4081.04	4084.94	3159	0	20
2026.07.31	09:30:00	4084.92	4085.04	4077.09	4077.98	4118	0	20
2026.07.31	09:45:00	4078.01	4081.51	4076.29	4077.57	4551	0	20
2026.07.31	10:00:00	4077.51	4079.01	4075.34	4077.55	3148	0	20
2026.07.31	10:15:00	4077.51	4079.15	4072.03	4072.63	3002	0	20
2026.07.31	10:30:00	4072.64	4073.80	4068.13	4072.15	2931	0	20
2026.07.31	10:45:00	4072.17	4074.31	4067.40	4067.66	2878	0	20
2026.07.31	11:00:00	4067.67	4067.67	4061.00	4062.15	3681	0	20
2026.07.31	11:15:00	4062.14	4067.13	4057.93	4058.49	3872	0	20
2026.07.31	11:30:00	4058.49	4061.36	4054.18	4059.15	3261	0	20
2026.07.31	11:45:00	4059.18	4064.29	4057.70	4060.86	3977	0	20
2026.07.31	12:00:00	4060.69	4063.90	4054.96	4056.69	4966	0	20
2026.07.31	12:15:00	4056.79	4057.39	4051.25	4052.26	3818	0	20
2026.07.31	12:30:00	4052.23	4054.54	4050.20	4053.03	3545	0	20
2026.07.31	12:45:00	4053.02	4057.03	4052.27	4055.03	2576	0	20
2026.07.31	13:00:00	4055.02	4058.29	4053.15	4055.81	2429	0	20
2026.07.31	13:15:00	4055.95	4056.02	4051.93	4053.13	2382	0	20
2026.07.31	13:30:00	4053.12	4056.42	4052.85	4054.74	2843	0	20
2026.07.31	13:45:00	4054.77	4057.07	4053.72	4054.47	3060	0	20
2026.07.31	14:00:00	4054.31	4059.36	4052.09	4056.96	3465	0	20
2026.07.31	14:15:00	4056.99	4061.05	4054.10	4058.76	4574	0	20
2026.07.31	14:30:00	4058.80	4058.80	4050.70	4052.05	3609	0	20
2026.07.31	14:45:00	4052.05	4055.39	4051.17	4053.70	3100	0	20
2026.07.31	15:00:00	4053.88	4059.36	4052.56	4059.19	3454	0	20
2026.07.31	15:15:00	4058.98	4059.34	4047.04	4047.28	3521	0	20
2026.07.31	15:30:00	4047.22	4051.50	4042.53	4044.52	4900	0	20
2026.07.31	15:45:00	4044.49	4046.29	4040.45	4040.70	4106	0	20
2026.07.31	16:00:00	4040.64	4042.69	4034.67	4036.16	5978	0	20
2026.07.31	16:15:00	4036.25	4046.87	4035.61	4042.62	6474	0	20
2026.07.31	16:30:00	4042.50	4043.80	4022.49	4024.96	7931	0	20
2026.07.31	16:45:00	4025.03	4032.16	4021.98	4025.19	7701	0	20
2026.07.31	17:00:00	4025.10	4032.44	4020.84	4031.98	7558	0	20
2026.07.31	17:15:00	4031.84	4040.13	4029.83	4038.75	6202	0	20
2026.07.31	17:30:00	4038.73	4043.02	4036.60	4041.41	5198	0	20
2026.07.31	17:45:00	4041.45	4050.20	4040.90	4049.17	5602	0	20
2026.07.31	18:00:00	4049.14	4050.68	4042.76	4046.95	5930	0	20
2026.07.31	18:15:00	4047.05	4052.53	4040.10	4041.17	5856	0	20
2026.07.31	18:30:00	4041.12	4043.43	4036.63	4042.11	5170	0	20
2026.07.31	18:45:00	4042.17	4046.71	4039.74	4045.50	5081	0	20
2026.07.31	19:00:00	4045.55	4046.83	4041.21	4046.21	4532	0	20
2026.07.31	19:15:00	4046.18	4048.32	4043.08	4047.35	4213	0	20
2026.07.31	19:30:00	4047.40	4049.84	4041.15	4042.45	3324	0	20
2026.07.31	19:45:00	4042.52	4044.99	4042.08	4043.26	3757	0	20
2026.07.31	20:00:00	4043.22	4046.36	4041.48	4045.51	3169	0	20
2026.07.31	20:15:00	4045.54	4053.35	4044.77	4050.39	3595	0	20
2026.07.31	20:30:00	4050.46	4053.19	4047.62	4051.91	3978	0	20
2026.07.31	20:45:00	4051.87	4054.68	4050.19	4053.62	3720	0	20
2026.07.31	21:00:00	4053.51	4055.11	4047.12	4048.02	3042	0	20
2026.07.31	21:15:00	4048.03	4051.72	4047.57	4051.03	2702	0	20
2026.07.31	21:30:00	4051.06	4051.68	4048.05	4049.45	2008	0	20
2026.07.31	21:45:00	4049.43	4051.57	4048.17	4050.77	1948	0	20
2026.07.31	22:00:00	4050.74	4052.93	4046.91	4048.02	1755	0	20
2026.07.31	22:15:00	4048.03	4050.59	4047.13	4050.54	1819	0	20
2026.07.31	22:30:00	4050.35	4054.59	4048.89	4054.07	2362	0	20
2026.07.31	22:45:00	4054.08	4055.63	4050.10	4050.79	3724	0	20
2026.07.31	23:00:00	4050.75	4051.80	4045.22	4047.87	2799	0	20
2026.07.31	23:15:00	4047.81	4048.94	4046.35	4048.09	2495	0	20
2026.07.31	23:30:00	4047.69	4052.81	4047.11	4051.00	2670	0	20
2026.07.31	23:45:00	4051.10	4052.15	4042.37	4043.60	3352	0	20
2026.08.03	01:00:00	4081.29	4082.10	4067.29	4076.32	2648	0	23
2026.08.03	01:15:00	4076.32	4077.07	4063.74	4065.86	2190	0	20
2026.08.03	01:30:00	4065.93	4068.41	4064.08	4066.77	2610	0	20
2026.08.03	01:45:00	4066.81	4067.12	4063.46	4063.70	2477	0	20
2026.08.03	02:00:00	4063.71	4067.19	4063.24	4066.44	2807	0	20
2026.08.03	02:15:00	4066.47	4072.55	4066.08	4072.01	2847	0	20
2026.08.03	02:30:00	4072.02	4072.36	4067.84	4069.55	2238	0	20
2026.08.03	02:45:00	4069.53	4074.97	4068.23	4074.96	4348	0	20
2026.08.03	03:00:00	4075.08	4079.00	4069.95	4072.00	5914	0	20
2026.08.03	03:15:00	4071.99	4072.94	4061.26	4064.31	5551	0	20
2026.08.03	03:30:00	4064.29	4069.97	4056.91	4058.22	5970	0	20
2026.08.03	03:45:00	4058.21	4060.67	4055.68	4057.11	4974	0	20
2026.08.03	04:00:00	4057.12	4063.55	4051.46	4052.31	6728	0	20
2026.08.03	04:15:00	4052.37	4055.12	4047.34	4052.81	5143	0	20
2026.08.03	04:30:00	4052.82	4056.99	4047.43	4051.08	5341	0	20
2026.08.03	04:45:00	4051.09	4057.42	4049.92	4056.60	4373	0	20
2026.08.03	05:00:00	4056.64	4060.97	4053.21	4055.69	4436	0	20
2026.08.03	05:15:00	4055.71	4060.68	4052.03	4058.02	3039	0	20
2026.08.03	05:30:00	4058.09	4060.72	4052.51	4059.55	4579	0	20
2026.08.03	05:45:00	4059.58	4067.04	4058.42	4062.39	4170	0	20
2026.08.03	06:00:00	4062.39	4065.48	4060.95	4064.34	3623	0	20
2026.08.03	06:15:00	4064.35	4067.91	4061.68	4063.93	4015	0	20
2026.08.03	06:30:00	4063.77	4064.93	4060.58	4060.60	3430	0	20
2026.08.03	06:45:00	4060.62	4066.69	4059.27	4065.06	3198	0	20
2026.08.03	07:00:00	4065.03	4068.25	4064.23	4066.61	2275	0	20
2026.08.03	07:15:00	4066.60	4071.00	4066.08	4068.26	2459	0	20
2026.08.03	07:30:00	4068.28	4071.12	4068.26	4070.55	2949	0	20
2026.08.03	07:45:00	4070.61	4071.82	4063.84	4063.90	2335	0	20
2026.08.03	08:00:00	4063.81	4065.30	4056.68	4057.37	3066	0	20
2026.08.03	08:15:00	4057.35	4062.73	4054.13	4060.30	3180	0	20
2026.08.03	08:30:00	4060.27	4064.67	4055.20	4063.40	4246	0	20
2026.08.03	08:45:00	4063.44	4069.96	4058.86	4068.85	2974	0	20
2026.08.03	09:00:00	4068.95	4071.17	4066.07	4066.07	3883	0	20
2026.08.03	09:15:00	4066.17	4072.03	4065.43	4068.45	4042	0	20
2026.08.03	09:30:00	4068.51	4068.86	4060.51	4065.43	3482	0	20
2026.08.03	09:45:00	4065.43	4066.92	4062.70	4063.81	3231	0	20
2026.08.03	10:00:00	4063.81	4065.23	4059.52	4061.44	4183	0	20
2026.08.03	10:15:00	4061.39	4062.02	4052.03	4058.03	4424	0	20
2026.08.03	10:30:00	4058.09	4061.17	4056.55	4059.62	2805	0	20
2026.08.03	10:45:00	4059.61	4063.34	4058.32	4061.03	3109	0	20
2026.08.03	11:00:00	4061.11	4062.15	4058.35	4061.69	2861	0	20
2026.08.03	11:15:00	4061.68	4062.43	4054.27	4056.07	2780	0	20
2026.08.03	11:30:00	4056.01	4060.67	4054.76	4058.55	2798	0	20
2026.08.03	11:45:00	4058.45	4060.99	4057.62	4059.43	2597	0	20
2026.08.03	12:00:00	4059.45	4062.18	4057.22	4061.49	2295	0	20
2026.08.03	12:15:00	4061.45	4061.45	4052.09	4052.54	2524	0	20
2026.08.03	12:30:00	4052.59	4054.82	4046.63	4053.52	3360	0	20
2026.08.03	12:45:00	4053.42	4058.09	4053.42	4055.27	2235	0	20
2026.08.03	13:00:00	4055.30	4057.09	4053.05	4056.27	2245	0	20
2026.08.03	13:15:00	4056.22	4056.95	4051.93	4053.43	2502	0	20
2026.08.03	13:30:00	4053.45	4053.64	4048.63	4049.16	2187	0	20
2026.08.03	13:45:00	4049.17	4050.66	4045.76	4049.31	2063	0	20
2026.08.03	14:00:00	4049.27	4052.82	4047.90	4049.68	3026	0	20
2026.08.03	14:15:00	4049.64	4049.80	4045.30	4048.34	2847	0	20
2026.08.03	14:30:00	4048.31	4054.94	4047.81	4053.57	2313	0	20
2026.08.03	14:45:00	4053.62	4063.11	4052.54	4062.49	3147	0	20
2026.08.03	15:00:00	4062.50	4064.57	4054.70	4055.84	3663	0	20
2026.08.03	15:15:00	4055.85	4056.55	4048.62	4050.81	3948	0	20
2026.08.03	15:30:00	4050.80	4052.82	4042.13	4044.93	3880	0	20
2026.08.03	15:45:00	4044.91	4048.87	4043.18	4047.57	4192	0	20
2026.08.03	16:00:00	4047.60	4053.63	4038.71	4038.77	6681	0	20
2026.08.03	16:15:00	4038.74	4040.44	4031.46	4034.15	5672	0	20
2026.08.03	16:30:00	4033.97	4035.49	4019.01	4031.97	7254	0	20
2026.08.03	16:45:00	4032.08	4035.39	4028.23	4032.26	6017	0	20
2026.08.03	17:00:00	4032.29	4036.13	4026.61	4033.19	6256	0	20
2026.08.03	17:15:00	4033.21	4036.01	4029.89	4032.49	4080	0	20
2026.08.03	17:30:00	4032.47	4038.09	4031.90	4036.39	3799	0	20
2026.08.03	17:45:00	4036.51	4039.39	4033.65	4036.25	3869	0	20
2026.08.03	18:00:00	4036.32	4037.05	4030.24	4033.28	4274	0	20
2026.08.03	18:15:00	4033.25	4038.45	4030.61	4032.72	4037	0	20
2026.08.03	18:30:00	4032.77	4038.85	4030.90	4036.68	3632	0	20
2026.08.03	18:45:00	4036.92	4040.93	4035.29	4036.00	3033	0	20
2026.08.03	19:00:00	4036.08	4037.55	4034.54	4036.52	2631	0	20
2026.08.03	19:15:00	4036.44	4038.57	4034.87	4036.94	2667	0	20
2026.08.03	19:30:00	4036.93	4039.22	4035.52	4038.63	2826	0	20
2026.08.03	19:45:00	4038.69	4038.75	4035.71	4036.86	2443	0	20
2026.08.03	20:00:00	4036.90	4037.63	4033.17	4034.28	2521	0	20
2026.08.03	20:15:00	4034.28	4037.79	4033.85	4034.30	2910	0	20
2026.08.03	20:30:00	4034.36	4036.93	4034.05	4036.04	1995	0	20
2026.08.03	20:45:00	4036.06	4036.33	4030.18	4030.45	2114	0	20
2026.08.03	21:00:00	4030.48	4038.55	4029.59	4034.92	2204	0	20
2026.08.03	21:15:00	4034.98	4038.96	4034.86	4037.90	2200	0	20
2026.08.03	21:30:00	4037.90	4041.47	4036.44	4041.40	1827	0	20
2026.08.03	21:45:00	4041.37	4045.04	4040.39	4043.48	2141	0	20
2026.08.03	22:00:00	4043.45	4049.45	4043.45	4046.24	2401	0	20
2026.08.03	22:15:00	4046.22	4054.29	4046.22	4052.88	2137	0	20
2026.08.03	22:30:00	4052.91	4055.72	4051.90	4053.98	2013	0	20
2026.08.03	22:45:00	4054.00	4055.68	4051.62	4052.02	2757	0	20
2026.08.03	23:00:00	4052.01	4052.84	4050.18	4052.53	1279	0	20
2026.08.03	23:15:00	4052.53	4055.91	4051.35	4054.33	829	0	20
2026.08.03	23:30:00	4054.40	4058.10	4053.87	4056.25	1246	0	20
2026.08.03	23:45:00	4056.26	4057.20	4054.47	4055.32	1129	0	20
2026.08.04	01:00:00	4053.84	4054.73	4049.10	4051.24	1419	0	23
2026.08.04	01:15:00	4051.32	4052.53	4050.75	4052.07	1300	0	20
2026.08.04	01:30:00	4052.06	4053.47	4051.59	4052.86	1438	0	20
2026.08.04	01:45:00	4052.90	4053.54	4051.17	4052.88	1458	0	20
2026.08.04	02:00:00	4052.83	4055.03	4050.09	4051.41	1927	0	20
2026.08.04	02:15:00	4051.40	4054.60	4050.59	4051.63	1955	0	20
2026.08.04	02:30:00	4051.67	4052.81	4051.00	4052.27	1576	0	20
2026.08.04	02:45:00	4052.39	4053.89	4051.22	4053.85	3214	0	20
2026.08.04	03:00:00	4053.85	4069.35	4053.10	4063.68	5011	0	20
2026.08.04	03:15:00	4063.64	4064.43	4058.09	4059.04	3439	0	20
2026.08.04	03:30:00	4059.05	4060.75	4055.53	4056.35	3112	0	20
2026.08.04	03:45:00	4056.33	4058.02	4048.55	4049.08	4422	0	20
2026.08.04	04:00:00	4048.76	4050.62	4042.42	4046.87	5954	0	20
2026.08.04	04:15:00	4046.87	4052.48	4046.87	4049.18	3677	0	20
2026.08.04	04:30:00	4049.19	4060.21	4048.38	4059.15	4869	0	20
2026.08.04	04:45:00	4059.18	4061.90	4056.64	4058.75	3956	0	20
2026.08.04	05:00:00	4058.79	4061.11	4055.69	4058.19	3886	0	20
2026.08.04	05:15:00	4058.18	4059.85	4055.78	4056.70	3216	0	20
2026.08.04	05:30:00	4056.72	4065.05	4055.67	4061.83	3636	0	20
2026.08.04	05:45:00	4061.86	4062.37	4058.05	4058.83	3040	0	20
2026.08.04	06:00:00	4058.70	4060.59	4056.39	4058.17	2812	0	20
2026.08.04	06:15:00	4058.04	4061.82	4057.73	4057.83	2937	0	20
2026.08.04	06:30:00	4057.84	4058.69	4052.64	4052.82	2350	0	20
2026.08.04	06:45:00	4052.83	4055.47	4052.10	4052.48	1632	0	20
2026.08.04	07:00:00	4052.50	4056.78	4051.13	4056.72	1730	0	20
2026.08.04	07:15:00	4056.81	4061.69	4055.96	4061.44	1824	0	20
2026.08.04	07:30:00	4061.47	4064.26	4060.62	4062.81	1429	0	20
2026.08.04	07:45:00	4062.80	4066.37	4062.54	4063.81	1594	0	20
2026.08.04	08:00:00	4063.81	4064.61	4057.26	4057.97	1737	0	20
2026.08.04	08:15:00	4057.97	4064.01	4057.38	4063.26	1603	0	20
2026.08.04	08:30:00	4063.28	4067.77	4059.15	4062.78	3134	0	20
2026.08.04	08:45:00	4062.80	4064.28	4058.62	4061.84	2876	0	20
2026.08.04	09:00:00	4061.76	4066.15	4061.69	4064.25	2834	0	20
2026.08.04	09:15:00	4064.22	4064.88	4059.53	4059.79	2522	0	20
2026.08.04	09:30:00	4059.89	4060.08	4055.61	4059.99	2540	0	20
2026.08.04	09:45:00	4060.08	4063.79	4058.85	4063.37	2476	0	20
2026.08.04	10:00:00	4063.36	4065.76	4060.85	4061.01	2866	0	20
2026.08.04	10:15:00	4061.09	4065.60	4060.95	4062.97	2793	0	20
2026.08.04	10:30:00	4062.96	4066.71	4061.44	4062.88	2433	0	20
2026.08.04	10:45:00	4062.88	4066.12	4062.27	4065.53	1996	0	20
2026.08.04	11:00:00	4065.56	4072.92	4064.57	4068.17	3376	0	20
2026.08.04	11:15:00	4068.14	4068.69	4060.29	4063.27	2448	0	20
2026.08.04	11:30:00	4063.27	4064.41	4058.42	4059.34	3136	0	20
2026.08.04	11:45:00	4059.30	4059.54	4054.47	4054.99	2853	0	20
2026.08.04	12:00:00	4054.98	4055.33	4048.59	4050.65	2794	0	20
2026.08.04	12:15:00	4050.65	4052.04	4048.70	4050.31	2598	0	20
2026.08.04	12:30:00	4050.34	4051.36	4046.26	4050.29	2206	0	20
2026.08.04	12:45:00	4050.24	4050.98	4047.37	4049.73	1978	0	20
2026.08.04	13:00:00	4049.74	4049.88	4046.88	4048.94	1936	0	20
2026.08.04	13:15:00	4048.92	4049.89	4045.56	4048.98	1520	0	20
2026.08.04	13:30:00	4049.00	4054.14	4046.52	4052.69	2234	0	20
2026.08.04	13:45:00	4052.72	4060.65	4052.44	4053.76	5078	0	20
2026.08.04	14:00:00	4053.78	4058.78	4052.31	4056.64	3642	0	20
2026.08.04	14:15:00	4056.66	4060.96	4055.47	4060.79	2638	0	20
2026.08.04	14:30:00	4060.88	4070.50	4059.88	4069.57	4206	0	20
2026.08.04	14:45:00	4069.72	4084.21	4067.03	4075.07	6514	0	20
2026.08.04	15:00:00	4075.21	4075.70	4061.10	4062.11	4929	0	20
2026.08.04	15:15:00	4062.17	4070.34	4061.07	4068.09	3922	0	20
2026.08.04	15:30:00	4068.12	4084.35	4068.12	4078.01	5048	0	20
2026.08.04	15:45:00	4078.04	4079.34	4069.41	4070.85	4135	0	20
2026.08.04	16:00:00	4070.86	4071.61	4061.15	4063.77	5023	0	20
2026.08.04	16:15:00	4063.77	4091.30	4062.32	4078.50	6002	0	20
2026.08.04	16:30:00	4078.48	4091.69	4075.99	4083.38	7115	0	20
2026.08.04	16:45:00	4083.30	4093.97	4081.74	4084.52	6362	0	20
2026.08.04	17:00:00	4084.28	4091.50	4083.13	4090.08	5673	0	20
2026.08.04	17:15:00	4090.05	4091.86	4080.66	4083.73	5500	0	20
2026.08.04	17:30:00	4083.70	4086.68	4074.30	4079.92	5936	0	20
2026.08.04	17:45:00	4079.63	4084.74	4077.69	4083.54	4414	0	20
2026.08.04	18:00:00	4083.54	4085.59	4079.67	4084.02	3747	0	20
2026.08.04	18:15:00	4084.01	4084.35	4074.71	4078.30	4863	0	20
2026.08.04	18:30:00	4078.32	4087.30	4076.61	4083.98	4409	0	20
2026.08.04	18:45:00	4083.96	4088.82	4082.80	4087.30	3480	0	20
2026.08.04	19:00:00	4087.33	4088.56	4084.35	4085.09	3413	0	20
2026.08.04	19:15:00	4085.08	4089.86	4083.05	4087.61	2850	0	20
2026.08.04	19:30:00	4087.62	4089.44	4084.93	4089.10	2514	0	20
2026.08.04	19:45:00	4089.10	4093.65	4088.65	4093.33	2509	0	20
2026.08.04	20:00:00	4093.32	4106.29	4092.42	4100.01	4325	0	20
2026.08.04	20:15:00	4100.02	4101.24	4094.20	4094.66	3641	0	20
2026.08.04	20:30:00	4094.62	4096.11	4091.69	4095.40	2374	0	20
2026.08.04	20:45:00	4095.29	4096.39	4086.02	4086.03	2901	0	20
2026.08.04	21:00:00	4085.96	4088.80	4084.84	4088.57	3265	0	20
2026.08.04	21:15:00	4088.46	4088.81	4084.29	4084.58	2650	0	20
2026.08.04	21:30:00	4084.64	4085.74	4076.25	4076.62	2933	0	20
2026.08.04	21:45:00	4076.63	4081.15	4075.19	4079.78	2418	0	20
2026.08.04	22:00:00	4079.84	4084.24	4078.71	4081.81	2084	0	20
2026.08.04	22:15:00	4081.82	4084.81	4079.39	4080.23	2331	0	20
2026.08.04	22:30:00	4080.14	4082.44	4078.93	4081.32	2183	0	20
2026.08.04	22:45:00	4081.27	4082.19	4076.26	4078.50	2713	0	20
2026.08.04	23:00:00	4078.48	4080.25	4078.25	4079.00	1853	0	20
2026.08.04	23:15:00	4078.95	4078.95	4074.59	4075.37	2010	0	20
2026.08.04	23:30:00	4075.32	4078.57	4075.24	4077.50	1479	0	20
2026.08.04	23:45:00	4077.46	4078.18	4076.10	4077.24	1521	0	20
2026.08.05	01:00:00	4079.94	4079.94	4076.38	4076.93	1072	0	22
2026.08.05	01:15:00	4076.86	4079.75	4075.71	4079.66	1997	0	20
2026.08.05	01:30:00	4079.68	4085.82	4079.21	4083.96	1930	0	20
2026.08.05	01:45:00	4083.93	4084.56	4075.69	4075.73	2627	0	20
2026.08.05	02:00:00	4075.75	4077.11	4068.47	4073.38	3582	0	20
2026.08.05	02:15:00	4073.37	4074.64	4065.40	4067.09	2727	0	20
2026.08.05	02:30:00	4067.10	4069.97	4065.73	4069.15	2558	0	20
2026.08.05	02:45:00	4069.17	4073.59	4069.04	4072.39	3591	0	20
2026.08.05	03:00:00	4072.67	4074.10	4070.33	4071.75	4569	0	20
2026.08.05	03:15:00	4071.80	4078.92	4071.31	4078.60	3786	0	20
2026.08.05	03:30:00	4078.61	4083.09	4078.07	4078.22	3434	0	20
2026.08.05	03:45:00	4078.21	4083.44	4077.70	4082.46	3764	0	20
2026.08.05	04:00:00	4082.57	4086.84	4077.55	4085.81	5668	0	20
2026.08.05	04:15:00	4085.82	4088.69	4082.58	4084.56	4825	0	20
2026.08.05	04:30:00	4084.51	4093.07	4080.03	4092.99	4804	0	20
2026.08.05	04:45:00	4093.00	4102.67	4092.74	4101.45	4250	0	20
2026.08.05	05:00:00	4101.40	4102.91	4096.47	4099.75	4481	0	20
2026.08.05	05:15:00	4099.76	4108.61	4095.50	4103.49	3753	0	20
2026.08.05	05:30:00	4103.52	4128.77	4101.43	4128.18	6279	0	20
2026.08.05	05:45:00	4128.21	4135.30	4124.50	4129.23	5663	0	20
2026.08.05	06:00:00	4129.19	4136.12	4126.95	4135.77	4251	0	20
2026.08.05	06:15:00	4135.80	4136.50	4129.93	4130.44	3445	0	20
2026.08.05	06:30:00	4130.46	4130.85	4127.55	4128.54	2232	0	20
2026.08.05	06:45:00	4128.55	4130.27	4127.52	4128.33	1619	0	20
2026.08.05	07:00:00	4128.25	4141.42	4128.25	4138.55	2817	0	20
2026.08.05	07:15:00	4138.63	4141.06	4137.84	4138.65	1949	0	20
2026.08.05	07:30:00	4138.81	4138.84	4133.43	4134.66	1723	0	20
2026.08.05	07:45:00	4134.60	4136.12	4132.42	4135.53	1614	0	20
2026.08.05	08:00:00	4135.52	4138.14	4134.69	4137.25	1910	0	20
2026.08.05	08:15:00	4137.25	4142.07	4135.62	4139.60	2042	0	20
2026.08.05	08:30:00	4139.59	4159.11	4139.59	4156.97	5878	0	20
2026.08.05	08:45:00	4156.93	4173.02	4156.79	4161.47	5696	0	20
2026.08.05	09:00:00	4161.43	4174.21	4160.08	4173.25	4303	0	20
2026.08.05	09:15:00	4173.15	4173.43	4160.86	4168.86	3975	0	20
2026.08.05	09:30:00	4168.84	4178.38	4167.11	4175.84	4472	0	20
2026.08.05	09:45:00	4175.85	4178.42	4172.28	4177.58	3846	0	20
2026.08.05	10:00:00	4177.88	4179.53	4166.29	4166.38	4552	0	20
2026.08.05	10:15:00	4166.38	4169.42	4163.13	4164.35	4320	0	20
2026.08.05	10:30:00	4164.36	4166.79	4162.32	4166.74	3828	0	20
2026.08.05	10:45:00	4166.78	4171.99	4164.34	4170.85	3103	0	20
2026.08.05	11:00:00	4170.78	4172.62	4164.81	4165.38	3196	0	20
2026.08.05	11:15:00	4165.40	4168.15	4162.14	4164.54	3556	0	20
2026.08.05	11:30:00	4164.53	4167.13	4161.45	4166.12	3800	0	20
2026.08.05	11:45:00	4166.13	4166.26	4158.97	4160.54	5133	0	20
2026.08.05	12:00:00	4160.62	4167.20	4160.52	4162.94	4316	0	20
2026.08.05	12:15:00	4162.93	4162.93	4155.20	4157.66	2781	0	20
2026.08.05	12:30:00	4157.70	4159.20	4154.55	4158.06	3243	0	20
2026.08.05	12:45:00	4158.05	4159.11	4153.08	4157.99	2307	0	20
2026.08.05	13:00:00	4158.00	4158.01	4150.29	4151.05	1974	0	20
2026.08.05	13:15:00	4151.01	4158.47	4150.11	4156.68	2339	0	20
2026.08.05	13:30:00	4156.69	4157.76	4153.87	4155.10	1857	0	20
2026.08.05	13:45:00	4155.47	4161.39	4154.06	4161.32	2265	0	20
2026.08.05	14:00:00	4161.12	4170.89	4160.72	4170.82	3203	0	20
2026.08.05	14:15:00	4170.81	4180.60	4169.32	4176.13	3479	0	20
2026.08.05	14:30:00	4176.19	4188.58	4174.07	4184.70	4857	0	20
2026.08.05	14:45:00	4184.75	4192.61	4182.84	4188.92	3781	0	20
2026.08.05	15:00:00	4188.99	4199.89	4188.91	4197.11	4727	0	20
2026.08.05	15:15:00	4197.90	4213.41	4197.90	4205.21	5689	0	20
2026.08.05	15:30:00	4205.25	4208.91	4192.79	4194.70	5528	0	20
2026.08.05	15:45:00	4194.71	4195.73	4183.20	4183.92	5137	0	20
2026.08.05	16:00:00	4183.72	4197.11	4183.72	4187.92	5862	0	20
2026.08.05	16:15:00	4187.93	4198.00	4185.63	4196.98	4810	0	20
2026.08.05	16:30:00	4197.12	4204.65	4192.62	4197.50	7452	0	20
2026.08.05	16:45:00	4197.52	4206.69	4189.48	4205.99	6774	0	20
2026.08.05	17:00:00	4205.58	4234.90	4203.46	4229.64	7797	0	20
2026.08.05	17:15:00	4229.64	4240.44	4226.71	4236.83	7444	0	20
2026.08.05	17:30:00	4236.61	4243.35	4228.64	4243.16	7169	0	20
2026.08.05	17:45:00	4243.26	4247.53	4233.29	4244.16	7163	0	20
2026.08.05	18:00:00	4244.13	4260.94	4242.79	4257.97	6739	0	20
2026.08.05	18:15:00	4257.88	4265.16	4250.07	4257.44	6143	0	20
2026.08.05	18:30:00	4257.50	4259.74	4252.36	4255.89	5160	0	20
2026.08.05	18:45:00	4255.83	4255.92	4232.20	4232.67	6118	0	20
2026.08.05	19:00:00	4232.72	4236.09	4224.70	4234.31	6597	0	20
2026.08.05	19:15:00	4234.27	4241.70	4232.69	4241.33	5393	0	20
2026.08.05	19:30:00	4241.42	4246.86	4238.98	4244.59	4721	0	20
2026.08.05	19:45:00	4244.60	4247.41	4238.29	4242.29	4602	0	20
2026.08.05	20:00:00	4242.32	4244.32	4239.20	4242.08	4667	0	20
2026.08.05	20:15:00	4241.99	4246.46	4236.85	4244.64	4578	0	20
2026.08.05	20:30:00	4244.72	4250.73	4240.83	4248.22	4259	0	20
2026.08.05	20:45:00	4248.22	4252.45	4247.56	4250.26	3160	0	20
2026.08.05	21:00:00	4250.23	4257.57	4249.16	4253.29	3529	0	20
2026.08.05	21:15:00	4253.12	4267.58	4253.00	4263.01	4201	0	20
2026.08.05	21:30:00	4263.00	4263.68	4254.70	4259.30	3193	0	20
2026.08.05	21:45:00	4259.35	4263.57	4257.92	4260.82	3285	0	20
2026.08.05	22:00:00	4260.83	4262.15	4256.16	4258.11	3709	0	20
2026.08.05	22:15:00	4258.22	4258.27	4250.54	4252.87	3618	0	20
2026.08.05	22:30:00	4252.99	4254.09	4248.28	4253.06	3811	0	20
2026.08.05	22:45:00	4252.96	4253.38	4246.41	4246.89	4276	0	20
2026.08.05	23:00:00	4246.95	4249.63	4246.65	4249.17	1951	0	20
2026.08.05	23:15:00	4249.24	4249.71	4245.49	4246.25	1323	0	20
2026.08.05	23:30:00	4246.20	4249.51	4245.17	4245.54	1166	0	20
2026.08.05	23:45:00	4245.53	4246.82	4242.92	4246.70	1278	0	20
2026.08.06	01:00:00	4247.51	4253.96	4245.64	4247.65	1810	0	24
2026.08.06	01:15:00	4247.66	4248.93	4246.91	4248.12	1133	0	21
2026.08.06	01:30:00	4247.67	4250.39	4247.66	4248.33	1598	0	20
2026.08.06	01:45:00	4248.30	4250.32	4247.84	4250.01	1351	0	20
2026.08.06	02:00:00	4250.00	4258.23	4249.10	4256.03	1997	0	20
2026.08.06	02:15:00	4256.07	4264.10	4255.92	4263.41	2515	0	20
2026.08.06	02:30:00	4263.43	4281.78	4260.94	4280.53	3949	0	20
2026.08.06	02:45:00	4280.44	4280.67	4272.12	4278.13	4387	0	20
2026.08.06	03:00:00	4278.18	4278.18	4264.45	4270.63	5696	0	20
2026.08.06	03:15:00	4270.64	4284.69	4270.64	4274.11	5935	0	20
2026.08.06	03:30:00	4273.87	4291.02	4273.87	4286.29	5689	0	20
2026.08.06	03:45:00	4286.32	4300.24	4286.01	4294.80	5271	0	20
2026.08.06	04:00:00	4294.76	4302.60	4280.13	4284.64	7288	0	20
2026.08.06	04:15:00	4284.66	4287.76	4272.88	4276.06	6471	0	20
2026.08.06	04:30:00	4276.04	4297.14	4275.75	4287.59	6578	0	20
2026.08.06	04:45:00	4287.56	4297.31	4283.12	4286.35	5023	0	20
2026.08.06	05:00:00	4286.33	4304.03	4283.33	4295.07	5700	0	20
2026.08.06	05:15:00	4295.12	4299.98	4291.74	4292.13	3311	0	20
2026.08.06	05:30:00	4292.09	4292.25	4280.81	4285.53	5010	0	20
2026.08.06	05:45:00	4285.57	4286.99	4274.82	4278.51	5067	0	20
2026.08.06	06:00:00	4278.45	4280.82	4273.87	4274.01	4821	0	20
2026.08.06	06:15:00	4273.99	4274.00	4260.85	4266.13	4746	0	20
2026.08.06	06:30:00	4266.03	4266.70	4261.44	4262.81	2983	0	20
2026.08.06	06:45:00	4262.81	4265.75	4260.39	4265.63	2927	0	20
2026.08.06	07:00:00	4265.64	4267.15	4262.11	4263.28	3035	0	20
2026.08.06	07:15:00	4263.29	4263.83	4252.99	4255.43	2810	0	20
2026.08.06	07:30:00	4255.45	4261.13	4255.45	4259.03	2460	0	20
2026.08.06	07:45:00	4259.07	4262.89	4258.33	4262.17	1790	0	20
2026.08.06	08:00:00	4261.94	4265.15	4256.55	4259.47	3057	0	20
2026.08.06	08:15:00	4259.48	4259.48	4253.07	4253.77	2690	0	20
2026.08.06	08:30:00	4253.81	4265.89	4247.09	4263.67	5055	0	20
2026.08.06	08:45:00	4263.75	4268.50	4262.08	4267.19	3624	0	20
2026.08.06	09:00:00	4267.21	4268.44	4256.66	4260.39	3683	0	20
2026.08.06	09:15:00	4260.34	4261.13	4254.52	4257.44	3311	0	20
2026.08.06	09:30:00	4257.47	4257.90	4249.26	4256.60	3219	0	20
2026.08.06	09:45:00	4256.56	4258.20	4251.03	4256.02	3860	0	20
2026.08.06	10:00:00	4255.98	4263.65	4253.22	4263.18	3119	0	20
2026.08.06	10:15:00	4263.27	4265.26	4258.39	4261.86	2747	0	20
2026.08.06	10:30:00	4261.84	4261.97	4254.84	4255.02	2238	0	20
2026.08.06	10:45:00	4255.03	4262.88	4252.40	4262.69	3309	0	20
2026.08.06	11:00:00	4262.71	4269.38	4260.23	4268.96	3157	0	20
2026.08.06	11:15:00	4268.92	4270.42	4263.67	4267.77	3152	0	20
2026.08.06	11:30:00	4267.79	4274.81	4266.51	4273.12	2981	0	20
2026.08.06	11:45:00	4273.10	4278.84	4270.44	4278.21	3515	0	20
2026.08.06	12:00:00	4278.18	4283.50	4275.96	4279.77	3360	0	20
2026.08.06	12:15:00	4279.95	4284.73	4278.59	4283.29	2748	0	20
2026.08.06	12:30:00	4283.32	4284.18	4271.87	4271.89	3272	0	20
2026.08.06	12:45:00	4271.99	4276.16	4271.28	4273.10	2592	0	20
2026.08.06	13:00:00	4273.06	4273.63	4268.63	4269.51	3082	0	20
2026.08.06	13:15:00	4269.55	4270.94	4267.28	4269.27	2523	0	20
2026.08.06	13:30:00	4269.26	4269.72	4264.58	4265.37	2251	0	20
2026.08.06	13:45:00	4265.35	4271.49	4264.75	4270.80	2214	0	20
2026.08.06	14:00:00	4270.84	4273.35	4266.51	4268.99	4028	0	20
2026.08.06	14:15:00	4269.01	4271.49	4260.65	4264.19	2859	0	20
2026.08.06	14:30:00	4264.29	4266.90	4259.77	4260.70	2891	0	20
2026.08.06	14:45:00	4260.74	4263.53	4254.14	4263.20	4292	0	20
2026.08.06	15:00:00	4263.25	4265.77	4255.46	4256.21	3742	0	20
2026.08.06	15:15:00	4256.24	4262.87	4253.26	4261.59	3781	0	20
2026.08.06	15:30:00	4261.63	4270.80	4258.05	4267.07	3797	0	20
2026.08.06	15:45:00	4267.22	4267.64	4249.01	4250.13	4398	0	20
2026.08.06	16:00:00	4250.30	4255.74	4230.67	4238.36	6095	0	20
2026.08.06	16:15:00	4238.32	4248.17	4235.88	4247.61	4905	0	20
2026.08.06	16:30:00	4247.64	4274.25	4245.93	4270.40	6591	0	20
2026.08.06	16:45:00	4270.13	4270.26	4262.33	4267.10	5944	0	20
2026.08.06	17:00:00	4267.11	4275.34	4264.07	4268.30	6087	0	20
2026.08.06	17:15:00	4268.32	4268.96	4260.10	4265.43	5196	0	20
2026.08.06	17:30:00	4265.73	4274.87	4265.73	4273.59	5126	0	20
2026.08.06	17:45:00	4273.53	4275.13	4262.85	4273.02	4924	0	20
2026.08.06	18:00:00	4273.04	4274.47	4261.95	4263.76	5333	0	20
2026.08.06	18:15:00	4263.80	4263.80	4250.60	4254.78	5688	0	20
2026.08.06	18:30:00	4254.83	4255.52	4246.04	4251.41	4718	0	20
2026.08.06	18:45:00	4251.43	4251.48	4229.26	4233.60	5829	0	20
2026.08.06	19:00:00	4233.87	4243.09	4230.87	4232.77	5871	0	20
2026.08.06	19:15:00	4232.71	4232.99	4223.38	4230.08	5613	0	20
2026.08.06	19:30:00	4230.02	4235.98	4230.02	4233.40	4709	0	20
2026.08.06	19:45:00	4233.40	4242.52	4231.67	4241.34	4069	0	20
2026.08.06	20:00:00	4241.34	4244.59	4239.43	4240.99	3589	0	20
2026.08.06	20:15:00	4241.00	4242.72	4238.58	4241.70	3572	0	20
2026.08.06	20:30:00	4241.15	4243.60	4238.55	4242.09	2683	0	20
2026.08.06	20:45:00	4242.19	4248.19	4240.44	4247.20	2634	0	20
2026.08.06	21:00:00	4247.25	4249.06	4244.06	4246.85	2496	0	20
2026.08.06	21:15:00	4246.89	4249.58	4246.07	4246.74	2470	0	20
2026.08.06	21:30:00	4246.76	4247.77	4240.75	4241.86	2061	0	20
2026.08.06	21:45:00	4241.88	4245.66	4240.78	4243.43	1798	0	20
2026.08.06	22:00:00	4243.50	4251.28	4243.04	4247.46	2506	0	20
2026.08.06	22:15:00	4247.43	4248.55	4235.29	4237.45	3192	0	20
2026.08.06	22:30:00	4237.14	4239.66	4233.06	4234.69	3735	0	20
2026.08.06	22:45:00	4234.74	4250.56	4234.72	4248.89	4128	0	20
2026.08.06	23:00:00	4248.77	4250.16	4242.89	4244.58	1934	0	20
2026.08.06	23:15:00	4244.80	4245.62	4239.84	4241.83	1455	0	20
2026.08.06	23:30:00	4241.81	4242.43	4235.03	4235.25	1291	0	20
2026.08.06	23:45:00	4235.27	4242.01	4234.65	4240.68	1417	0	20
2026.08.07	01:00:00	4241.13	4241.46	4235.78	4238.85	797	0	21
2026.08.07	01:15:00	4238.83	4243.39	4238.82	4242.29	1163	0	20
2026.08.07	01:30:00	4242.36	4243.33	4238.98	4239.47	1088	0	20
2026.08.07	01:45:00	4239.43	4242.81	4238.94	4240.75	731	0	20
2026.08.07	02:00:00	4240.77	4245.52	4240.19	4245.39	1558	0	20
2026.08.07	02:15:00	4245.33	4246.20	4243.03	4245.09	1439	0	21
2026.08.07	02:30:00	4245.07	4248.67	4244.90	4246.65	1469	0	20
2026.08.07	02:45:00	4246.70	4253.14	4245.75	4252.39	3522	0	20
2026.08.07	03:00:00	4252.42	4252.80	4243.38	4244.76	4104	0	20
2026.08.07	03:15:00	4244.77	4246.13	4239.07	4243.75	4401	0	20
2026.08.07	03:30:00	4243.90	4243.92	4230.28	4234.65	4153	0	20
2026.08.07	03:45:00	4234.66	4236.81	4229.66	4232.77	5184	0	20
2026.08.07	04:00:00	4232.85	4246.63	4231.72	4244.05	6084	0	20
2026.08.07	04:15:00	4244.12	4250.12	4240.15	4243.31	5099	0	20
2026.08.07	04:30:00	4243.27	4258.52	4239.17	4256.68	5035	0	20
2026.08.07	04:45:00	4256.67	4259.17	4251.77	4256.73	4615	0	20
2026.08.07	05:00:00	4256.73	4261.65	4256.04	4258.57	4383	0	20
2026.08.07	05:15:00	4258.56	4261.26	4257.44	4260.69	2038	0	20
2026.08.07	05:30:00	4260.77	4261.68	4249.77	4249.78	4020	0	20
2026.08.07	05:45:00	4249.67	4256.06	4247.18	4250.29	3527	0	20
2026.08.07	06:00:00	4250.29	4259.34	4249.61	4254.84	3495	0	20
2026.08.07	06:15:00	4254.83	4258.71	4252.00	4258.55	2881	0	20
2026.08.07	06:30:00	4258.46	4261.22	4257.63	4260.61	1828	0	20
2026.08.07	06:45:00	4260.62	4266.26	4259.20	4266.11	2213	0	20
2026.08.07	07:00:00	4266.03	4269.02	4262.27	4266.00	2950	0	20
2026.08.07	07:15:00	4265.95	4268.34	4262.01	4264.93	2698	0	20
2026.08.07	07:30:00	4264.94	4268.51	4260.73	4263.94	2649	0	20
2026.08.07	07:45:00	4263.94	4267.21	4262.27	4265.04	1429	0	20
2026.08.07	08:00:00	4265.07	4271.30	4261.90	4269.37	2872	0	20
2026.08.07	08:15:00	4269.34	4270.67	4264.77	4266.59	2237	0	20
2026.08.07	08:30:00	4266.81	4277.32	4265.94	4271.41	4061	0	20
2026.08.07	08:45:00	4271.41	4280.47	4271.40	4278.58	3701	0	20
2026.08.07	09:00:00	4278.62	4291.61	4278.37	4286.63	3730	0	20
2026.08.07	09:15:00	4286.59	4291.16	4283.11	4283.22	4013	0	20
2026.08.07	09:30:00	4283.26	4295.01	4280.03	4292.07	3750	0	20
2026.08.07	09:45:00	4292.07	4298.65	4288.69	4297.21	4125	0	20
2026.08.07	10:00:00	4297.20	4297.80	4290.27	4291.25	2940	0	20
2026.08.07	10:15:00	4291.23	4292.70	4284.74	4285.42	2902	0	20
2026.08.07	10:30:00	4285.21	4288.74	4283.92	4285.08	2680	0	20
2026.08.07	10:45:00	4285.08	4291.10	4282.90	4290.02	2546	0	20
2026.08.07	11:00:00	4290.20	4300.51	4289.02	4299.72	3530	0	20
2026.08.07	11:15:00	4299.75	4300.66	4293.26	4294.91	3168	0	20
2026.08.07	11:30:00	4294.88	4316.70	4294.07	4309.03	4051	0	20
2026.08.07	11:45:00	4309.06	4311.35	4303.32	4306.02	2930	0	20
2026.08.07	12:00:00	4306.10	4307.23	4304.55	4305.99	2545	0	20
2026.08.07	12:15:00	4305.95	4311.02	4304.77	4306.66	2660	0	20
2026.08.07	12:30:00	4306.73	4318.49	4302.30	4317.43	3214	0	20
2026.08.07	12:45:00	4317.47	4320.76	4314.45	4316.18	3628	0	20
2026.08.07	13:00:00	4316.16	4319.42	4308.07	4308.25	2950	0	20
2026.08.07	13:15:00	4308.26	4314.44	4308.22	4313.80	2442	0	20
2026.08.07	13:30:00	4313.85	4318.34	4313.23	4316.91	2862	0	20
2026.08.07	13:45:00	4317.09	4320.73	4316.33	4316.92	2940	0	20
2026.08.07	14:00:00	4317.07	4326.17	4316.78	4320.28	3338	0	20
2026.08.07	14:15:00	4320.34	4327.36	4317.14	4325.16	3506	0	20
2026.08.07	14:30:00	4325.16	4327.76	4320.88	4322.85	3048	0	20
2026.08.07	14:45:00	4322.83	4327.09	4320.88	4321.22	2999	0	20
2026.08.07	15:00:00	4321.20	4325.35	4314.85	4315.08	3702	0	20
2026.08.07	15:15:00	4315.06	4317.18	4301.73	4310.92	4409	0	20
2026.08.07	15:30:00	4311.81	4370.75	4309.47	4367.02	8380	0	20
2026.08.07	15:45:00	4367.08	4371.82	4355.62	4361.36	7201	0	20
2026.08.07	16:00:00	4361.52	4363.90	4345.97	4347.75	6952	0	20
2026.08.07	16:15:00	4347.61	4358.06	4339.12	4356.20	6244	0	20
2026.08.07	16:30:00	4356.56	4368.02	4350.18	4358.51	7647	0	20
2026.08.07	16:45:00	4358.52	4359.80	4342.36	4348.18	7006	0	20
2026.08.07	17:00:00	4348.26	4349.02	4327.44	4334.37	7913	0	20
2026.08.07	17:15:00	4334.35	4352.98	4330.39	4348.84	7162	0	20
2026.08.07	17:30:00	4348.94	4350.68	4342.42	4344.20	6950	0	20
2026.08.07	17:45:00	4344.21	4348.91	4340.34	4341.40	6478	0	20
2026.08.07	18:00:00	4341.39	4355.90	4340.20	4355.23	6248	0	20
2026.08.07	18:15:00	4355.26	4358.35	4350.94	4351.35	5542	0	20
2026.08.07	18:30:00	4351.37	4353.89	4347.09	4349.46	5353	0	20
2026.08.07	18:45:00	4349.50	4351.84	4339.73	4340.82	4681	0	20
2026.08.07	19:00:00	4340.91	4349.51	4338.44	4347.50	4767	0	20
2026.08.07	19:15:00	4347.41	4349.48	4334.32	4337.52	5196	0	20
2026.08.07	19:30:00	4337.49	4342.09	4332.57	4338.65	5184	0	20
2026.08.07	19:45:00	4338.64	4342.16	4329.05	4329.18	5038	0	20
2026.08.07	20:00:00	4329.01	4338.35	4327.70	4335.55	4367	0	20
2026.08.07	20:15:00	4335.50	4342.13	4333.71	4339.53	4242	0	20
2026.08.07	20:30:00	4339.60	4340.03	4329.74	4336.04	4319	0	20
2026.08.07	20:45:00	4336.03	4342.96	4334.88	4340.12	3626	0	20
2026.08.07	21:00:00	4340.13	4342.92	4334.81	4334.99	3100	0	20
2026.08.07	21:15:00	4334.90	4338.03	4332.08	4334.39	3151	0	20
2026.08.07	21:30:00	4334.35	4339.00	4333.41	4334.37	2697	0	20
2026.08.07	21:45:00	4334.33	4337.60	4333.17	4335.51	2216	0	20
2026.08.07	22:00:00	4335.54	4345.82	4335.40	4343.62	4573	0	20
2026.08.07	22:15:00	4343.63	4350.37	4343.04	4348.64	4467	0	20
2026.08.07	22:30:00	4348.56	4348.93	4344.35	4347.77	3656	0	20
2026.08.07	22:45:00	4347.79	4349.32	4339.98	4343.92	4269	0	20
2026.08.07	23:00:00	4343.93	4345.21	4337.99	4342.37	1925	0	20
2026.08.07	23:15:00	4342.34	4342.85	4337.12	4337.74	1186	0	20
2026.08.07	23:30:00	4337.77	4342.07	4335.90	4341.25	861	0	20
2026.08.07	23:45:00	4341.15	4342.18	4338.86	4342.02	1436	0	20
2026.08.10	01:00:00	4341.45	4351.00	4331.49	4343.41	2919	0	45
2026.08.10	01:15:00	4343.41	4344.58	4338.06	4343.46	1730	0	20
2026.08.10	01:30:00	4343.50	4345.23	4340.06	4340.40	1928	0	22
2026.08.10	01:45:00	4340.33	4344.13	4340.07	4341.67	1353	0	22
2026.08.10	02:00:00	4341.71	4347.62	4341.22	4346.58	1657	0	22
2026.08.10	02:15:00	4346.62	4349.05	4344.17	4346.53	1559	0	20
2026.08.10	02:30:00	4346.54	4347.40	4339.98	4342.11	2070	0	20
2026.08.10	02:45:00	4342.10	4343.17	4332.08	4332.71	3268	0	23
2026.08.10	03:00:00	4332.58	4347.07	4332.58	4344.36	5005	0	20
2026.08.10	03:15:00	4344.38	4345.59	4337.33	4337.60	3848	0	20
2026.08.10	03:30:00	4337.61	4339.36	4333.59	4334.49	3819	0	20
2026.08.10	03:45:00	4334.47	4337.45	4330.72	4332.11	3998	0	20
2026.08.10	04:00:00	4332.17	4340.73	4322.11	4323.13	7416	0	20
2026.08.10	04:15:00	4323.18	4328.14	4316.39	4316.40	4961	0	20
2026.08.10	04:30:00	4316.37	4320.85	4313.43	4317.39	4818	0	20
2026.08.10	04:45:00	4317.41	4324.05	4315.99	4322.28	4137	0	20
2026.08.10	05:00:00	4322.44	4325.77	4318.57	4324.42	3804	0	20
2026.08.10	05:15:00	4324.50	4332.17	4323.47	4330.87	3129	0	20
2026.08.10	05:30:00	4330.91	4332.39	4323.15	4326.45	4412	0	20
2026.08.10	05:45:00	4326.37	4327.37	4318.84	4319.71	3888	0	20
2026.08.10	06:00:00	4319.76	4321.14	4317.60	4320.07	3618	0	20
2026.08.10	06:15:00	4320.00	4328.22	4319.58	4327.25	3490	0	20
2026.08.10	06:30:00	4327.27	4330.04	4324.77	4325.12	2460	0	20
2026.08.10	06:45:00	4325.09	4327.86	4324.20	4326.60	1475	0	20
2026.08.10	07:00:00	4326.63	4332.83	4322.99	4332.38	2424	0	20
2026.08.10	07:15:00	4332.41	4337.51	4330.79	4334.69	2481	0	20
2026.08.10	07:30:00	4334.65	4336.27	4329.74	4332.25	2173	0	20
2026.08.10	07:45:00	4332.10	4339.54	4331.81	4339.47	2495	0	20
2026.08.10	08:00:00	4339.42	4339.73	4333.51	4334.93	2058	0	20
2026.08.10	08:15:00	4334.97	4336.32	4332.74	4333.80	1585	0	20
2026.08.10	08:30:00	4333.81	4344.36	4331.51	4343.50	4820	0	20
2026.08.10	08:45:00	4343.39	4352.09	4340.71	4347.27	3744	0	20
2026.08.10	09:00:00	4347.28	4350.02	4341.91	4347.19	3343	0	20
2026.08.10	09:15:00	4347.22	4349.72	4342.53	4348.10	3222	0	20
2026.08.10	09:30:00	4348.12	4355.45	4346.06	4355.05	3001	0	20
2026.08.10	09:45:00	4355.12	4359.67	4354.92	4358.04	2947	0	20
2026.08.10	10:00:00	4358.09	4358.69	4350.04	4350.97	3177	0	20
2026.08.10	10:15:00	4350.96	4358.84	4350.32	4355.00	2783	0	20
2026.08.10	10:30:00	4355.04	4359.88	4352.67	4359.27	2619	0	20
2026.08.10	10:45:00	4359.23	4361.94	4354.96	4355.39	2794	0	20
2026.08.10	11:00:00	4355.38	4356.18	4351.56	4354.36	2549	0	20
2026.08.10	11:15:00	4354.48	4356.21	4352.28	4355.59	2039	0	20
2026.08.10	11:30:00	4355.55	4356.65	4345.72	4346.24	2663	0	20
2026.08.10	11:45:00	4346.22	4349.01	4343.79	4346.55	2697	0	20
2026.08.10	12:00:00	4346.60	4350.01	4345.57	4349.68	2558	0	20
2026.08.10	12:15:00	4349.69	4349.73	4344.85	4346.92	1779	0	20
2026.08.10	12:30:00	4346.88	4346.88	4340.47	4344.20	2405	0	20
2026.08.10	12:45:00	4344.15	4345.36	4340.90	4341.20	1820	0	20
2026.08.10	13:00:00	4341.12	4341.50	4339.10	4340.64	2389	0	20
2026.08.10	13:15:00	4340.63	4344.11	4339.24	4343.55	2072	0	20
2026.08.10	13:30:00	4343.54	4344.10	4337.84	4337.88	2163	0	20
2026.08.10	13:45:00	4337.85	4340.60	4335.43	4335.73	2066	0	20
2026.08.10	14:00:00	4335.75	4336.83	4329.30	4331.48	2822	0	20
2026.08.10	14:15:00	4331.38	4336.33	4328.90	4334.47	2234	0	20
2026.08.10	14:30:00	4334.45	4339.28	4334.41	4337.28	2070	0	20
2026.08.10	14:45:00	4337.23	4337.79	4331.98	4335.01	2127	0	20
2026.08.10	15:00:00	4334.97	4337.43	4331.28	4331.64	2805	0	20
2026.08.10	15:15:00	4331.65	4332.44	4324.13	4327.56	3281	0	20
2026.08.10	15:30:00	4327.52	4332.39	4326.15	4328.94	3550	0	20
2026.08.10	15:45:00	4328.97	4335.62	4328.66	4332.52	3024	0	20
2026.08.10	16:00:00	4332.54	4337.74	4325.98	4337.19	4442	0	20
2026.08.10	16:15:00	4337.30	4337.71	4329.19	4335.09	3609	0	20
2026.08.10	16:30:00	4335.10	4339.79	4329.89	4330.78	6908	0	20
2026.08.10	16:45:00	4330.94	4331.81	4316.67	4317.88	6012	0	20
2026.08.10	17:00:00	4317.89	4331.10	4317.89	4330.10	4579	0	20
2026.08.10	17:15:00	4330.14	4348.18	4328.50	4345.53	5746	0	20
2026.08.10	17:30:00	4345.48	4351.88	4344.83	4349.58	5436	0	20
2026.08.10	17:45:00	4349.55	4350.78	4342.72	4345.51	5093	0	20
2026.08.10	18:00:00	4345.52	4352.20	4343.32	4346.99	4902	0	20
2026.08.10	18:15:00	4346.91	4352.38	4345.99	4349.28	3935	0	20
2026.08.10	18:30:00	4349.31	4351.95	4347.94	4350.27	3732	0	20
2026.08.10	18:45:00	4350.34	4359.54	4348.64	4358.57	4115	0	20
2026.08.10	19:00:00	4358.63	4364.79	4356.79	4361.40	4440	0	20
2026.08.10	19:15:00	4361.48	4364.62	4360.97	4362.68	3104	0	20
2026.08.10	19:30:00	4362.70	4363.06	4349.66	4351.66	4463	0	20
2026.08.10	19:45:00	4351.68	4356.94	4351.67	4356.77	3015	0	20
2026.08.10	20:00:00	4357.14	4358.12	4351.65	4357.12	2614	0	20
2026.08.10	20:15:00	4356.88	4361.30	4356.25	4361.16	2809	0	20
2026.08.10	20:30:00	4361.11	4365.35	4359.52	4360.24	2716	0	20
2026.08.10	20:45:00	4360.23	4361.20	4357.68	4360.20	3036	0	20
2026.08.10	21:00:00	4360.28	4365.26	4359.81	4362.93	2815	0	20
2026.08.10	21:15:00	4362.97	4367.15	4361.44	4365.85	3181	0	20
2026.08.10	21:30:00	4365.89	4382.95	4365.14	4379.67	4565	0	20
2026.08.10	21:45:00	4379.72	4379.82	4373.44	4378.55	3700	0	20
2026.08.10	22:00:00	4378.76	4382.78	4378.63	4382.03	3832	0	20
2026.08.10	22:15:00	4382.05	4391.62	4381.21	4390.73	4368	0	20
2026.08.10	22:30:00	4390.74	4394.07	4384.44	4388.15	4390	0	20
2026.08.10	22:45:00	4388.15	4395.21	4387.25	4388.25	4805	0	20
2026.08.10	23:00:00	4388.30	4390.69	4385.62	4389.27	1625	0	20
2026.08.10	23:15:00	4389.33	4392.05	4386.58	4391.09	1448	0	20
2026.08.10	23:30:00	4391.10	4392.01	4389.90	4389.90	1175	0	20
2026.08.10	23:45:00	4389.85	4390.60	4388.60	4390.36	1207	0	20
2026.08.11	01:00:00	4390.10	4393.20	4388.90	4391.61	1569	0	24
2026.08.11	01:15:00	4391.60	4393.63	4391.13	4392.17	1050	0	20
2026.08.11	01:30:00	4392.22	4396.25	4392.12	4395.42	1476	0	20
2026.08.11	01:45:00	4395.41	4400.79	4395.40	4399.82	1682	0	20
2026.08.11	02:00:00	4399.31	4401.97	4395.80	4397.46	2135	0	20
2026.08.11	02:15:00	4397.37	4397.55	4394.73	4395.41	1392	0	20
2026.08.11	02:30:00	4395.38	4398.96	4395.22	4398.79	1342	0	20
2026.08.11	02:45:00	4398.95	4402.70	4396.44	4402.38	2948	0	20
2026.08.11	03:00:00	4402.36	4408.88	4396.34	4405.37	4272	0	20
2026.08.11	03:15:00	4405.36	4416.06	4404.50	4413.91	3256	0	20
2026.08.11	03:30:00	4413.93	4414.09	4407.40	4414.07	3224	0	20
2026.08.11	03:45:00	4414.17	4419.28	4408.32	4409.34	3387	0	20
2026.08.11	04:00:00	4409.37	4415.28	4393.69	4414.58	6606	0	20
2026.08.11	04:15:00	4414.56	4420.33	4412.63	4419.16	5231	0	20
2026.08.11	04:30:00	4419.21	4422.61	4414.93	4415.14	4582	0	20
2026.08.11	04:45:00	4414.77	4433.85	4414.36	4429.65	4519	0	20
2026.08.11	05:00:00	4429.60	4434.44	4421.55	4433.74	4238	0	20
2026.08.11	05:15:00	4433.81	4435.11	4426.02	4428.48	3222	0	20
2026.08.11	05:30:00	4428.45	4429.13	4413.73	4418.38	4869	0	20
2026.08.11	05:45:00	4418.46	4419.00	4408.06	4410.85	4502	0	20
2026.08.11	06:00:00	4410.78	4415.21	4409.65	4413.29	3878	0	20
2026.08.11	06:15:00	4413.28	4420.66	4412.84	4420.29	3424	0	20
2026.08.11	06:30:00	4420.26	4421.48	4415.53	4415.86	2018	0	20
2026.08.11	06:45:00	4415.88	4418.70	4413.99	4416.73	1828	0	20
2026.08.11	07:00:00	4416.76	4419.51	4412.15	4413.87	1973	0	20
2026.08.11	07:15:00	4413.90	4415.74	4409.88	4415.24	1947	0	20
2026.08.11	07:30:00	4415.23	4420.16	4408.24	4409.98	3361	0	20
2026.08.11	07:45:00	4409.95	4411.13	4403.31	4408.72	2711	0	20
2026.08.11	08:00:00	4408.75	4408.91	4399.28	4402.05	2301	0	20
2026.08.11	08:15:00	4401.98	4402.06	4390.84	4392.39	2936	0	20
2026.08.11	08:30:00	4392.34	4392.34	4372.62	4377.11	6290	0	20
2026.08.11	08:45:00	4377.14	4378.30	4367.49	4375.22	4880	0	20
2026.08.11	09:00:00	4375.23	4382.39	4371.56	4372.76	4729	0	20
2026.08.11	09:15:00	4372.74	4376.00	4361.92	4363.38	4574	0	20
2026.08.11	09:30:00	4363.36	4369.14	4359.81	4363.67	4418	0	20
2026.08.11	09:45:00	4363.70	4367.49	4359.71	4366.17	3604	0	20
2026.08.11	10:00:00	4366.15	4367.59	4361.20	4363.26	3215	0	20
2026.08.11	10:15:00	4363.30	4365.88	4357.56	4362.99	2900	0	20
2026.08.11	10:30:00	4363.09	4364.87	4356.65	4358.38	3022	0	20
2026.08.11	10:45:00	4358.80	4361.61	4356.66	4357.68	2557	0	20
2026.08.11	11:00:00	4357.94	4366.67	4356.98	4364.99	2990	0	20
2026.08.11	11:15:00	4364.96	4369.62	4359.03	4369.03	3088	0	20
2026.08.11	11:30:00	4368.92	4375.83	4368.54	4374.68	2978	0	20
2026.08.11	11:45:00	4374.70	4376.51	4369.01	4369.06	2744	0	20
2026.08.11	12:00:00	4369.03	4372.84	4367.50	4372.34	2413	0	20
2026.08.11	12:15:00	4372.32	4375.44	4370.66	4371.79	3167	0	20
2026.08.11	12:30:00	4371.69	4374.94	4370.18	4370.43	2353	0	20
2026.08.11	12:45:00	4370.41	4374.70	4370.34	4372.32	1703	0	20
2026.08.11	13:00:00	4372.34	4375.90	4371.12	4373.05	2104	0	20
2026.08.11	13:15:00	4373.03	4381.78	4372.31	4378.24	2787	0	20
2026.08.11	13:30:00	4378.22	4380.95	4376.88	4377.60	2573	0	20
2026.08.11	13:45:00	4377.59	4382.44	4377.50	4382.29	2206	0	20
2026.08.11	14:00:00	4382.33	4392.85	4380.32	4391.19	5188	0	20
2026.08.11	14:15:00	4391.36	4392.22	4385.08	4387.28	3324	0	20
2026.08.11	14:30:00	4387.32	4387.99	4382.94	4386.28	2494	0	20
2026.08.11	14:45:00	4385.98	4389.72	4384.83	4387.66	2704	0	20
2026.08.11	15:00:00	4387.67	4397.46	4383.85	4396.82	3778	0	20
2026.08.11	15:15:00	4396.91	4399.54	4387.45	4391.14	4463	0	20
2026.08.11	15:30:00	4391.27	4398.59	4388.74	4398.58	3737	0	20
2026.08.11	15:45:00	4398.55	4400.13	4392.11	4392.51	2924	0	20
2026.08.11	16:00:00	4392.51	4401.01	4391.84	4393.82	4800	0	20
2026.08.11	16:15:00	4393.85	4400.91	4389.57	4397.90	4439	0	20
2026.08.11	16:30:00	4398.07	4401.88	4389.00	4399.80	6416	0	20
2026.08.11	16:45:00	4399.91	4404.14	4384.46	4389.15	6155	0	20
2026.08.11	17:00:00	4389.11	4389.99	4381.15	4386.99	5416	0	20
2026.08.11	17:15:00	4387.01	4390.19	4381.65	4383.99	4805	0	20
2026.08.11	17:30:00	4384.20	4395.42	4384.20	4393.54	5010	0	20
2026.08.11	17:45:00	4393.56	4398.01	4391.91	4394.15	4286	0	20
2026.08.11	18:00:00	4394.22	4398.88	4389.24	4392.30	4488	0	20
2026.08.11	18:15:00	4392.32	4392.32	4381.95	4386.62	5003	0	20
2026.08.11	18:30:00	4386.67	4386.90	4369.13	4375.88	5677	0	20
2026.08.11	18:45:00	4375.91	4383.93	4374.93	4383.83	4067	0	20
2026.08.11	19:00:00	4383.81	4384.84	4378.74	4379.53	3402	0	20
2026.08.11	19:15:00	4379.66	4383.49	4378.55	4382.98	3027	0	20
2026.08.11	19:30:00	4382.88	4385.86	4379.32	4384.77	2562	0	20
2026.08.11	19:45:00	4384.84	4385.49	4381.14	4383.46	2765	0	20
2026.08.11	20:00:00	4383.52	4385.72	4381.05	4381.09	2905	0	20
2026.08.11	20:15:00	4381.11	4384.32	4378.88	4381.31	3175	0	20
2026.08.11	20:30:00	4381.36	4381.95	4374.37	4376.31	2891	0	20
2026.08.11	20:45:00	4376.29	4377.60	4368.91	4369.14	2631	0	20
2026.08.11	21:00:00	4369.17	4369.17	4360.27	4363.81	3951	0	20
2026.08.11	21:15:00	4363.67	4367.20	4360.40	4361.31	3339	0	20
2026.08.11	21:30:00	4361.31	4371.78	4361.12	4371.09	2712	0	20
2026.08.11	21:45:00	4371.09	4372.75	4369.97	4371.50	1956	0	20
2026.08.11	22:00:00	4371.51	4372.14	4363.32	4363.68	2453	0	20
2026.08.11	22:15:00	4363.73	4370.85	4361.20	4370.38	2572	0	20
2026.08.11	22:30:00	4370.42	4374.18	4366.41	4367.57	2760	0	20
2026.08.11	22:45:00	4367.60	4373.22	4366.27	4370.65	2927	0	20
2026.08.11	23:00:00	4370.86	4371.00	4368.35	4370.28	1304	0	20
2026.08.11	23:15:00	4370.30	4370.92	4367.62	4370.24	782	0	20
2026.08.11	23:30:00	4370.26	4370.45	4367.51	4367.58	853	0	20
2026.08.11	23:45:00	4367.54	4368.86	4367.10	4368.17	926	0	20
2026.08.12	01:00:00	4370.84	4375.31	4370.49	4373.77	1392	0	25
2026.08.12	01:15:00	4373.73	4376.86	4373.20	4376.43	1707	0	20
2026.08.12	01:30:00	4376.45	4377.95	4375.11	4376.26	1644	0	20
2026.08.12	01:45:00	4376.25	4378.41	4367.19	4369.08	2610	0	20
2026.08.12	02:00:00	4369.64	4369.65	4362.40	4366.40	2997	0	20
2026.08.12	02:15:00	4366.35	4374.40	4365.11	4372.81	2198	0	20
2026.08.12	02:30:00	4372.80	4372.90	4366.70	4367.93	1721	0	20
2026.08.12	02:45:00	4367.92	4371.63	4367.92	4371.52	2014	0	20
2026.08.12	03:00:00	4371.46	4379.25	4366.54	4377.97	3702	0	20
2026.08.12	03:15:00	4378.00	4381.12	4374.05	4380.80	3502	0	20
2026.08.12	03:30:00	4380.79	4383.65	4379.43	4382.89	3126	0	20
2026.08.12	03:45:00	4382.81	4383.16	4377.69	4380.52	2981	0	20
2026.08.12	04:00:00	4380.53	4390.70	4378.36	4390.36	4785	0	20
2026.08.12	04:15:00	4390.32	4393.96	4386.68	4390.53	3621	0	20
2026.08.12	04:30:00	4390.55	4393.19	4385.21	4393.04	3962	0	20
2026.08.12	04:45:00	4393.10	4397.40	4391.08	4396.48	3573	0	20
2026.08.12	05:00:00	4396.55	4404.65	4394.18	4401.68	3410	0	20
2026.08.12	05:15:00	4401.68	4403.65	4399.37	4402.17	2682	0	20
2026.08.12	05:30:00	4402.18	4408.19	4397.77	4405.56	3695	0	20
2026.08.12	05:45:00	4405.50	4414.51	4405.36	4411.35	3666	0	20
2026.08.12	06:00:00	4411.33	4415.96	4408.61	4410.78	3577	0	20
2026.08.12	06:15:00	4410.79	4410.81	4404.50	4407.36	3100	0	20
2026.08.12	06:30:00	4407.35	4408.76	4401.38	4401.53	2520	0	20
2026.08.12	06:45:00	4401.51	4403.72	4400.82	4402.28	1861	0	20
2026.08.12	07:00:00	4402.27	4403.18	4396.56	4397.44	1700	0	20
2026.08.12	07:15:00	4397.38	4399.28	4395.52	4399.03	1597	0	20
2026.08.12	07:30:00	4399.01	4400.06	4395.37	4400.00	1645	0	20
2026.08.12	07:45:00	4400.00	4402.33	4399.25	4401.02	1583	0	20
2026.08.12	08:00:00	4401.01	4404.82	4400.11	4400.80	1850	0	20
2026.08.12	08:15:00	4400.76	4400.83	4392.48	4392.64	2322	0	20
2026.08.12	08:30:00	4392.62	4396.98	4388.00	4388.07	3786	0	20
2026.08.12	08:45:00	4388.03	4393.98	4383.96	4391.08	3612	0	20
2026.08.12	09:00:00	4390.94	4393.03	4385.11	4387.02	2925	0	20
2026.08.12	09:15:00	4386.99	4390.48	4385.61	4389.68	2497	0	20
2026.08.12	09:30:00	4389.69	4397.37	4388.29	4394.42	3005	0	20
2026.08.12	09:45:00	4394.43	4406.21	4394.43	4403.30	3165	0	20
2026.08.12	10:00:00	4403.31	4405.94	4400.97	4401.47	2572	0	20
2026.08.12	10:15:00	4401.50	4402.68	4398.11	4402.33	1988	0	20
2026.08.12	10:30:00	4402.33	4408.41	4401.39	4407.79	2151	0	20
2026.08.12	10:45:00	4407.75	4409.92	4404.91	4406.22	2095	0	20
2026.08.12	11:00:00	4406.24	4410.40	4405.83	4408.54	2254	0	20
2026.08.12	11:15:00	4408.35	4409.32	4405.53	4406.90	1964	0	20
2026.08.12	11:30:00	4406.91	4407.45	4404.37	4405.95	2352	0	20
2026.08.12	11:45:00	4405.93	4405.93	4401.65	4401.70	2036	0	20
2026.08.12	12:00:00	4401.70	4412.97	4401.70	4412.84	2542	0	20
2026.08.12	12:15:00	4412.88	4424.24	4412.30	4413.20	4290	0	20
2026.08.12	12:30:00	4413.15	4417.07	4412.09	4413.66	2909	0	20
2026.08.12	12:45:00	4413.76	4416.41	4410.77	4415.81	2495	0	20
2026.08.12	13:00:00	4415.81	4419.24	4414.58	4417.82	2058	0	20
2026.08.12	13:15:00	4417.85	4420.82	4417.35	4419.51	1994	0	20
2026.08.12	13:30:00	4419.51	4419.71	4412.89	4414.68	2080	0	20
2026.08.12	13:45:00	4414.68	4415.65	4406.95	4412.64	2601	0	20
2026.08.12	14:00:00	4412.66	4415.06	4407.75	4407.81	2163	0	20
2026.08.12	14:15:00	4407.82	4416.60	4407.82	4414.95	2326	0	20
2026.08.12	14:30:00	4414.96	4415.78	4410.25	4413.25	2034	0	20
2026.08.12	14:45:00	4413.24	4415.45	4412.48	4412.66	1713	0	20
2026.08.12	15:00:00	4412.57	4412.96	4406.17	4408.51	2942	0	20
2026.08.12	15:15:00	4408.44	4427.31	4404.56	4427.31	4383	0	20
2026.08.12	15:30:00	4427.41	4438.19	4382.37	4428.51	8266	0	20
2026.08.12	15:45:00	4428.45	4438.06	4416.65	4437.25	6867	0	20
2026.08.12	16:00:00	4437.05	4441.11	4420.79	4421.92	6830	0	20
2026.08.12	16:15:00	4421.92	4429.03	4414.59	4418.43	5758	0	20
2026.08.12	16:30:00	4418.43	4420.75	4408.48	4416.54	7701	0	20
2026.08.12	16:45:00	4416.59	4434.06	4415.42	4427.57	6781	0	20
2026.08.12	17:00:00	4427.77	4434.81	4420.95	4431.89	6043	0	20
2026.08.12	17:15:00	4431.92	4439.69	4430.00	4431.53	6002	0	20
2026.08.12	17:30:00	4431.54	4436.03	4416.27	4424.95	6470	0	20
2026.08.12	17:45:00	4425.00	4432.38	4416.44	4421.95	6621	0	20
2026.08.12	18:00:00	4422.00	4430.13	4414.86	4426.71	6049	0	20
2026.08.12	18:15:00	4426.76	4428.11	4419.64	4421.48	4887	0	20
2026.08.12	18:30:00	4421.52	4425.38	4416.73	4418.08	4103	0	20
2026.08.12	18:45:00	4418.23	4422.23	4410.99	4420.92	4420	0	20
2026.08.12	19:00:00	4420.95	4425.68	4416.75	4423.35	4165	0	20
2026.08.12	19:15:00	4423.36	4426.42	4422.36	4423.20	3813	0	20
2026.08.12	19:30:00	4423.20	4423.92	4409.29	4410.82	4145	0	20
2026.08.12	19:45:00	4410.82	4411.22	4396.50	4401.60	4925	0	20
2026.08.12	20:00:00	4401.63	4407.54	4400.02	4403.62	3620	0	20
2026.08.12	20:15:00	4403.80	4409.82	4401.94	4406.44	4216	0	20
2026.08.12	20:30:00	4406.69	4411.46	4401.35	4402.04	3555	0	20
2026.08.12	20:45:00	4402.02	4405.59	4399.01	4399.36	3370	0	20
2026.08.12	21:00:00	4399.23	4406.59	4396.27	4405.79	2737	0	20
2026.08.12	21:15:00	4405.82	4411.11	4404.53	4408.45	2709	0	20
2026.08.12	21:30:00	4408.34	4413.59	4407.91	4413.52	2205	0	20
2026.08.12	21:45:00	4413.50	4417.85	4412.72	4412.99	2224	0	20
2026.08.12	22:00:00	4413.01	4418.26	4412.80	4416.28	2089	0	20
2026.08.12	22:15:00	4416.26	4417.90	4415.65	4416.52	1754	0	20
2026.08.12	22:30:00	4416.57	4416.59	4411.24	4413.13	2230	0	20
2026.08.12	22:45:00	4413.08	4414.04	4408.21	4413.74	3253	0	20
2026.08.12	23:00:00	4413.76	4414.12	4408.72	4408.94	1358	0	20
2026.08.12	23:15:00	4408.95	4409.85	4406.52	4407.82	1119	0	20
2026.08.12	23:30:00	4407.66	4408.60	4406.59	4407.90	1077	0	23
2026.08.12	23:45:00	4407.91	4408.90	4406.55	4408.48	1274	0	20
2026.08.13	01:00:00	4410.98	4411.77	4402.44	4403.12	1535	0	25
2026.08.13	01:15:00	4403.14	4403.25	4398.11	4399.23	1224	0	20
2026.08.13	01:30:00	4399.14	4401.92	4398.63	4400.07	1566	0	21
2026.08.13	01:45:00	4400.06	4402.91	4399.77	4402.20	1209	0	20
2026.08.13	02:00:00	4401.49	4405.93	4401.49	4405.61	1194	0	20
2026.08.13	02:15:00	4405.60	4409.70	4405.60	4408.26	948	0	20
2026.08.13	02:30:00	4408.25	4410.25	4407.24	4408.47	1117	0	20
2026.08.13	02:45:00	4408.52	4414.47	4407.89	4414.29	1806	0	20
2026.08.13	03:00:00	4414.33	4422.15	4412.93	4419.17	3622	0	20
2026.08.13	03:15:00	4419.17	4437.48	4419.17	4428.37	4331	0	20
2026.08.13	03:30:00	4428.34	4449.74	4424.63	4440.20	4674	0	20
2026.08.13	03:45:00	4440.18	4440.28	4424.02	4427.92	3945	0	20
2026.08.13	04:00:00	4427.61	4435.20	4422.77	4430.06	5506	0	20
2026.08.13	04:15:00	4429.99	4435.32	4419.00	4419.29	4469	0	20
2026.08.13	04:30:00	4419.28	4430.12	4417.76	4419.24	4971	0	20
2026.08.13	04:45:00	4419.19	4419.19	4406.15	4408.33	5089	0	20
2026.08.13	05:00:00	4408.29	4414.01	4405.35	4410.61	4731	0	20
2026.08.13	05:15:00	4410.61	4412.34	4405.91	4406.37	2339	0	20
2026.08.13	05:30:00	4406.29	4410.29	4398.84	4410.29	4764	0	20
2026.08.13	05:45:00	4410.30	4410.64	4405.51	4407.09	3026	0	20
2026.08.13	06:00:00	4407.08	4412.13	4404.11	4406.96	3570	0	20
2026.08.13	06:15:00	4406.98	4410.06	4405.54	4409.14	3082	0	20
2026.08.13	06:30:00	4409.21	4410.46	4405.43	4405.88	1641	0	20
2026.08.13	06:45:00	4405.94	4407.61	4398.61	4400.12	2582	0	20
2026.08.13	07:00:00	4400.13	4400.21	4391.58	4394.41	3367	0	20
2026.08.13	07:15:00	4394.37	4399.15	4392.40	4398.15	2406	0	20
2026.08.13	07:30:00	4398.15	4399.46	4395.01	4395.69	1682	0	20
2026.08.13	07:45:00	4395.73	4398.70	4395.22	4397.68	2340	0	20
2026.08.13	08:00:00	4397.65	4404.64	4393.03	4404.49	3165	0	20
2026.08.13	08:15:00	4404.47	4407.20	4400.82	4406.33	2596	0	20
2026.08.13	08:30:00	4406.31	4407.06	4386.38	4387.56	4736	0	20
2026.08.13	08:45:00	4387.57	4389.21	4380.50	4382.93	4682	0	20
2026.08.13	09:00:00	4382.77	4385.43	4374.99	4375.86	4417	0	20
2026.08.13	09:15:00	4375.82	4378.69	4374.16	4375.86	3496	0	20
2026.08.13	09:30:00	4375.87	4378.59	4368.80	4373.94	4015	0	20
2026.08.13	09:45:00	4373.97	4381.49	4373.89	4380.80	3396	0	20
2026.08.13	10:00:00	4380.66	4381.56	4374.97	4376.82	3468	0	20
2026.08.13	10:15:00	4376.86	4377.62	4373.70	4376.34	2914	0	20
2026.08.13	10:30:00	4376.21	4378.60	4372.11	4378.46	2895	0	20
2026.08.13	10:45:00	4378.50	4378.70	4369.20	4369.82	3301	0	20
2026.08.13	11:00:00	4369.82	4370.42	4363.96	4365.87	3551	0	20
2026.08.13	11:15:00	4365.83	4373.41	4364.78	4372.73	3159	0	20
2026.08.13	11:30:00	4372.65	4375.73	4371.81	4373.44	2396	0	20
2026.08.13	11:45:00	4373.40	4379.22	4373.29	4375.86	2086	0	20
2026.08.13	12:00:00	4375.89	4378.28	4372.38	4376.83	2500	0	20
2026.08.13	12:15:00	4376.70	4382.26	4376.24	4379.86	2562	0	20
2026.08.13	12:30:00	4379.79	4381.69	4378.82	4380.00	2459	0	20
2026.08.13	12:45:00	4379.96	4384.78	4378.53	4384.60	2219	0	20
2026.08.13	13:00:00	4384.60	4385.39	4381.51	4381.63	2257	0	20
2026.08.13	13:15:00	4381.75	4387.65	4381.75	4387.20	2044	0	20
2026.08.13	13:30:00	4387.12	4390.49	4384.68	4390.49	1696	0	20
2026.08.13	13:45:00	4390.49	4393.81	4388.33	4392.14	1722	0	20
2026.08.13	14:00:00	4392.17	4394.25	4388.53	4394.17	2116	0	20
2026.08.13	14:15:00	4394.17	4396.56	4388.02	4388.03	2258	0	20
2026.08.13	14:30:00	4388.07	4389.75	4383.63	4384.02	2504	0	20
2026.08.13	14:45:00	4384.01	4388.03	4382.77	4387.65	2221	0	20
2026.08.13	15:00:00	4387.67	4391.63	4385.66	4388.95	2938	0	20
2026.08.13	15:15:00	4388.99	4392.80	4384.05	4390.99	3058	0	20
2026.08.13	15:30:00	4391.00	4401.18	4380.78	4391.96	5691	0	20
2026.08.13	15:45:00	4391.99	4401.94	4391.54	4401.80	4216	0	20
2026.08.13	16:00:00	4401.78	4402.00	4390.98	4393.76	5303	0	20
2026.08.13	16:15:00	4393.77	4395.40	4383.98	4385.11	4603	0	20
2026.08.13	16:30:00	4385.08	4389.73	4375.16	4379.43	6611	0	20
2026.08.13	16:45:00	4379.42	4382.80	4370.66	4372.66	6389	0	20
2026.08.13	17:00:00	4372.78	4378.83	4366.68	4370.72	6614	0	20
2026.08.13	17:15:00	4370.73	4378.17	4367.60	4367.62	6173	0	20
2026.08.13	17:30:00	4367.60	4381.76	4357.57	4381.17	5431	0	20
2026.08.13	17:45:00	4381.24	4386.96	4381.13	4383.70	5010	0	20
2026.08.13	18:00:00	4383.86	4385.71	4368.12	4369.58	5205	0	20
2026.08.13	18:15:00	4369.49	4373.91	4363.35	4365.13	5337	0	20
2026.08.13	18:30:00	4365.14	4371.47	4357.52	4368.31	5503	0	20
2026.08.13	18:45:00	4368.33	4370.84	4363.41	4365.07	3592	0	20
2026.08.13	19:00:00	4365.13	4367.44	4353.97	4355.08	4168	0	20
2026.08.13	19:15:00	4355.35	4362.78	4351.19	4362.47	4858	0	20
2026.08.13	19:30:00	4362.55	4367.11	4362.50	4365.63	3442	0	20
2026.08.13	19:45:00	4365.71	4368.38	4364.06	4367.00	2408	0	20
2026.08.13	20:00:00	4367.20	4373.29	4365.10	4371.36	3188	0	20
2026.08.13	20:15:00	4371.43	4371.80	4362.32	4363.05	3398	0	20
2026.08.13	20:30:00	4363.04	4364.35	4355.64	4357.16	3284	0	20
2026.08.13	20:45:00	4357.16	4359.92	4355.69	4355.90	2765	0	20
2026.08.13	21:00:00	4355.96	4362.68	4355.86	4361.95	3187	0	20
2026.08.13	21:15:00	4361.98	4363.59	4354.70	4357.50	3003	0	20
2026.08.13	21:30:00	4357.47	4360.35	4356.34	4357.83	2591	0	20
2026.08.13	21:45:00	4357.81	4358.17	4354.66	4356.97	2291	0	20
2026.08.13	22:00:00	4356.96	4358.86	4346.24	4346.81	3053	0	20
2026.08.13	22:15:00	4346.80	4351.76	4343.73	4351.66	3813	0	20
2026.08.13	22:30:00	4351.61	4354.07	4349.62	4351.33	2589	0	20
2026.08.13	22:45:00	4351.29	4351.38	4347.58	4350.13	3033	0	20
2026.08.13	23:00:00	4350.08	4350.51	4346.81	4350.21	1604	0	20
2026.08.13	23:15:00	4350.20	4352.10	4349.37	4351.56	840	0	20
2026.08.13	23:30:00	4351.51	4351.63	4347.94	4349.46	1059	0	20
2026.08.13	23:45:00	4349.34	4351.11	4348.63	4351.11	1043	0	20
2026.08.14	01:00:00	4354.10	4356.83	4351.74	4354.06	1319	0	23
2026.08.14	01:15:00	4354.08	4357.67	4352.80	4357.05	1544	0	20
2026.08.14	01:30:00	4357.15	4362.85	4355.68	4360.53	2034	0	20
2026.08.14	01:45:00	4360.53	4361.23	4353.42	4354.92	2363	0	20
2026.08.14	02:00:00	4355.41	4360.41	4349.14	4360.41	2273	0	20
2026.08.14	02:15:00	4360.36	4363.04	4356.94	4362.99	2431	0	20
2026.08.14	02:30:00	4363.01	4363.42	4358.57	4360.28	2576	0	20
2026.08.14	02:45:00	4360.39	4364.10	4356.42	4356.42	3022	0	20
2026.08.14	03:00:00	4356.37	4362.06	4350.48	4352.11	3844	0	20
2026.08.14	03:15:00	4352.10	4352.16	4339.52	4339.52	3745	0	20
2026.08.14	03:30:00	4339.53	4346.90	4334.55	4339.53	4155	0	20
2026.08.14	03:45:00	4339.54	4342.62	4329.27	4340.93	4476	0	20
2026.08.14	04:00:00	4340.80	4341.38	4322.18	4324.16	6160	0	20
2026.08.14	04:15:00	4324.14	4326.01	4315.07	4319.43	5121	0	20
2026.08.14	04:30:00	4319.44	4321.47	4313.28	4319.50	4185	0	20
2026.08.14	04:45:00	4319.55	4323.26	4312.16	4318.09	4854	0	20
2026.08.14	05:00:00	4318.26	4322.67	4310.99	4312.32	4184	0	20
2026.08.14	05:15:00	4312.37	4318.31	4312.37	4312.92	3174	0	20
2026.08.14	05:30:00	4312.89	4322.59	4311.63	4320.96	4686	0	20
2026.08.14	05:45:00	4320.89	4321.83	4312.66	4315.55	3730	0	20
2026.08.14	06:00:00	4315.69	4323.70	4313.71	4320.20	3038	0	20
2026.08.14	06:15:00	4320.24	4326.13	4319.99	4325.74	2690	0	20
2026.08.14	06:30:00	4325.69	4328.27	4325.08	4325.70	1942	0	20
2026.08.14	06:45:00	4325.81	4326.84	4323.52	4323.54	1252	0	20
2026.08.14	07:00:00	4323.64	4327.25	4322.76	4325.92	1569	0	20
2026.08.14	07:15:00	4325.91	4327.87	4324.99	4325.06	1315	0	20
2026.08.14	07:30:00	4325.09	4326.40	4323.29	4325.28	1639	0	20
2026.08.14	07:45:00	4325.20	4326.91	4323.74	4326.91	1239	0	20
2026.08.14	08:00:00	4326.92	4327.00	4319.50	4320.22	2176	0	20
2026.08.14	08:15:00	4320.23	4320.37	4317.13	4318.41	1971	0	20
2026.08.14	08:30:00	4318.35	4324.88	4311.00	4317.70	4669	0	20
2026.08.14	08:45:00	4317.73	4333.61	4317.42	4333.61	4128	0	20
2026.08.14	09:00:00	4333.61	4336.63	4329.77	4332.54	3909	0	20
2026.08.14	09:15:00	4332.51	4333.54	4328.44	4329.19	2958	0	21
2026.08.14	09:30:00	4329.14	4333.02	4327.92	4333.02	2548	0	20
2026.08.14	09:45:00	4332.97	4335.82	4332.55	4335.58	2801	0	20
2026.08.14	10:00:00	4335.50	4337.32	4331.09	4331.14	2547	0	20
2026.08.14	10:15:00	4331.17	4336.42	4329.60	4331.88	2575	0	20
2026.08.14	10:30:00	4331.84	4340.19	4331.57	4339.64	2136	0	20
2026.08.14	10:45:00	4339.69	4345.16	4339.44	4343.63	2515	0	20
2026.08.14	11:00:00	4343.64	4347.94	4341.89	4347.73	3047	0	20
2026.08.14	11:15:00	4347.70	4349.13	4343.51	4345.75	2521	0	20
2026.08.14	11:30:00	4345.79	4349.30	4343.53	4343.69	2319	0	20
2026.08.14	11:45:00	4343.62	4349.67	4342.71	4348.64	1748	0	20
2026.08.14	12:00:00	4348.63	4350.92	4346.04	4350.72	1891	0	20
2026.08.14	12:15:00	4350.74	4354.16	4348.80	4351.73	2142	0	20
2026.08.14	12:30:00	4351.74	4354.54	4350.18	4353.51	2451	0	20
2026.08.14	12:45:00	4353.57	4357.45	4352.62	4357.19	1849	0	20
2026.08.14	13:00:00	4357.19	4358.69	4353.82	4354.35	2233	0	20
2026.08.14	13:15:00	4354.46	4355.27	4350.21	4351.36	1915	0	20
2026.08.14	13:30:00	4351.37	4351.88	4348.29	4351.88	1749	0	20
2026.08.14	13:45:00	4351.83	4353.52	4348.37	4349.40	1696	0	20
2026.08.14	14:00:00	4349.45	4351.67	4348.53	4350.69	1829	0	20
2026.08.14	14:15:00	4350.73	4357.10	4350.72	4356.77	2059	0	20
2026.08.14	14:30:00	4356.75	4363.50	4356.52	4362.45	2712	0	20
2026.08.14	14:45:00	4362.51	4369.36	4361.00	4369.19	2662	0	20
2026.08.14	15:00:00	4369.20	4376.78	4365.83	4371.65	3568	0	20
2026.08.14	15:15:00	4371.74	4380.82	4369.60	4380.13	3764	0	20
2026.08.14	15:30:00	4380.08	4386.92	4372.11	4372.74	4719	0	20
2026.08.14	15:45:00	4372.75	4377.81	4370.83	4373.61	3515	0	20
2026.08.14	16:00:00	4373.61	4381.03	4370.19	4375.10	4658	0	20
2026.08.14	16:15:00	4375.13	4386.44	4375.13	4384.38	4109	0	20
2026.08.14	16:30:00	4384.75	4397.06	4383.68	4393.87	6080	0	20
2026.08.14	16:45:00	4393.86	4394.76	4382.80	4384.30	5099	0	20
2026.08.14	17:00:00	4384.44	4393.19	4384.25	4390.56	5048	0	20
2026.08.14	17:15:00	4390.58	4394.58	4385.28	4390.75	4606	0	20
2026.08.14	17:30:00	4390.78	4391.55	4381.44	4384.35	4420	0	20
2026.08.14	17:45:00	4384.40	4384.49	4378.84	4381.41	4107	0	20
2026.08.14	18:00:00	4381.44	4394.21	4381.12	4392.20	4763	0	20
2026.08.14	18:15:00	4392.20	4393.76	4379.04	4384.78	4988	0	20
2026.08.14	18:30:00	4384.81	4389.89	4383.91	4389.52	3985	0	20
2026.08.14	18:45:00	4389.55	4394.68	4389.39	4391.61	3550	0	20
2026.08.14	19:00:00	4391.73	4396.61	4388.77	4389.75	3498	0	20
2026.08.14	19:15:00	4389.71	4393.03	4386.95	4387.55	2890	0	20
2026.08.14	19:30:00	4387.54	4388.91	4380.30	4385.71	3312	0	20
2026.08.14	19:45:00	4385.72	4387.40	4384.87	4385.81	1775	0	20
2026.08.14	20:00:00	4385.85	4386.38	4380.34	4382.37	2126	0	20
2026.08.14	20:15:00	4382.36	4384.77	4379.25	4379.50	2708	0	20
2026.08.14	20:30:00	4379.47	4382.78	4377.02	4377.76	2733	0	20
2026.08.14	20:45:00	4377.72	4379.09	4376.30	4378.46	2062	0	20
2026.08.14	21:00:00	4378.46	4381.67	4376.49	4377.23	2364	0	20
2026.08.14	21:15:00	4377.31	4380.36	4376.94	4379.35	1809	0	20
2026.08.14	21:30:00	4379.24	4382.67	4376.24	4376.47	1935	0	20
2026.08.14	21:45:00	4376.46	4376.91	4370.74	4373.48	1799	0	20
2026.08.14	22:00:00	4373.46	4377.10	4372.08	4375.85	1631	0	20
2026.08.14	22:15:00	4375.80	4377.78	4374.61	4377.21	1531	0	20
2026.08.14	22:30:00	4377.20	4378.05	4375.46	4375.49	2068	0	20
2026.08.14	22:45:00	4375.51	4379.82	4373.46	4376.04	3599	0	20
2026.08.14	23:00:00	4375.97	4375.97	4371.15	4372.50	1525	0	20
2026.08.14	23:15:00	4372.54	4374.69	4372.35	4374.49	707	0	20
2026.08.14	23:30:00	4374.45	4376.76	4373.40	4375.38	691	0	22
2026.08.14	23:45:00	4375.43	4376.00	4374.74	4375.74	738	0	24
2026.08.17	01:00:00	4377.50	4380.30	4371.41	4375.15	1876	0	65
2026.08.17	01:15:00	4375.07	4375.35	4372.47	4374.27	1031	0	20
2026.08.17	01:30:00	4374.29	4378.85	4374.29	4377.64	1827	0	20
2026.08.17	01:45:00	4377.63	4386.75	4377.53	4385.94	2419	0	20
2026.08.17	02:00:00	4385.89	4386.26	4379.59	4379.80	2079	0	21
2026.08.17	02:15:00	4379.86	4381.21	4372.67	4374.73	2503	0	20
2026.08.17	02:30:00	4374.74	4375.18	4367.15	4368.26	2531	0	20
2026.08.17	02:45:00	4368.25	4373.64	4368.21	4370.33	2463	0	23
2026.08.17	03:00:00	4370.37	4379.42	4368.21	4378.84	3943	0	20
2026.08.17	03:15:00	4378.81	4390.93	4378.43	4389.89	3147	0	20
2026.08.17	03:30:00	4389.83	4397.66	4387.50	4395.77	2688	0	20
2026.08.17	03:45:00	4395.68	4402.06	4394.28	4400.80	3026	0	20
2026.08.17	04:00:00	4400.84	4411.75	4399.19	4409.36	5209	0	20
2026.08.17	04:15:00	4409.30	4416.50	4406.20	4407.15	4779	0	20
2026.08.17	04:30:00	4407.23	4408.09	4397.61	4403.58	4190	0	20
2026.08.17	04:45:00	4403.54	4403.91	4392.12	4395.61	3683	0	20
2026.08.17	05:00:00	4395.63	4398.20	4392.52	4394.26	3173	0	20
2026.08.17	05:15:00	4394.34	4397.47	4389.88	4395.46	2341	0	20
2026.08.17	05:30:00	4395.50	4398.18	4389.89	4392.96	3633	0	20
2026.08.17	05:45:00	4392.99	4393.39	4388.35	4393.15	2696	0	20
2026.08.17	06:00:00	4393.19	4394.94	4388.66	4390.23	2618	0	20
2026.08.17	06:15:00	4390.20	4393.37	4387.97	4392.84	2511	0	20
2026.08.17	06:30:00	4392.87	4397.15	4391.05	4395.20	2139	0	20
2026.08.17	06:45:00	4395.20	4397.58	4392.94	4397.07	1619	0	20
2026.08.17	07:00:00	4397.01	4399.42	4396.35	4398.33	1946	0	20
2026.08.17	07:15:00	4398.30	4398.77	4390.13	4390.96	1620	0	20
2026.08.17	07:30:00	4390.96	4396.61	4388.92	4395.69	1732	0	20
2026.08.17	07:45:00	4395.72	4397.86	4389.81	4390.61	1603	0	20
2026.08.17	08:00:00	4390.67	4393.24	4386.99	4387.82	1899	0	20
2026.08.17	08:15:00	4387.82	4399.42	4386.95	4399.42	2041	0	20
2026.08.17	08:30:00	4399.25	4401.09	4392.22	4395.64	3560	0	20
2026.08.17	08:45:00	4395.67	4397.35	4392.28	4394.76	2870	0	20
2026.08.17	09:00:00	4394.81	4398.09	4392.66	4396.66	3057	0	20
2026.08.17	09:15:00	4396.62	4399.93	4392.61	4398.43	3412	0	20
2026.08.17	09:30:00	4398.22	4398.57	4393.54	4396.01	2531	0	20
2026.08.17	09:45:00	4396.06	4404.43	4396.06	4403.01	2984	0	20
2026.08.17	10:00:00	4403.04	4404.07	4396.02	4396.44	2796	0	20
2026.08.17	10:15:00	4396.42	4405.10	4396.11	4404.82	2580	0	20
2026.08.17	10:30:00	4404.83	4411.32	4404.66	4409.22	3046	0	20
2026.08.17	10:45:00	4409.24	4409.94	4403.51	4405.18	2096	0	20
2026.08.17	11:00:00	4405.13	4405.13	4397.54	4402.69	2677	0	20
2026.08.17	11:15:00	4402.74	4403.75	4400.35	4401.74	1845	0	20
2026.08.17	11:30:00	4401.78	4402.07	4395.92	4396.23	1898	0	20
2026.08.17	11:45:00	4396.18	4396.78	4392.45	4394.88	2047	0	20
2026.08.17	12:00:00	4395.19	4400.56	4393.23	4399.03	2068	0	20
2026.08.17	12:15:00	4399.04	4399.94	4395.56	4396.77	1961	0	20
2026.08.17	12:30:00	4396.82	4397.43	4393.67	4394.31	2241	0	20
2026.08.17	12:45:00	4394.32	4395.89	4392.65	4395.50	1951	0	20
2026.08.17	13:00:00	4395.61	4396.39	4393.12	4395.92	1633	0	20
2026.08.17	13:15:00	4395.94	4405.57	4391.86	4405.16	2079	0	20
2026.08.17	13:30:00	4405.03	4405.83	4395.46	4398.26	3139	0	20
2026.08.17	13:45:00	4398.29	4399.53	4396.33	4399.00	1739	0	20
2026.08.17	14:00:00	4399.01	4403.87	4397.98	4399.72	2233	0	20
2026.08.17	14:15:00	4399.86	4404.65	4397.04	4403.59	2079	0	20
2026.08.17	14:30:00	4403.68	4404.88	4399.13	4399.61	2164	0	20
2026.08.17	14:45:00	4399.63	4400.80	4395.39	4396.70	1802	0	20
2026.08.17	15:00:00	4396.64	4397.51	4391.51	4393.86	2905	0	20
2026.08.17	15:15:00	4393.89	4398.74	4382.24	4385.78	3591	0	20
2026.08.17	15:30:00	4385.74	4390.28	4378.27	4378.27	4019	0	20
2026.08.17	15:45:00	4378.29	4386.37	4377.32	4384.94	3222	0	20
2026.08.17	16:00:00	4385.19	4389.45	4381.78	4386.36	4200	0	20
2026.08.17	16:15:00	4386.34	4388.91	4382.32	4386.26	3303	0	20
2026.08.17	16:30:00	4386.31	4391.89	4384.94	4385.78	5207	0	20
2026.08.17	16:45:00	4385.69	4416.09	4384.79	4408.79	6026	0	20
2026.08.17	17:00:00	4408.93	4412.88	4403.75	4412.49	5118	0	20
2026.08.17	17:15:00	4412.41	4427.67	4411.77	4418.18	6123	0	20
2026.08.17	17:30:00	4418.32	4424.59	4416.51	4417.47	4723	0	20
2026.08.17	17:45:00	4417.54	4420.94	4413.94	4417.20	4407	0	20
2026.08.17	18:00:00	4417.22	4422.31	4415.04	4421.27	3655	0	20
2026.08.17	18:15:00	4421.18	4425.92	4419.42	4425.50	3850	0	20
2026.08.17	18:30:00	4425.49	4426.41	4418.84	4419.23	3497	0	20
2026.08.17	18:45:00	4419.21	4427.89	4417.66	4427.55	2851	0	20
2026.08.17	19:00:00	4427.68	4428.90	4424.01	4425.95	2849	0	20
2026.08.17	19:15:00	4425.97	4427.61	4422.88	4424.82	2618	0	20
2026.08.17	19:30:00	4424.95	4427.01	4422.77	4424.62	1979	0	20
2026.08.17	19:45:00	4424.66	4425.56	4422.59	4424.13	1973	0	20
2026.08.17	20:00:00	4424.16	4426.08	4421.10	4422.88	2377	0	20
2026.08.17	20:15:00	4422.88	4423.22	4413.45	4416.51	3460	0	20
2026.08.17	20:30:00	4416.67	4418.58	4411.17	4417.42	3101	0	20
2026.08.17	20:45:00	4417.45	4420.52	4413.22	4413.65	2202	0	20
2026.08.17	21:00:00	4413.79	4414.50	4410.19	4413.83	2965	0	20
2026.08.17	21:15:00	4413.84	4416.15	4404.74	4406.10	3086	0	20
2026.08.17	21:30:00	4406.17	4406.74	4397.92	4401.23	3339	0	20
2026.08.17	21:45:00	4401.23	4407.42	4400.07	4406.57	2266	0	20
2026.08.17	22:00:00	4406.51	4408.48	4400.12	4408.42	2433	0	20
2026.08.17	22:15:00	4408.55	4417.28	4408.55	4414.43	2704	0	20
2026.08.17	22:30:00	4414.45	4420.33	4414.11	4419.28	2230	0	20
2026.08.17	22:45:00	4419.25	4420.88	4416.41	4419.77	3188	0	20
2026.08.17	23:00:00	4419.70	4421.22	4416.65	4417.77	1116	0	20
2026.08.17	23:15:00	4417.74	4418.10	4415.02	4415.15	660	0	20
2026.08.17	23:30:00	4415.14	4415.94	4414.57	4415.46	1117	0	20
2026.08.17	23:45:00	4415.47	4416.73	4415.10	4416.52	1080	0	20
2026.08.18	01:00:00	4418.51	4419.04	4414.93	4416.83	1227	0	25
2026.08.18	01:15:00	4416.81	4417.28	4412.05	4412.52	1459	0	20
2026.08.18	01:30:00	4412.56	4415.66	4411.73	4414.60	1515	0	20
2026.08.18	01:45:00	4414.61	4416.18	4410.49	4411.76	1266	0	20
2026.08.18	02:00:00	4411.87	4414.85	4409.79	4414.70	1377	0	20
2026.08.18	02:15:00	4414.71	4421.79	4414.71	4420.29	1664	0	20
2026.08.18	02:30:00	4420.29	4422.89	4419.96	4422.75	1926	0	20
2026.08.18	02:45:00	4422.65	4425.88	4421.58	4425.75	2261	0	20
2026.08.18	03:00:00	4425.76	4429.83	4418.96	4421.64	3276	0	20
2026.08.18	03:15:00	4421.59	4431.56	4420.86	4431.40	3949	0	20
2026.08.18	03:30:00	4431.37	4433.50	4428.35	4429.55	2565	0	20
2026.08.18	03:45:00	4429.59	4434.97	4428.57	4434.59	2521	0	20
2026.08.18	04:00:00	4434.74	4436.14	4428.64	4429.24	5023	0	20
2026.08.18	04:15:00	4429.20	4430.75	4420.12	4424.95	4480	0	20
2026.08.18	04:30:00	4424.96	4426.19	4411.88	4411.88	3957	0	20
2026.08.18	04:45:00	4411.85	4412.22	4404.23	4408.03	5302	0	20
2026.08.18	05:00:00	4408.01	4408.22	4398.43	4400.99	4913	0	20
2026.08.18	05:15:00	4400.98	4405.48	4400.35	4402.28	2983	0	20
2026.08.18	05:30:00	4402.22	4402.69	4394.13	4394.99	4442	0	20
2026.08.18	05:45:00	4395.03	4400.44	4394.27	4399.79	3277	0	20
2026.08.18	06:00:00	4399.77	4404.01	4398.86	4401.51	3418	0	20
2026.08.18	06:15:00	4401.53	4402.09	4394.33	4397.08	3092	0	20
2026.08.18	06:30:00	4397.10	4397.10	4394.47	4394.72	2714	0	20
2026.08.18	06:45:00	4394.73	4395.01	4390.56	4391.85	2284	0	20
2026.08.18	07:00:00	4391.88	4392.68	4389.81	4392.20	2164	0	20
2026.08.18	07:15:00	4392.28	4393.59	4390.58	4392.37	1674	0	20
2026.08.18	07:30:00	4392.32	4394.26	4388.84	4393.39	2186	0	20
2026.08.18	07:45:00	4393.36	4395.38	4392.09	4393.49	1480	0	20
2026.08.18	08:00:00	4393.47	4394.00	4390.80	4391.20	1962	0	20
2026.08.18	08:15:00	4391.25	4395.88	4391.05	4391.30	1740	0	20
2026.08.18	08:30:00	4390.94	4393.93	4386.09	4393.52	3820	0	20
2026.08.18	08:45:00	4393.63	4397.51	4392.89	4394.30	2775	0	20
2026.08.18	09:00:00	4394.29	4395.32	4387.57	4395.27	3778	0	20
2026.08.18	09:15:00	4395.23	4399.71	4393.49	4399.37	2839	0	20
2026.08.18	09:30:00	4399.39	4400.14	4395.14	4397.11	2404	0	20
2026.08.18	09:45:00	4397.13	4399.29	4397.13	4398.89	2499	0	20
2026.08.18	10:00:00	4398.87	4400.84	4396.83	4397.59	2940	0	20
2026.08.18	10:15:00	4397.55	4403.39	4397.43	4403.05	2439	0	20
2026.08.18	10:30:00	4403.15	4403.58	4396.31	4401.45	2833	0	20
2026.08.18	10:45:00	4401.56	4402.60	4395.47	4395.55	2390	0	20
2026.08.18	11:00:00	4395.88	4396.11	4387.95	4392.62	3483	0	20
2026.08.18	11:15:00	4392.55	4393.50	4386.80	4389.31	2853	0	20
2026.08.18	11:30:00	4389.17	4398.54	4389.07	4396.57	2705	0	20
2026.08.18	11:45:00	4396.55	4396.86	4391.47	4393.20	2296	0	20
2026.08.18	12:00:00	4393.14	4393.77	4391.03	4392.63	2520	0	20
2026.08.18	12:15:00	4392.65	4392.68	4388.61	4389.29	2326	0	20
2026.08.18	12:30:00	4389.16	4394.93	4387.34	4388.49	2796	0	20
2026.08.18	12:45:00	4388.44	4394.98	4386.96	4393.31	2421	0	20
2026.08.18	13:00:00	4393.31	4395.67	4392.28	4394.43	2021	0	20
2026.08.18	13:15:00	4394.44	4396.11	4389.76	4392.02	1856	0	20
2026.08.18	13:30:00	4391.99	4398.58	4391.69	4398.56	1870	0	20
2026.08.18	13:45:00	4398.57	4399.53	4396.46	4397.62	1863	0	20
2026.08.18	14:00:00	4397.78	4399.10	4391.93	4393.51	2048	0	20
2026.08.18	14:15:00	4393.49	4394.62	4389.52	4389.94	1993	0	20
2026.08.18	14:30:00	4389.93	4392.38	4388.52	4390.88	2057	0	20
2026.08.18	14:45:00	4390.89	4396.74	4389.87	4395.92	1902	0	20
2026.08.18	15:00:00	4395.91	4396.95	4389.55	4393.07	2897	0	20
2026.08.18	15:15:00	4393.07	4400.83	4391.42	4395.24	3117	0	20
2026.08.18	15:30:00	4395.28	4397.94	4391.03	4392.08	3065	0	20
2026.08.18	15:45:00	4392.09	4396.99	4390.64	4394.20	2663	0	20
2026.08.18	16:00:00	4394.07	4397.30	4388.23	4395.69	4174	0	20
2026.08.18	16:15:00	4395.79	4396.03	4388.14	4389.00	4099	0	20
2026.08.18	16:30:00	4388.94	4406.66	4376.46	4400.96	7318	0	20
2026.08.18	16:45:00	4401.03	4402.11	4389.37	4394.64	6364	0	20
2026.08.18	17:00:00	4394.60	4406.45	4391.09	4393.14	6475	0	20
2026.08.18	17:15:00	4393.23	4405.02	4392.20	4394.10	5590	0	20
2026.08.18	17:30:00	4394.09	4396.14	4377.69	4379.55	6194	0	20
2026.08.18	17:45:00	4379.62	4388.76	4363.69	4366.45	6443	0	20
2026.08.18	18:00:00	4366.47	4377.50	4358.66	4359.84	7207	0	20
2026.08.18	18:15:00	4359.82	4365.05	4351.47	4354.92	6859	0	20
2026.08.18	18:30:00	4354.68	4362.20	4354.48	4358.55	5730	0	20
2026.08.18	18:45:00	4358.90	4366.56	4358.75	4364.82	4805	0	20
2026.08.18	19:00:00	4364.85	4371.56	4364.85	4367.63	3781	0	20
2026.08.18	19:15:00	4367.75	4369.61	4363.53	4364.11	3507	0	20
2026.08.18	19:30:00	4364.25	4368.60	4363.02	4367.28	3395	0	20
2026.08.18	19:45:00	4367.39	4368.81	4363.02	4363.88	3143	0	20
2026.08.18	20:00:00	4363.75	4367.14	4363.63	4366.91	3035	0	20
2026.08.18	20:15:00	4367.06	4368.29	4363.19	4365.43	3280	0	20
2026.08.18	20:30:00	4365.34	4366.18	4358.61	4358.61	3185	0	20
2026.08.18	20:45:00	4358.66	4360.36	4356.73	4357.65	2426	0	20
2026.08.18	21:00:00	4357.78	4358.09	4352.61	4357.69	2551	0	20
2026.08.18	21:15:00	4357.71	4360.91	4355.58	4360.20	2474	0	20
2026.08.18	21:30:00	4360.20	4360.54	4353.45	4354.21	1884	0	20
2026.08.18	21:45:00	4354.22	4355.98	4352.84	4354.20	1879	0	20
2026.08.18	22:00:00	4354.24	4358.46	4354.04	4356.99	2132	0	20
2026.08.18	22:15:00	4357.00	4358.69	4352.47	4354.77	2162	0	20
2026.08.18	22:30:00	4354.81	4357.59	4349.64	4349.82	2280	0	20
2026.08.18	22:45:00	4349.83	4353.11	4338.50	4345.52	4722	0	20
2026.08.18	23:00:00	4345.66	4346.54	4340.78	4342.01	2186	0	20
2026.08.18	23:15:00	4342.00	4342.36	4333.47	4337.75	1840	0	20
2026.08.18	23:30:00	4337.88	4339.50	4331.58	4332.13	1366	0	20
2026.08.18	23:45:00	4332.12	4335.40	4329.09	4334.17	2141	0	20
2026.08.19	01:00:00	4335.34	4343.53	4335.34	4340.24	1280	0	20
2026.08.19	01:15:00	4340.34	4341.82	4333.60	4336.17	1770	0	20
2026.08.19	01:30:00	4336.22	4336.42	4332.67	4333.60	1232	0	23
2026.08.19	01:45:00	4333.58	4335.45	4333.02	4333.62	1148	0	20
2026.08.19	02:00:00	4333.89	4338.26	4332.60	4334.01	2441	0	20
2026.08.19	02:15:00	4333.99	4337.25	4329.92	4330.38	2117	0	20
2026.08.19	02:30:00	4330.36	4332.57	4327.05	4329.75	2911	0	20
2026.08.19	02:45:00	4329.85	4334.27	4329.45	4332.97	2515	0	20
2026.08.19	03:00:00	4332.98	4344.80	4331.48	4342.90	4815	0	20
2026.08.19	03:15:00	4342.88	4346.36	4339.19	4342.94	4158	0	20
2026.08.19	03:30:00	4342.92	4347.18	4339.63	4343.63	4095	0	20
2026.08.19	03:45:00	4343.54	4344.74	4337.17	4337.92	4440	0	20
2026.08.19	04:00:00	4337.79	4343.95	4324.61	4343.86	6004	0	20
2026.08.19	04:15:00	4343.90	4346.21	4333.04	4342.37	5258	0	20
2026.08.19	04:30:00	4342.38	4357.53	4342.38	4355.47	4377	0	20
2026.08.19	04:45:00	4355.45	4356.60	4350.43	4356.39	3763	0	20
2026.08.19	05:00:00	4356.36	4357.14	4351.62	4353.52	3247	0	20
2026.08.19	05:15:00	4353.57	4361.98	4352.39	4359.69	3294	0	20
2026.08.19	05:30:00	4359.68	4360.23	4354.18	4355.19	3692	0	20
2026.08.19	05:45:00	4355.42	4357.09	4351.54	4354.88	3038	0	20
2026.08.19	06:00:00	4354.86	4356.05	4351.86	4354.45	2900	0	20
2026.08.19	06:15:00	4354.47	4357.85	4351.80	4357.07	2517	0	20
2026.08.19	06:30:00	4357.03	4360.31	4355.92	4358.46	1823	0	20
2026.08.19	06:45:00	4358.51	4358.80	4354.65	4354.86	1651	0	20
2026.08.19	07:00:00	4354.97	4356.12	4353.07	4354.58	1382	0	20
2026.08.19	07:15:00	4354.59	4354.89	4350.01	4351.10	2144	0	20
2026.08.19	07:30:00	4351.22	4351.99	4344.95	4346.50	1880	0	20
2026.08.19	07:45:00	4346.46	4348.43	4343.74	4348.37	1730	0	20
2026.08.19	08:00:00	4348.38	4350.65	4338.68	4338.89	2675	0	20
2026.08.19	08:15:00	4338.89	4345.19	4336.62	4345.18	2583	0	20
2026.08.19	08:30:00	4345.33	4345.36	4336.70	4342.15	4256	0	20
2026.08.19	08:45:00	4342.14	4342.15	4335.08	4335.62	3294	0	20
2026.08.19	09:00:00	4335.62	4341.72	4335.30	4337.36	3920	0	20
2026.08.19	09:15:00	4337.19	4348.34	4336.85	4343.17	3594	0	20
2026.08.19	09:30:00	4343.16	4345.64	4337.09	4341.84	3485	0	20
2026.08.19	09:45:00	4341.86	4349.37	4340.73	4348.98	3556	0	20
2026.08.19	10:00:00	4349.05	4353.51	4347.49	4350.37	2996	0	20
2026.08.19	10:15:00	4350.35	4356.95	4347.43	4356.71	2748	0	20
2026.08.19	10:30:00	4356.69	4363.13	4352.72	4354.44	2536	0	20
2026.08.19	10:45:00	4354.40	4357.67	4354.24	4354.69	2202	0	20
2026.08.19	11:00:00	4354.97	4362.75	4351.04	4361.56	3445	0	20
2026.08.19	11:15:00	4361.57	4362.43	4357.35	4360.98	2342	0	20
2026.08.19	11:30:00	4360.90	4363.04	4356.49	4362.59	2377	0	20
2026.08.19	11:45:00	4362.43	4363.11	4354.79	4355.70	2185	0	20
2026.08.19	12:00:00	4355.68	4359.79	4354.96	4356.25	2477	0	20
2026.08.19	12:15:00	4356.25	4357.48	4353.37	4356.66	2339	0	20
2026.08.19	12:30:00	4356.59	4361.02	4355.40	4358.81	2162	0	20
2026.08.19	12:45:00	4358.79	4361.97	4358.09	4361.96	2077	0	20
2026.08.19	13:00:00	4361.96	4364.24	4359.59	4363.76	2367	0	20
2026.08.19	13:15:00	4363.80	4369.15	4363.65	4368.72	2473	0	20
2026.08.19	13:30:00	4368.79	4369.49	4365.81	4368.09	1904	0	20
2026.08.19	13:45:00	4368.14	4369.58	4366.20	4367.29	1709	0	20
2026.08.19	14:00:00	4367.39	4374.07	4367.39	4373.33	2745	0	20
2026.08.19	14:15:00	4373.32	4374.09	4368.82	4370.80	2070	0	20
2026.08.19	14:30:00	4370.79	4371.72	4363.14	4363.47	2454	0	20
2026.08.19	14:45:00	4363.47	4367.49	4363.32	4364.60	2104	0	20
2026.08.19	15:00:00	4364.62	4370.60	4362.01	4368.25	2852	0	20
2026.08.19	15:15:00	4368.26	4373.53	4365.89	4369.32	3416	0	20
2026.08.19	15:30:00	4369.35	4420.69	4368.61	4417.54	7600	0	20
2026.08.19	15:45:00	4417.65	4442.29	4411.51	4438.72	7832	0	20
2026.08.19	16:00:00	4438.65	4460.91	4424.33	4456.10	8088	0	20
2026.08.19	16:15:00	4456.20	4464.26	4455.02	4458.16	6834	0	20
2026.08.19	16:30:00	4458.25	4466.20	4442.20	4460.72	8284	0	20
2026.08.19	16:45:00	4460.59	4463.24	4445.13	4459.78	7413	0	20
2026.08.19	17:00:00	4459.28	4475.53	4455.31	4473.70	7188	0	20
2026.08.19	17:15:00	4473.80	4487.80	4470.30	4486.02	6788	0	20
2026.08.19	17:30:00	4486.03	4498.69	4483.93	4489.43	6756	0	20
2026.08.19	17:45:00	4489.46	4489.54	4477.97	4488.15	6031	0	20
2026.08.19	18:00:00	4488.20	4488.34	4479.72	4485.31	5352	0	20
2026.08.19	18:15:00	4485.43	4487.88	4478.17	4483.64	5775	0	20
2026.08.19	18:30:00	4483.67	4492.41	4480.27	4490.19	4818	0	20
2026.08.19	18:45:00	4490.19	4494.04	4488.67	4493.78	4176	0	20
2026.08.19	19:00:00	4493.93	4498.99	4491.00	4497.59	4303	0	20
2026.08.19	19:15:00	4497.71	4499.17	4490.54	4491.05	3924	0	20
2026.08.19	19:30:00	4491.06	4496.36	4490.47	4495.10	3946	0	20
2026.08.19	19:45:00	4495.09	4497.78	4493.23	4493.27	3794	0	20
2026.08.19	20:00:00	4493.66	4499.05	4488.95	4492.36	4666	0	20
2026.08.19	20:15:00	4492.36	4492.66	4486.18	4488.01	4013	0	20
2026.08.19	20:30:00	4488.24	4491.68	4484.40	4488.66	3350	0	20
2026.08.19	20:45:00	4488.57	4489.52	4484.38	4487.08	2865	0	20
2026.08.19	21:00:00	4487.16	4496.50	4485.59	4487.89	4981	0	20
2026.08.19	21:15:00	4487.79	4487.84	4472.82	4475.39	4063	0	20
2026.08.19	21:30:00	4475.57	4491.61	4472.01	4490.35	4318	0	20
2026.08.19	21:45:00	4490.42	4496.68	4489.37	4495.03	2842	0	20
2026.08.19	22:00:00	4495.07	4505.69	4494.31	4503.24	3774	0	20
2026.08.19	22:15:00	4503.26	4507.66	4502.57	4507.11	3697	0	20
2026.08.19	22:30:00	4506.99	4510.59	4502.63	4507.02	4119	0	20
2026.08.19	22:45:00	4507.01	4512.17	4505.21	4511.16	5127	0	20
2026.08.19	23:00:00	4511.09	4512.01	4505.23	4506.88	1996	0	20
2026.08.19	23:15:00	4506.89	4521.95	4506.45	4518.53	2216	0	20
2026.08.19	23:30:00	4518.47	4523.54	4518.03	4519.45	1745	0	20
2026.08.19	23:45:00	4519.54	4524.17	4519.48	4522.85	1967	0	20
2026.08.20	01:00:00	4522.55	4527.87	4518.73	4519.80	2809	0	20
2026.08.20	01:15:00	4519.89	4521.49	4519.11	4520.86	1889	0	20
2026.08.20	01:30:00	4520.89	4522.07	4517.75	4518.60	2148	0	20
2026.08.20	01:45:00	4518.53	4521.75	4516.49	4518.88	1731	0	20
2026.08.20	02:00:00	4518.89	4523.62	4517.32	4519.33	2834	0	21
2026.08.20	02:15:00	4519.09	4520.17	4515.27	4517.57	1766	0	21
2026.08.20	02:30:00	4517.61	4518.24	4513.62	4514.25	1912	0	20
2026.08.20	02:45:00	4514.28	4517.28	4511.31	4511.80	2232	0	20
2026.08.20	03:00:00	4511.69	4518.82	4510.27	4516.15	4629	0	20
2026.08.20	03:15:00	4516.23	4521.10	4508.57	4510.24	3881	0	20
2026.08.20	03:30:00	4510.15	4513.09	4503.95	4505.94	3110	0	20
2026.08.20	03:45:00	4506.05	4510.51	4503.91	4504.64	3668	0	20
2026.08.20	04:00:00	4504.59	4510.12	4491.72	4493.19	6168	0	20
2026.08.20	04:15:00	4493.22	4503.23	4493.14	4500.59	5277	0	20
2026.08.20	04:30:00	4500.52	4501.19	4493.35	4493.84	5654	0	20
2026.08.20	04:45:00	4493.79	4495.60	4484.55	4489.58	4425	0	20
2026.08.20	05:00:00	4489.62	4499.65	4488.47	4497.72	4719	0	20
2026.08.20	05:15:00	4497.64	4497.71	4489.43	4492.79	2865	0	20
2026.08.20	05:30:00	4492.82	4494.55	4490.06	4490.37	4201	0	20
2026.08.20	05:45:00	4490.36	4494.52	4488.88	4490.70	3214	0	20
2026.08.20	06:00:00	4490.73	4496.95	4487.92	4492.61	3653	0	20
2026.08.20	06:15:00	4492.66	4496.50	4490.35	4493.47	2929	0	20
2026.08.20	06:30:00	4493.47	4498.65	4492.24	4497.92	2192	0	20
2026.08.20	06:45:00	4497.87	4501.08	4496.80	4498.78	2097	0	20
2026.08.20	07:00:00	4498.75	4499.21	4494.86	4496.36	2153	0	20
2026.08.20	07:15:00	4496.35	4497.11	4489.76	4489.96	2005	0	20
2026.08.20	07:30:00	4490.00	4490.81	4486.37	4487.08	2156	0	20
2026.08.20	07:45:00	4487.09	4491.50	4486.88	4488.59	1901	0	20
2026.08.20	08:00:00	4488.58	4493.94	4484.11	4485.59	2313	0	20
2026.08.20	08:15:00	4485.62	4486.92	4483.03	4483.03	2334	0	20
2026.08.20	08:30:00	4483.02	4485.91	4478.01	4480.62	3742	0	20
2026.08.20	08:45:00	4480.65	4483.12	4477.82	4481.13	2778	0	20
2026.08.20	09:00:00	4481.13	4493.43	4479.90	4492.77	3340	0	20
2026.08.20	09:15:00	4492.81	4495.80	4491.71	4494.13	3042	0	20
2026.08.20	09:30:00	4494.10	4495.28	4491.76	4492.38	2549	0	20
2026.08.20	09:45:00	4492.42	4495.21	4491.06	4493.66	2825	0	20
2026.08.20	10:00:00	4493.54	4493.62	4487.14	4487.81	3203	0	20
2026.08.20	10:15:00	4487.80	4490.37	4483.60	4483.92	2628	0	20
2026.08.20	10:30:00	4483.95	4493.10	4483.45	4491.06	3245	0	20
2026.08.20	10:45:00	4491.08	4494.03	4488.30	4490.80	2444	0	20
2026.08.20	11:00:00	4490.78	4495.35	4490.57	4494.25	3408	0	20
2026.08.20	11:15:00	4494.24	4498.59	4489.96	4491.25	3082	0	20
2026.08.20	11:30:00	4491.25	4495.25	4487.10	4490.46	3431	0	20
2026.08.20	11:45:00	4490.32	4491.91	4487.55	4489.26	2605	0	20
2026.08.20	12:00:00	4489.30	4494.06	4488.39	4492.21	2686	0	20
2026.08.20	12:15:00	4492.22	4493.74	4488.10	4489.89	2632	0	20
2026.08.20	12:30:00	4489.81	4490.57	4484.41	4489.10	2686	0	20
2026.08.20	12:45:00	4489.05	4489.06	4481.65	4482.53	2864	0	20
2026.08.20	13:00:00	4482.44	4491.24	4480.62	4490.40	2662	0	20
2026.08.20	13:15:00	4490.48	4494.07	4486.29	4493.72	2544	0	20
2026.08.20	13:30:00	4493.70	4494.69	4490.00	4491.07	2329	0	20
2026.08.20	13:45:00	4491.09	4491.21	4487.45	4490.10	1987	0	20
2026.08.20	14:00:00	4490.13	4491.28	4482.69	4485.18	2997	0	20
2026.08.20	14:15:00	4485.12	4489.78	4481.09	4484.28	2643	0	20
2026.08.20	14:30:00	4484.30	4486.73	4474.22	4474.66	3311	0	20
2026.08.20	14:45:00	4474.76	4475.63	4465.35	4466.89	5012	0	20
2026.08.20	15:00:00	4466.92	4467.16	4450.56	4462.44	6279	0	20
2026.08.20	15:15:00	4462.48	4467.75	4456.96	4459.22	5034	0	20
2026.08.20	15:30:00	4459.29	4466.99	4451.01	4466.59	5445	0	20
2026.08.20	15:45:00	4466.46	4477.02	4463.97	4474.75	3926	0	20
2026.08.20	16:00:00	4474.80	4484.59	4471.99	4472.86	5513	0	20
2026.08.20	16:15:00	4472.82	4476.62	4470.18	4471.68	4649	0	20
2026.08.20	16:30:00	4471.75	4487.96	4469.33	4486.67	7099	0	20
2026.08.20	16:45:00	4486.73	4489.29	4479.28	4481.72	6101	0	20
2026.08.20	17:00:00	4481.74	4490.62	4480.82	4485.19	7075	0	20
2026.08.20	17:15:00	4485.15	4493.89	4481.64	4491.59	6237	0	20
2026.08.20	17:30:00	4491.82	4501.14	4491.65	4499.31	5581	0	20
2026.08.20	17:45:00	4499.29	4516.20	4498.78	4515.79	5399	0	20
2026.08.20	18:00:00	4516.03	4537.30	4514.86	4534.58	8056	0	20
2026.08.20	18:15:00	4534.92	4540.95	4523.38	4532.44	7096	0	20
2026.08.20	18:30:00	4532.30	4533.82	4509.89	4511.44	6040	0	20
2026.08.20	18:45:00	4511.46	4524.03	4510.75	4521.57	5487	0	20
2026.08.20	19:00:00	4521.69	4524.71	4510.35	4511.11	4933	0	20
2026.08.20	19:15:00	4510.85	4513.05	4505.36	4509.24	4607	0	20
2026.08.20	19:30:00	4509.27	4512.65	4502.78	4509.14	4235	0	20
2026.08.20	19:45:00	4509.09	4513.62	4507.36	4509.93	3392	0	20
2026.08.20	20:00:00	4510.07	4513.87	4507.66	4509.36	3276	0	20
2026.08.20	20:15:00	4509.33	4516.60	4507.86	4512.85	3606	0	20
2026.08.20	20:30:00	4513.02	4518.63	4510.80	4518.19	2907	0	20
2026.08.20	20:45:00	4518.19	4520.43	4517.06	4519.84	2501	0	20
2026.08.20	21:00:00	4519.87	4522.34	4509.38	4510.62	3723	0	20
2026.08.20	21:15:00	4510.60	4520.16	4508.23	4518.98	3370	0	20
2026.08.20	21:30:00	4518.96	4523.38	4518.45	4520.13	3283	0	20
2026.08.20	21:45:00	4520.19	4525.29	4517.92	4521.98	2838	0	20
2026.08.20	22:00:00	4521.97	4528.05	4518.11	4527.51	2573	0	20
2026.08.20	22:15:00	4527.57	4529.32	4522.72	4522.75	2581	0	20
2026.08.20	22:30:00	4522.75	4529.54	4521.99	4526.29	2943	0	20
2026.08.20	22:45:00	4526.17	4532.11	4524.86	4528.73	4289	0	20
2026.08.20	23:00:00	4528.66	4529.11	4522.39	4522.43	1777	0	21
2026.08.20	23:15:00	4522.41	4522.73	4520.41	4520.73	1197	0	20
2026.08.20	23:30:00	4520.75	4520.92	4516.74	4518.07	1387	0	21
2026.08.20	23:45:00	4518.10	4521.10	4517.92	4519.19	1115	0	20
2026.08.21	01:00:00	4517.24	4521.34	4517.12	4518.57	1162	0	21
2026.08.21	01:15:00	4518.58	4520.90	4518.12	4519.71	1239	0	21
2026.08.21	01:30:00	4519.72	4523.67	4518.40	4522.79	1416	0	20
2026.08.21	01:45:00	4522.77	4524.43	4519.58	4524.18	1319	0	20
2026.08.21	02:00:00	4523.98	4532.82	4523.51	4531.82	2111	0	20
2026.08.21	02:15:00	4531.81	4532.34	4522.74	4527.09	2060	0	20
2026.08.21	02:30:00	4527.08	4528.60	4520.88	4524.53	2406	0	20
2026.08.21	02:45:00	4524.54	4527.98	4523.00	4526.26	3327	0	20
2026.08.21	03:00:00	4526.10	4527.47	4517.48	4518.69	3727	0	20
2026.08.21	03:15:00	4518.71	4520.72	4513.91	4514.91	3819	0	20
2026.08.21	03:30:00	4514.88	4517.18	4510.94	4513.72	3254	0	20
2026.08.21	03:45:00	4513.74	4514.09	4509.86	4510.46	3145	0	20
2026.08.21	04:00:00	4510.40	4521.10	4508.76	4520.82	5894	0	20
2026.08.21	04:15:00	4520.67	4530.59	4520.36	4529.44	4665	0	20
2026.08.21	04:30:00	4529.45	4543.59	4523.71	4525.98	5304	0	20
2026.08.21	04:45:00	4525.97	4533.28	4525.36	4530.67	3863	0	20
2026.08.21	05:00:00	4530.66	4531.06	4518.15	4520.97	4204	0	20
2026.08.21	05:15:00	4520.97	4529.32	4520.11	4527.25	2300	0	20
2026.08.21	05:30:00	4527.26	4538.14	4525.23	4538.08	3725	0	20
2026.08.21	05:45:00	4537.98	4542.97	4532.44	4533.83	3541	0	20
2026.08.21	06:00:00	4533.76	4538.41	4531.95	4532.53	3098	0	20
2026.08.21	06:15:00	4532.53	4534.85	4529.53	4529.58	2783	0	20
2026.08.21	06:30:00	4529.57	4535.62	4526.72	4529.09	2500	0	20
2026.08.21	06:45:00	4529.07	4535.64	4528.13	4535.35	1875	0	20
2026.08.21	07:00:00	4535.45	4541.57	4535.37	4540.21	2262	0	20
2026.08.21	07:15:00	4540.22	4547.26	4537.48	4546.79	2500	0	20
2026.08.21	07:30:00	4546.71	4547.88	4540.74	4541.70	1970	0	20
2026.08.21	07:45:00	4541.68	4542.36	4540.15	4540.54	1541	0	20
2026.08.21	08:00:00	4540.50	4540.73	4534.73	4537.18	2055	0	20
2026.08.21	08:15:00	4537.14	4538.61	4530.41	4530.42	2286	0	20
2026.08.21	08:30:00	4530.03	4543.30	4529.12	4543.14	3779	0	20
2026.08.21	08:45:00	4543.13	4556.22	4541.61	4553.65	3771	0	20
2026.08.21	09:00:00	4553.71	4555.25	4545.55	4548.95	4016	0	20
2026.08.21	09:15:00	4548.94	4558.07	4548.94	4555.53	3680	0	20
2026.08.21	09:30:00	4555.48	4565.85	4554.67	4562.53	4031	0	20
2026.08.21	09:45:00	4562.71	4567.66	4560.92	4561.02	3327	0	20
2026.08.21	10:00:00	4560.95	4566.12	4558.48	4561.43	3067	0	20
2026.08.21	10:15:00	4561.51	4567.90	4559.74	4561.67	2699	0	20
2026.08.21	10:30:00	4560.97	4566.23	4560.03	4564.27	2899	0	20
2026.08.21	10:45:00	4564.31	4567.97	4560.82	4564.19	2751	0	20
2026.08.21	11:00:00	4564.31	4567.92	4559.10	4565.42	3346	0	20
2026.08.21	11:15:00	4565.44	4581.75	4563.84	4579.36	3803	0	20
2026.08.21	11:30:00	4579.88	4584.08	4576.50	4582.33	3700	0	20
2026.08.21	11:45:00	4582.34	4584.83	4580.20	4584.00	2884	0	20
2026.08.21	12:00:00	4583.99	4600.49	4582.18	4599.27	3856	0	20
2026.08.21	12:15:00	4599.41	4602.01	4581.23	4582.14	4103	0	20
2026.08.21	12:30:00	4582.15	4586.76	4580.78	4582.99	2893	0	20
2026.08.21	12:45:00	4583.05	4585.33	4580.31	4582.41	2343	0	20
2026.08.21	13:00:00	4582.44	4588.76	4577.81	4578.64	3370	0	20
2026.08.21	13:15:00	4578.67	4589.32	4578.39	4588.52	2790	0	20
2026.08.21	13:30:00	4588.45	4593.98	4585.62	4593.06	2456	0	20
2026.08.21	13:45:00	4593.09	4593.59	4587.71	4588.41	2734	0	20
2026.08.21	14:00:00	4588.33	4595.47	4587.13	4590.55	3030	0	20
2026.08.21	14:15:00	4590.55	4600.70	4590.55	4598.39	3872	0	20
2026.08.21	14:30:00	4598.42	4604.45	4593.30	4597.04	4084	0	20
2026.08.21	14:45:00	4596.95	4600.43	4595.69	4597.10	3064	0	20
2026.08.21	15:00:00	4597.11	4601.56	4589.24	4592.85	4164	0	20
2026.08.21	15:15:00	4592.73	4595.83	4581.94	4584.66	3818	0	20
2026.08.21	15:30:00	4584.67	4584.67	4563.45	4573.51	4874	0	20
2026.08.21	15:45:00	4573.39	4580.82	4573.00	4577.85	3640	0	20
2026.08.21	16:00:00	4577.84	4586.89	4575.61	4584.76	4962	0	20
2026.08.21	16:15:00	4585.17	4587.66	4579.13	4584.10	4139	0	20
2026.08.21	16:30:00	4584.02	4590.84	4573.35	4587.55	6898	0	20
2026.08.21	16:45:00	4584.74	4592.86	4576.66	4581.00	6192	0	20
2026.08.21	17:00:00	4580.97	4590.62	4579.96	4589.43	5802	0	20
2026.08.21	17:15:00	4589.60	4603.11	4586.38	4603.07	5820	0	20
2026.08.21	17:30:00	4603.04	4603.65	4580.52	4582.54	6504	0	20
2026.08.21	17:45:00	4582.42	4595.39	4580.58	4591.66	5949	0	20
2026.08.21	18:00:00	4591.77	4598.22	4587.32	4595.22	5520	0	20
2026.08.21	18:15:00	4595.24	4607.63	4595.15	4602.87	5252	0	20
2026.08.21	18:30:00	4603.00	4610.56	4599.67	4609.55	4961	0	20
2026.08.21	18:45:00	4609.54	4615.27	4607.02	4614.56	4663	0	20
2026.08.21	19:00:00	4614.57	4617.64	4609.18	4614.52	4443	0	20
2026.08.21	19:15:00	4614.65	4620.55	4610.62	4614.00	4362	0	20
2026.08.21	19:30:00	4614.01	4621.95	4612.25	4621.34	4002	0	20
2026.08.21	19:45:00	4621.35	4629.12	4621.02	4628.89	3574	0	20
2026.08.21	20:00:00	4628.88	4632.22	4621.69	4623.10	4557	0	20
2026.08.21	20:15:00	4623.11	4625.82	4615.28	4622.02	4967	0	20
2026.08.21	20:30:00	4621.97	4624.64	4618.66	4619.42	3117	0	20
2026.08.21	20:45:00	4619.38	4622.40	4616.88	4620.46	3071	0	20
2026.08.21	21:00:00	4620.43	4627.53	4620.26	4623.94	2823	0	20
2026.08.21	21:15:00	4623.97	4627.54	4623.92	4625.05	2548	0	20
2026.08.21	21:30:00	4625.01	4625.03	4619.42	4620.68	3079	0	20
2026.08.21	21:45:00	4620.64	4625.81	4620.63	4624.29	2812	0	20
2026.08.21	22:00:00	4624.34	4625.49	4618.49	4622.64	2909	0	20
2026.08.21	22:15:00	4622.64	4623.30	4617.85	4617.98	2538	0	20
2026.08.21	22:30:00	4618.03	4619.56	4615.65	4617.99	2706	0	20
2026.08.21	22:45:00	4618.04	4623.62	4615.59	4616.98	3942	0	20
2026.08.21	23:00:00	4616.96	4617.61	4614.95	4616.78	1702	0	20
2026.08.21	23:15:00	4616.82	4617.48	4610.22	4610.72	2113	0	20
2026.08.21	23:30:00	4610.77	4611.74	4607.24	4607.77	1343	0	20
2026.08.21	23:45:00	4607.59	4608.46	4602.43	4604.07	2182	0	24
2026.08.24	01:00:00	4616.70	4623.38	4606.56	4616.79	2997	0	49
2026.08.24	01:15:00	4616.83	4620.58	4612.54	4613.97	1787	0	20
2026.08.24	01:30:00	4613.65	4616.87	4607.02	4610.77	1767	0	20
2026.08.24	01:45:00	4610.82	4610.87	4605.90	4606.00	1392	0	20
2026.08.24	02:00:00	4606.11	4609.24	4604.67	4607.43	1350	0	20
2026.08.24	02:15:00	4607.56	4616.03	4606.77	4615.03	1400	0	22
2026.08.24	02:30:00	4615.05	4619.14	4607.67	4608.33	1742	0	20
2026.08.24	02:45:00	4608.50	4624.55	4608.21	4624.08	2539	0	20
2026.08.24	03:00:00	4624.14	4640.82	4620.26	4637.39	5119	0	20
2026.08.24	03:15:00	4637.39	4640.41	4594.59	4604.78	5673	0	20
2026.08.24	03:30:00	4604.73	4608.79	4601.10	4607.07	4490	0	20
2026.08.24	03:45:00	4607.04	4623.25	4603.84	4621.84	3832	0	20
2026.08.24	04:00:00	4621.79	4635.02	4618.83	4622.07	6285	0	20
2026.08.24	04:15:00	4622.09	4625.66	4611.12	4614.41	5926	0	20
2026.08.24	04:30:00	4614.41	4620.90	4607.94	4618.09	5336	0	20
2026.08.24	04:45:00	4618.05	4637.58	4615.04	4632.23	4939	0	20
2026.08.24	05:00:00	4632.08	4652.13	4627.94	4650.44	5734	0	20
2026.08.24	05:15:00	4650.45	4655.42	4649.21	4655.29	3820	0	21
2026.08.24	05:30:00	4655.31	4656.72	4637.49	4637.61	5175	0	20
2026.08.24	05:45:00	4637.57	4644.64	4627.45	4643.65	4959	0	20
2026.08.24	06:00:00	4643.72	4643.96	4633.38	4637.20	3941	0	20
2026.08.24	06:15:00	4637.25	4648.30	4635.38	4643.78	4041	0	20
2026.08.24	06:30:00	4643.75	4650.17	4642.67	4642.97	3046	0	20
2026.08.24	06:45:00	4642.97	4644.76	4640.08	4641.54	2401	0	20
2026.08.24	07:00:00	4641.55	4642.48	4632.52	4638.37	3105	0	20
2026.08.24	07:15:00	4638.36	4641.90	4634.47	4640.32	2895	0	20
2026.08.24	07:30:00	4640.40	4640.67	4633.01	4638.16	2568	0	20
2026.08.24	07:45:00	4638.10	4640.50	4635.81	4638.86	2378	0	20
2026.08.24	08:00:00	4638.89	4643.51	4638.53	4643.51	2751	0	20
2026.08.24	08:15:00	4643.35	4646.53	4635.97	4635.98	2804	0	20
2026.08.24	08:30:00	4635.56	4639.48	4629.51	4633.60	5129	0	20
2026.08.24	08:45:00	4633.26	4643.15	4630.23	4640.80	3943	0	20
2026.08.24	09:00:00	4640.71	4652.43	4639.32	4651.79	4685	0	20
2026.08.24	09:15:00	4651.81	4659.86	4640.79	4642.44	4972	0	20
2026.08.24	09:30:00	4642.47	4653.61	4641.92	4642.93	4181	0	20
2026.08.24	09:45:00	4642.95	4653.87	4642.85	4650.08	3998	0	20
2026.08.24	10:00:00	4650.07	4654.57	4644.16	4648.41	4326	0	20
2026.08.24	10:15:00	4648.34	4650.05	4642.22	4642.66	3714	0	20
2026.08.24	10:30:00	4642.60	4647.90	4634.73	4634.73	3710	0	20
2026.08.24	10:45:00	4634.77	4643.84	4630.16	4641.66	4124	0	20
2026.08.24	11:00:00	4641.69	4646.04	4635.84	4637.48	4724	0	20
2026.08.24	11:15:00	4637.33	4639.63	4629.38	4629.39	3628	0	20
2026.08.24	11:30:00	4629.28	4646.03	4628.81	4645.26	3382	0	20
2026.08.24	11:45:00	4645.45	4645.97	4636.01	4637.88	2897	0	20
2026.08.24	12:00:00	4637.88	4644.76	4637.14	4641.85	3103	0	20
2026.08.24	12:15:00	4641.81	4641.89	4634.90	4635.83	2775	0	20
2026.08.24	12:30:00	4635.85	4640.66	4632.88	4639.17	3089	0	20
2026.08.24	12:45:00	4639.16	4645.96	4638.97	4645.89	2379	0	20
2026.08.24	13:00:00	4645.82	4650.07	4645.44	4648.12	2835	0	20
2026.08.24	13:15:00	4648.14	4648.55	4642.32	4643.12	2687	0	20
2026.08.24	13:30:00	4643.06	4648.97	4642.73	4644.26	2544	0	20
2026.08.24	13:45:00	4644.23	4647.08	4641.73	4643.28	2520	0	20
2026.08.24	14:00:00	4643.27	4646.75	4639.09	4642.32	3170	0	20
2026.08.24	14:15:00	4642.27	4647.46	4640.46	4646.54	2629	0	20
2026.08.24	14:30:00	4646.62	4670.07	4643.49	4658.64	6043	0	20
2026.08.24	14:45:00	4658.95	4661.44	4648.18	4657.87	4360	0	20
2026.08.24	15:00:00	4657.80	4660.11	4649.92	4657.27	4271	0	20
2026.08.24	15:15:00	4657.21	4662.62	4651.60	4661.76	4115	0	20
2026.08.24	15:30:00	4661.78	4668.88	4645.26	4657.44	4744	0	20
2026.08.24	15:45:00	4657.42	4667.33	4654.42	4662.72	3939	0	20
2026.08.24	16:00:00	4663.03	4677.80	4661.62	4677.09	5669	0	20
2026.08.24	16:15:00	4677.18	4678.00	4667.71	4672.29	5080	0	20
2026.08.24	16:30:00	4672.34	4680.77	4658.41	4658.71	7851	0	20
2026.08.24	16:45:00	4658.66	4677.96	4656.07	4664.59	7301	0	20
2026.08.24	17:00:00	4664.60	4672.09	4659.94	4665.62	6847	0	20
2026.08.24	17:15:00	4665.63	4674.98	4655.36	4671.71	6566	0	20
2026.08.24	17:30:00	4671.75	4678.78	4669.76	4671.92	5336	0	20
2026.08.24	17:45:00	4671.95	4675.69	4656.84	4670.34	5627	0	20
2026.08.24	18:00:00	4670.32	4676.53	4665.27	4672.86	4881	0	20
2026.08.24	18:15:00	4672.99	4679.58	4668.13	4675.82	4476	0	20
2026.08.24	18:30:00	4675.83	4677.46	4659.67	4660.57	5378	0	20
2026.08.24	18:45:00	4660.55	4663.07	4639.88	4648.99	6230	0	20
2026.08.24	19:00:00	4649.00	4661.79	4646.49	4657.46	4997	0	20
2026.08.24	19:15:00	4657.45	4660.40	4656.01	4658.85	3368	0	20
2026.08.24	19:30:00	4658.81	4662.21	4658.38	4659.62	2964	0	20
2026.08.24	19:45:00	4659.77	4660.03	4642.08	4644.80	3880	0	20
2026.08.24	20:00:00	4644.82	4655.14	4641.74	4651.75	4893	0	20
2026.08.24	20:15:00	4651.62	4654.04	4630.19	4638.48	5881	0	20
2026.08.24	20:30:00	4638.41	4642.89	4635.54	4638.67	4259	0	20
2026.08.24	20:45:00	4638.65	4639.02	4632.54	4636.60	3520	0	20
2026.08.24	21:00:00	4636.56	4640.68	4625.07	4632.00	4075	0	20
2026.08.24	21:15:00	4631.99	4642.14	4627.18	4640.38	3927	0	20
2026.08.24	21:30:00	4640.47	4641.82	4625.19	4634.91	3616	0	20
2026.08.24	21:45:00	4634.90	4637.64	4631.41	4636.57	2887	0	20
2026.08.24	22:00:00	4636.49	4640.67	4635.93	4636.25	2594	0	20
2026.08.24	22:15:00	4636.26	4644.87	4635.84	4641.28	2878	0	20
2026.08.24	22:30:00	4641.27	4650.67	4640.14	4649.93	3484	0	20
2026.08.24	22:45:00	4649.93	4655.77	4649.87	4651.62	4518	0	20
2026.08.24	23:00:00	4651.54	4655.19	4650.19	4650.42	1742	0	20
2026.08.24	23:15:00	4650.40	4653.57	4648.84	4649.21	1104	0	20
2026.08.24	23:30:00	4649.20	4649.92	4647.30	4647.77	762	0	20
2026.08.24	23:45:00	4647.80	4652.48	4647.14	4651.71	1321	0	20
2026.08.25	01:00:00	4653.82	4660.74	4652.00	4658.70	1810	0	24
2026.08.25	01:15:00	4658.75	4659.56	4656.85	4657.76	1415	0	22
2026.08.25	01:30:00	4657.73	4661.57	4657.22	4661.56	1423	0	20
2026.08.25	01:45:00	4661.45	4668.45	4661.00	4667.64	1679	0	20
2026.08.25	02:00:00	4667.66	4672.35	4666.82	4672.21	2148	0	20
2026.08.25	02:15:00	4672.22	4676.88	4669.16	4669.28	2213	0	20
2026.08.25	02:30:00	4669.24	4676.99	4667.70	4676.53	2903	0	20
2026.08.25	02:45:00	4676.59	4682.71	4674.97	4679.83	3751	0	20
2026.08.25	03:00:00	4680.14	4691.51	4675.43	4690.53	5257	0	20
2026.08.25	03:15:00	4690.54	4691.32	4676.59	4682.35	4538	0	20
2026.08.25	03:30:00	4682.36	4696.68	4681.86	4693.51	4940	0	20
2026.08.25	03:45:00	4693.76	4694.68	4683.87	4684.36	4452	0	20
2026.08.25	04:00:00	4684.09	4686.54	4670.78	4678.14	6284	0	20
2026.08.25	04:15:00	4678.13	4680.04	4664.05	4669.46	5344	0	20
2026.08.25	04:30:00	4669.45	4674.50	4666.66	4670.57	5207	0	20
2026.08.25	04:45:00	4670.54	4675.63	4656.58	4657.94	5241	0	20
2026.08.25	05:00:00	4657.94	4661.40	4638.17	4641.82	7006	0	20
2026.08.25	05:15:00	4641.83	4656.82	4641.02	4656.28	4308	0	20
2026.08.25	05:30:00	4656.24	4656.50	4630.96	4630.96	5645	0	20
2026.08.25	05:45:00	4630.89	4637.46	4618.25	4629.56	6310	0	20
2026.08.25	06:00:00	4629.62	4637.92	4622.25	4633.63	5434	0	20
2026.08.25	06:15:00	4633.66	4638.38	4632.05	4637.76	4214	0	20
2026.08.25	06:30:00	4637.74	4641.26	4633.99	4634.43	2740	0	20
2026.08.25	06:45:00	4634.39	4635.87	4631.69	4633.60	2456	0	20
2026.08.25	07:00:00	4633.60	4637.76	4630.90	4637.09	2419	0	20
2026.08.25	07:15:00	4637.10	4637.36	4628.94	4630.79	2135	0	20
2026.08.25	07:30:00	4630.84	4632.69	4623.79	4625.87	3000	0	20
2026.08.25	07:45:00	4625.84	4628.84	4624.13	4625.79	2848	0	20
2026.08.25	08:00:00	4625.82	4639.16	4624.01	4638.02	3227	0	20
2026.08.25	08:15:00	4638.01	4647.93	4637.95	4646.59	3056	0	20
2026.08.25	08:30:00	4646.58	4646.94	4638.00	4639.06	4272	0	20
2026.08.25	08:45:00	4638.95	4646.01	4635.86	4643.07	3832	0	20
2026.08.25	09:00:00	4643.07	4650.41	4641.33	4649.63	4316	0	20
2026.08.25	09:15:00	4649.61	4653.37	4645.49	4650.07	3583	0	20
2026.08.25	09:30:00	4650.07	4653.43	4647.79	4647.79	3318	0	20
2026.08.25	09:45:00	4647.73	4649.21	4637.15	4638.37	3282	0	20
2026.08.25	10:00:00	4638.44	4642.01	4636.54	4639.76	4072	0	20
2026.08.25	10:15:00	4639.78	4643.75	4634.20	4634.49	3031	0	20
2026.08.25	10:30:00	4634.49	4640.13	4633.83	4639.55	2808	0	20
2026.08.25	10:45:00	4639.71	4640.58	4629.70	4630.01	3103	0	20
2026.08.25	11:00:00	4630.05	4631.16	4620.16	4626.62	4278	0	20
2026.08.25	11:15:00	4626.32	4645.33	4625.84	4632.79	4465	0	20
2026.08.25	11:30:00	4632.72	4635.21	4625.71	4631.96	4201	0	20
2026.08.25	11:45:00	4631.92	4633.65	4625.06	4630.28	3714	0	20
2026.08.25	12:00:00	4630.09	4633.32	4624.75	4630.39	3730	0	20
2026.08.25	12:15:00	4630.43	4633.39	4625.65	4626.48	3117	0	20
2026.08.25	12:30:00	4626.37	4639.38	4624.07	4637.16	4774	0	20
2026.08.25	12:45:00	4637.17	4642.40	4635.87	4636.32	3773	0	20
2026.08.25	13:00:00	4636.35	4638.52	4633.11	4635.37	2968	0	20
2026.08.25	13:15:00	4635.35	4638.94	4633.12	4633.70	2680	0	20
2026.08.25	13:30:00	4633.73	4641.05	4632.88	4637.67	2980	0	20
2026.08.25	13:45:00	4637.84	4642.34	4637.00	4639.20	2686	0	20
2026.08.25	14:00:00	4639.19	4643.24	4636.59	4642.82	3031	0	20
2026.08.25	14:15:00	4642.85	4645.11	4639.06	4641.57	2569	0	20
2026.08.25	14:30:00	4641.58	4645.21	4640.35	4640.60	2769	0	20
2026.08.25	14:45:00	4640.61	4647.40	4640.61	4642.39	2910	0	20
2026.08.25	15:00:00	4642.62	4642.62	4634.94	4639.12	3854	0	20
2026.08.25	15:15:00	4639.09	4639.42	4631.89	4637.29	3410	0	20
2026.08.25	15:30:00	4637.27	4640.54	4630.05	4638.38	3638	0	20
2026.08.25	15:45:00	4638.36	4644.16	4637.25	4640.80	3036	0	20
2026.08.25	16:00:00	4640.77	4641.22	4622.81	4623.05	5934	0	20
2026.08.25	16:15:00	4622.90	4628.06	4608.90	4609.76	6167	0	20
2026.08.25	16:30:00	4609.56	4623.46	4609.15	4612.71	7339	0	20
2026.08.25	16:45:00	4612.80	4617.71	4605.28	4616.52	6954	0	20
2026.08.25	17:00:00	4616.31	4626.32	4613.61	4622.89	6872	0	20
2026.08.25	17:15:00	4622.88	4628.33	4618.43	4623.84	5927	0	20
2026.08.25	17:30:00	4623.87	4638.12	4613.45	4637.17	6119	0	20
2026.08.25	17:45:00	4636.99	4640.01	4632.62	4635.55	4903	0	20
2026.08.25	18:00:00	4635.57	4637.14	4630.44	4633.19	4617	0	20
2026.08.25	18:15:00	4633.19	4644.71	4629.51	4639.76	4830	0	20
2026.08.25	18:30:00	4639.74	4659.56	4639.74	4656.15	6312	0	20
2026.08.25	18:45:00	4656.19	4657.20	4648.84	4652.59	4454	0	20
2026.08.25	19:00:00	4652.61	4653.27	4642.71	4644.67	3923	0	20
2026.08.25	19:15:00	4644.64	4647.20	4637.86	4640.65	3742	0	20
2026.08.25	19:30:00	4640.72	4645.41	4637.07	4643.96	3623	0	20
2026.08.25	19:45:00	4643.96	4646.50	4640.43	4643.49	2839	0	20
2026.08.25	20:00:00	4643.50	4643.78	4634.20	4637.77	3209	0	20
2026.08.25	20:15:00	4637.84	4645.05	4634.43	4637.03	3466	0	20
2026.08.25	20:30:00	4636.98	4644.56	4636.24	4642.88	2770	0	20
2026.08.25	20:45:00	4642.83	4648.35	4642.61	4648.25	2331	0	20
2026.08.25	21:00:00	4648.30	4650.30	4644.25	4647.02	2452	0	20
2026.08.25	21:15:00	4647.02	4650.39	4646.16	4649.90	2056	0	20
2026.08.25	21:30:00	4649.92	4650.30	4645.88	4649.19	1936	0	20
2026.08.25	21:45:00	4649.19	4654.91	4649.14	4654.46	1956	0	20
2026.08.25	22:00:00	4654.43	4663.15	4653.35	4662.13	2629	0	20
2026.08.25	22:15:00	4662.14	4667.94	4659.95	4660.90	2882	0	20
2026.08.25	22:30:00	4660.92	4664.44	4657.84	4662.07	2371	0	20
2026.08.25	22:45:00	4661.96	4667.46	4660.33	4666.86	3852	0	20
2026.08.25	23:00:00	4666.90	4668.96	4662.84	4665.76	2463	0	20
2026.08.25	23:15:00	4665.77	4667.69	4661.98	4662.34	1743	0	20
2026.08.25	23:30:00	4662.33	4664.07	4660.21	4661.46	1583	0	20
2026.08.25	23:45:00	4661.50	4662.19	4657.60	4658.68	1550	0	20
2026.08.26	01:00:00	4658.85	4664.79	4655.79	4664.65	1280	0	25
2026.08.26	01:15:00	4664.63	4666.79	4664.46	4666.72	850	0	23
2026.08.26	01:30:00	4666.71	4670.88	4666.71	4669.93	1501	0	20
2026.08.26	01:45:00	4669.88	4673.69	4669.75	4672.59	1353	0	20
2026.08.26	02:00:00	4672.55	4673.48	4667.18	4668.01	1745	0	20
2026.08.26	02:15:00	4667.97	4668.11	4660.19	4661.02	1810	0	21
2026.08.26	02:30:00	4661.06	4661.44	4655.54	4656.07	1758	0	21
2026.08.26	02:45:00	4656.03	4658.66	4653.18	4654.77	2617	0	20
2026.08.26	03:00:00	4654.76	4657.83	4651.07	4651.15	3805	0	20
2026.08.26	03:15:00	4651.19	4654.96	4642.96	4646.60	3127	0	20
2026.08.26	03:30:00	4646.62	4649.94	4636.28	4636.96	3512	0	20
2026.08.26	03:45:00	4636.95	4638.85	4634.38	4637.35	3486	0	20
2026.08.26	04:00:00	4637.41	4647.72	4629.71	4644.01	5385	0	20
2026.08.26	04:15:00	4644.31	4650.30	4643.29	4643.46	4773	0	20
2026.08.26	04:30:00	4643.55	4647.01	4638.86	4644.67	4922	0	20
2026.08.26	04:45:00	4644.64	4660.84	4643.00	4657.01	4908	0	20
2026.08.26	05:00:00	4656.98	4661.72	4654.84	4660.11	4775	0	20
2026.08.26	05:15:00	4660.15	4661.76	4656.15	4658.94	2649	0	20
2026.08.26	05:30:00	4658.95	4670.71	4657.54	4667.33	4551	0	20
2026.08.26	05:45:00	4667.34	4669.08	4657.95	4658.38	3490	0	20
2026.08.26	06:00:00	4658.42	4658.70	4647.23	4648.17	3698	0	20
2026.08.26	06:15:00	4648.16	4650.74	4645.89	4650.17	3181	0	20
2026.08.26	06:30:00	4650.16	4651.27	4645.11	4645.26	2254	0	20
2026.08.26	06:45:00	4645.31	4645.39	4642.58	4642.62	1932	0	20
2026.08.26	07:00:00	4642.61	4644.31	4641.81	4642.44	1658	0	20
2026.08.26	07:15:00	4642.53	4643.23	4641.13	4642.18	1506	0	20
2026.08.26	07:30:00	4642.18	4643.23	4639.75	4640.83	1462	0	20
2026.08.26	07:45:00	4640.83	4641.80	4638.80	4640.61	1621	0	20
2026.08.26	08:00:00	4640.59	4645.84	4640.10	4643.31	2036	0	20
2026.08.26	08:15:00	4643.32	4645.35	4641.34	4643.31	1945	0	20
2026.08.26	08:30:00	4643.36	4649.47	4637.95	4638.04	3874	0	20
2026.08.26	08:45:00	4637.95	4640.50	4635.39	4639.55	3370	0	20
2026.08.26	09:00:00	4639.56	4641.34	4635.99	4637.44	3250	0	20
2026.08.26	09:15:00	4637.50	4637.78	4624.65	4626.75	3937	0	20
2026.08.26	09:30:00	4626.78	4634.00	4625.68	4633.25	3304	0	20
2026.08.26	09:45:00	4633.25	4636.70	4630.42	4634.16	3003	0	20
2026.08.26	10:00:00	4634.17	4639.30	4633.04	4636.40	3359	0	20
2026.08.26	10:15:00	4636.30	4637.54	4630.77	4631.30	2636	0	20
2026.08.26	10:30:00	4631.27	4636.45	4628.87	4631.59	2571	0	20
2026.08.26	10:45:00	4631.62	4634.81	4626.36	4628.82	2797	0	20
2026.08.26	11:00:00	4628.81	4630.20	4625.53	4625.61	3498	0	20
2026.08.26	11:15:00	4625.61	4629.65	4622.05	4629.65	3164	0	20
2026.08.26	11:30:00	4629.63	4630.58	4624.93	4629.35	2532	0	20
2026.08.26	11:45:00	4629.28	4629.81	4625.87	4628.22	2392	0	20
2026.08.26	12:00:00	4628.25	4630.87	4624.00	4624.92	2746	0	20
2026.08.26	12:15:00	4624.93	4625.11	4616.23	4616.77	2790	0	20
2026.08.26	12:30:00	4616.75	4622.43	4616.73	4622.05	2416	0	20
2026.08.26	12:45:00	4622.01	4625.63	4621.95	4623.33	2211	0	20
2026.08.26	13:00:00	4623.22	4623.92	4617.70	4618.95	1975	0	20
2026.08.26	13:15:00	4618.97	4620.39	4613.34	4615.12	2346	0	20
2026.08.26	13:30:00	4615.25	4624.06	4614.55	4622.32	2188	0	20
2026.08.26	13:45:00	4622.31	4623.94	4618.76	4620.22	1713	0	20
2026.08.26	14:00:00	4620.24	4621.77	4616.53	4618.43	2004	0	20
2026.08.26	14:15:00	4618.42	4622.95	4616.51	4620.57	2371	0	20
2026.08.26	14:30:00	4620.80	4622.78	4617.16	4619.03	2191	0	20
2026.08.26	14:45:00	4619.04	4625.23	4616.83	4624.73	2332	0	20
2026.08.26	15:00:00	4624.73	4629.75	4623.74	4625.39	3198	0	20
2026.08.26	15:15:00	4625.57	4630.85	4624.45	4630.85	3186	0	20
2026.08.26	15:30:00	4630.79	4633.67	4612.25	4622.46	6725	0	20
2026.08.26	15:45:00	4622.19	4626.25	4610.58	4614.29	5044	0	20
2026.08.26	16:00:00	4614.57	4621.43	4608.34	4611.15	6334	0	20
2026.08.26	16:15:00	4611.18	4614.20	4597.90	4611.20	6011	0	20
2026.08.26	16:30:00	4611.32	4623.03	4610.22	4619.59	7190	0	20
2026.08.26	16:45:00	4619.64	4631.88	4618.20	4631.53	6141	0	20
2026.08.26	17:00:00	4631.52	4633.53	4619.37	4620.22	6167	0	20
2026.08.26	17:15:00	4620.27	4626.72	4616.24	4616.60	5718	0	20
2026.08.26	17:30:00	4616.62	4622.87	4612.71	4621.95	4993	0	20
2026.08.26	17:45:00	4621.93	4622.83	4602.80	4602.91	5348	0	20
2026.08.26	18:00:00	4602.95	4605.36	4588.02	4588.91	6690	0	20
2026.08.26	18:15:00	4588.93	4598.09	4583.10	4594.74	6093	0	20
2026.08.26	18:30:00	4594.75	4604.76	4594.49	4604.76	4629	0	20
2026.08.26	18:45:00	4604.87	4609.25	4595.99	4596.04	4534	0	20
2026.08.26	19:00:00	4596.05	4601.44	4590.51	4600.08	4418	0	20
2026.08.26	19:15:00	4600.15	4600.78	4594.07	4594.95	3675	0	20
2026.08.26	19:30:00	4594.91	4596.33	4585.66	4588.20	3485	0	20
2026.08.26	19:45:00	4588.03	4596.74	4588.00	4591.53	4245	0	20
2026.08.26	20:00:00	4591.51	4596.10	4590.65	4594.75	3465	0	20
2026.08.26	20:15:00	4594.77	4598.87	4593.51	4597.81	3325	0	20
2026.08.26	20:30:00	4597.98	4602.21	4595.68	4597.14	2780	0	20
2026.08.26	20:45:00	4597.13	4599.21	4594.21	4597.81	2249	0	20
2026.08.26	21:00:00	4597.85	4604.56	4596.71	4600.17	3217	0	20
2026.08.26	21:15:00	4600.17	4600.47	4592.73	4594.72	3136	0	20
2026.08.26	21:30:00	4594.71	4597.34	4592.38	4596.64	2406	0	20
2026.08.26	21:45:00	4596.64	4597.66	4593.28	4593.74	2221	0	20
2026.08.26	22:00:00	4593.98	4595.52	4590.97	4594.33	2356	0	20
2026.08.26	22:15:00	4594.37	4598.97	4591.24	4598.47	2106	0	20
2026.08.26	22:30:00	4598.48	4601.62	4594.17	4595.55	2466	0	20
2026.08.26	22:45:00	4595.56	4596.36	4592.28	4594.24	3170	0	20
2026.08.26	23:00:00	4594.23	4596.63	4591.52	4591.58	2240	0	20
2026.08.26	23:15:00	4591.77	4591.99	4584.00	4591.24	3075	0	20
2026.08.26	23:30:00	4591.23	4593.40	4590.25	4591.90	1764	0	20
2026.08.26	23:45:00	4591.91	4594.56	4591.42	4594.56	1513	0	20
2026.08.27	01:00:00	4596.87	4606.54	4596.11	4602.64	2377	0	20
2026.08.27	01:15:00	4602.62	4613.34	4602.45	4610.76	3135	0	20
2026.08.27	01:30:00	4610.74	4611.57	4608.56	4610.82	2714	0	20
2026.08.27	01:45:00	4610.82	4612.16	4606.85	4609.23	2201	0	20
2026.08.27	02:00:00	4609.18	4615.60	4606.95	4615.39	2454	0	20
2026.08.27	02:15:00	4615.40	4622.25	4614.31	4620.02	2428	0	20
2026.08.27	02:30:00	4620.00	4624.84	4618.19	4622.68	2551	0	20
2026.08.27	02:45:00	4622.66	4624.91	4620.77	4623.63	3258	0	20
2026.08.27	03:00:00	4623.64	4627.04	4616.30	4617.98	3844	0	20
2026.08.27	03:15:00	4618.02	4621.50	4613.34	4619.11	3234	0	20
2026.08.27	03:30:00	4619.00	4619.00	4605.34	4606.13	3701	0	20
2026.08.27	03:45:00	4606.24	4611.01	4600.55	4605.08	4830	0	20
2026.08.27	04:00:00	4605.01	4624.92	4602.13	4624.76	6783	0	20
2026.08.27	04:15:00	4624.85	4625.12	4617.00	4618.69	5035	0	20
2026.08.27	04:30:00	4618.60	4631.44	4618.00	4623.90	4860	0	20
2026.08.27	04:45:00	4623.91	4640.88	4623.67	4640.05	4403	0	20
2026.08.27	05:00:00	4640.06	4643.02	4638.10	4640.51	3736	0	20
2026.08.27	05:15:00	4640.52	4640.58	4632.75	4633.14	2614	0	20
2026.08.27	05:30:00	4633.09	4633.90	4623.53	4627.20	4292	0	20
2026.08.27	05:45:00	4627.21	4631.27	4624.25	4629.57	3113	0	20
2026.08.27	06:00:00	4629.55	4635.10	4628.33	4634.23	2937	0	20
2026.08.27	06:15:00	4634.25	4638.60	4632.88	4635.39	2585	0	20
2026.08.27	06:30:00	4635.39	4635.56	4628.75	4629.26	2029	0	20
2026.08.27	06:45:00	4629.27	4629.62	4624.30	4625.41	1658	0	20
2026.08.27	07:00:00	4625.39	4627.22	4624.35	4625.38	1685	0	20
2026.08.27	07:15:00	4625.39	4626.94	4620.51	4620.51	1679	0	20
2026.08.27	07:30:00	4620.45	4620.81	4617.10	4619.10	1882	0	20
2026.08.27	07:45:00	4619.15	4620.61	4617.57	4618.71	1988	0	20
2026.08.27	08:00:00	4618.69	4621.35	4616.13	4619.89	2209	0	20
2026.08.27	08:15:00	4619.79	4621.48	4616.98	4617.12	1888	0	20
2026.08.27	08:30:00	4617.05	4619.73	4604.75	4605.24	4443	0	20
2026.08.27	08:45:00	4605.23	4609.62	4600.82	4606.91	3964	0	20
2026.08.27	09:00:00	4606.91	4607.44	4599.52	4605.87	3552	0	20
2026.08.27	09:15:00	4605.84	4610.36	4603.74	4610.27	3073	0	20
2026.08.27	09:30:00	4610.28	4611.77	4604.71	4607.58	2860	0	20
2026.08.27	09:45:00	4607.32	4609.68	4597.94	4600.28	3424	0	20
2026.08.27	10:00:00	4600.24	4605.78	4598.52	4603.81	3473	0	20
2026.08.27	10:15:00	4603.59	4603.68	4593.47	4599.25	2876	0	20
2026.08.27	10:30:00	4599.25	4601.33	4594.84	4597.78	2856	0	20
2026.08.27	10:45:00	4597.79	4602.48	4595.65	4600.16	2598	0	20
2026.08.27	11:00:00	4600.19	4606.86	4599.85	4603.15	2668	0	20
2026.08.27	11:15:00	4603.18	4606.12	4600.08	4600.69	2310	0	20
2026.08.27	11:30:00	4600.77	4601.76	4594.61	4595.93	2810	0	20
2026.08.27	11:45:00	4595.91	4602.15	4595.50	4598.93	2322	0	20
2026.08.27	12:00:00	4598.96	4600.63	4593.66	4596.02	3028	0	20
2026.08.27	12:15:00	4595.96	4599.24	4593.67	4597.68	2572	0	20
2026.08.27	12:30:00	4597.74	4599.09	4578.24	4582.35	3809	0	20
2026.08.27	12:45:00	4582.36	4585.78	4579.00	4580.19	2800	0	20
2026.08.27	13:00:00	4580.31	4581.92	4568.95	4581.55	3493	0	20
2026.08.27	13:15:00	4581.54	4583.61	4577.48	4580.34	2377	0	20
2026.08.27	13:30:00	4580.28	4585.85	4576.15	4585.66	2527	0	20
2026.08.27	13:45:00	4585.66	4590.59	4585.57	4590.12	2848	0	20
2026.08.27	14:00:00	4590.04	4592.56	4587.32	4592.47	2909	0	20
2026.08.27	14:15:00	4592.47	4596.83	4591.09	4594.46	2458	0	20
2026.08.27	14:30:00	4594.50	4599.72	4593.84	4597.53	3090	0	20
2026.08.27	14:45:00	4597.56	4600.31	4594.45	4598.29	2805	0	20
2026.08.27	15:00:00	4598.30	4601.11	4592.55	4592.72	3219	0	20
2026.08.27	15:15:00	4592.72	4600.63	4591.69	4595.33	3288	0	20
2026.08.27	15:30:00	4595.31	4596.83	4587.13	4587.48	3541	0	20
2026.08.27	15:45:00	4587.49	4588.05	4580.35	4585.77	3349	0	20
2026.08.27	16:00:00	4585.79	4590.76	4579.65	4585.22	5618	0	20
2026.08.27	16:15:00	4585.26	4593.20	4582.98	4590.17	4591	0	20
2026.08.27	16:30:00	4590.14	4592.92	4572.25	4578.64	7234	0	20
2026.08.27	16:45:00	4578.45	4582.86	4564.68	4572.32	6823	0	20
2026.08.27	17:00:00	4572.67	4579.24	4568.49	4573.67	6394	0	20
2026.08.27	17:15:00	4573.86	4584.14	4573.70	4581.24	5568	0	20
2026.08.27	17:30:00	4581.19	4597.31	4581.18	4595.22	5536	0	20
2026.08.27	17:45:00	4595.34	4598.17	4588.09	4591.25	4875	0	20
2026.08.27	18:00:00	4591.15	4595.42	4591.13	4592.54	4152	0	20
2026.08.27	18:15:00	4592.57	4598.00	4588.77	4593.02	4082	0	20
2026.08.27	18:30:00	4592.99	4605.71	4592.08	4601.23	4585	0	20
2026.08.27	18:45:00	4601.28	4611.18	4600.16	4610.42	4677	0	20
2026.08.27	19:00:00	4610.38	4612.89	4604.49	4604.57	4086	0	20
2026.08.27	19:15:00	4604.52	4608.43	4602.34	4607.57	2965	0	20
2026.08.27	19:30:00	4607.58	4612.77	4605.95	4611.49	3127	0	20
2026.08.27	19:45:00	4611.51	4616.61	4610.12	4614.86	3102	0	20
2026.08.27	20:00:00	4615.40	4616.44	4608.52	4610.15	3134	0	20
2026.08.27	20:15:00	4610.18	4611.96	4608.33	4610.21	2638	0	20
2026.08.27	20:30:00	4610.22	4614.34	4608.32	4611.03	2741	0	20
2026.08.27	20:45:00	4611.11	4611.59	4605.07	4606.37	3345	0	20
2026.08.27	21:00:00	4606.35	4607.94	4602.13	4605.49	3770	0	20
2026.08.27	21:15:00	4605.49	4607.92	4601.52	4601.58	3052	0	20
2026.08.27	21:30:00	4601.58	4605.00	4600.88	4604.44	2386	0	20
2026.08.27	21:45:00	4604.50	4611.10	4604.23	4610.32	2507	0	20
2026.08.27	22:00:00	4610.42	4618.03	4610.41	4615.56	3041	0	20
2026.08.27	22:15:00	4615.56	4616.11	4604.22	4605.74	2223	0	20
2026.08.27	22:30:00	4605.72	4610.03	4604.66	4609.71	2677	0	20
2026.08.27	22:45:00	4609.71	4612.71	4605.29	4609.26	3505	0	20
2026.08.27	23:00:00	4609.17	4609.59	4603.61	4604.86	1616	0	20
2026.08.27	23:15:00	4604.83	4605.34	4602.64	4603.62	840	0	20
2026.08.27	23:30:00	4603.62	4604.36	4601.90	4603.74	815	0	20
2026.08.27	23:45:00	4603.80	4604.69	4600.01	4601.62	1431	0	20
2026.08.28	01:00:00	4602.75	4607.73	4601.03	4604.77	1539	0	24
2026.08.28	01:15:00	4604.87	4608.33	4604.39	4607.65	1426	0	22
2026.08.28	01:30:00	4607.66	4610.06	4606.69	4607.79	1313	0	20
2026.08.28	01:45:00	4607.78	4610.75	4606.67	4610.68	1042	0	20
2026.08.28	02:00:00	4610.66	4611.40	4602.84	4602.89	1503	0	20
2026.08.28	02:15:00	4602.86	4603.56	4599.89	4600.94	1220	0	20
2026.08.28	02:30:00	4600.96	4602.21	4598.62	4599.70	1428	0	20
2026.08.28	02:45:00	4599.60	4599.66	4594.26	4594.52	2045	0	20
2026.08.28	03:00:00	4594.51	4602.45	4593.21	4600.59	3219	0	20
2026.08.28	03:15:00	4600.60	4600.76	4590.51	4593.94	2946	0	20
2026.08.28	03:30:00	4593.92	4594.28	4587.67	4591.08	2790	0	20
2026.08.28	03:45:00	4591.05	4591.07	4585.64	4588.72	2710	0	20
2026.08.28	04:00:00	4588.73	4602.15	4586.42	4593.88	4896	0	20
2026.08.28	04:15:00	4594.01	4598.03	4583.84	4585.58	4803	0	20
2026.08.28	04:30:00	4585.74	4589.00	4578.34	4582.06	4979	0	20
2026.08.28	04:45:00	4581.95	4583.16	4575.37	4575.86	4284	0	20
2026.08.28	05:00:00	4575.91	4582.63	4575.02	4581.31	3452	0	20
2026.08.28	05:15:00	4581.32	4584.81	4578.66	4583.40	2110	0	20
2026.08.28	05:30:00	4583.40	4589.59	4583.13	4585.06	3386	0	20
2026.08.28	05:45:00	4585.03	4587.22	4582.27	4586.30	2818	0	20
2026.08.28	06:00:00	4586.32	4588.27	4582.74	4584.12	2958	0	20
2026.08.28	06:15:00	4584.11	4589.95	4584.10	4587.93	2811	0	20
2026.08.28	06:30:00	4587.95	4588.26	4581.01	4581.90	1881	0	20
2026.08.28	06:45:00	4581.94	4582.09	4578.60	4579.89	1873	0	20
2026.08.28	07:00:00	4579.88	4580.38	4577.91	4579.38	1830	0	20
2026.08.28	07:15:00	4579.29	4585.30	4578.68	4584.69	1595	0	20
2026.08.28	07:30:00	4584.67	4584.67	4578.12	4579.93	1519	0	20
2026.08.28	07:45:00	4579.93	4585.22	4578.26	4584.28	1537	0	20
2026.08.28	08:00:00	4584.32	4585.24	4578.33	4579.93	2211	0	20
2026.08.28	08:15:00	4579.94	4586.19	4579.06	4584.07	2285	0	20
2026.08.28	08:30:00	4584.02	4584.03	4571.61	4572.69	4764	0	20
2026.08.28	08:45:00	4572.72	4577.36	4571.67	4573.31	3113	0	20
2026.08.28	09:00:00	4573.29	4583.53	4572.42	4581.67	3793	0	20
2026.08.28	09:15:00	4581.70	4585.64	4580.69	4584.97	3414	0	20
2026.08.28	09:30:00	4585.04	4588.46	4582.87	4588.23	3569	0	20
2026.08.28	09:45:00	4588.22	4613.23	4588.17	4612.63	5863	0	20
2026.08.28	10:00:00	4612.46	4613.50	4596.54	4600.67	4460	0	20
2026.08.28	10:15:00	4600.47	4610.07	4599.35	4607.51	3589	0	20
2026.08.28	10:30:00	4607.58	4614.33	4607.16	4609.25	3234	0	20
2026.08.28	10:45:00	4609.28	4613.45	4607.50	4611.85	2613	0	20
2026.08.28	11:00:00	4611.59	4614.59	4609.94	4611.68	3117	0	20
2026.08.28	11:15:00	4611.74	4612.46	4608.09	4609.18	2716	0	20
2026.08.28	11:30:00	4609.18	4611.46	4603.25	4603.59	2856	0	20
2026.08.28	11:45:00	4603.47	4606.14	4600.94	4602.81	2424	0	20
2026.08.28	12:00:00	4602.59	4604.25	4600.66	4601.55	2706	0	20
2026.08.28	12:15:00	4601.53	4604.08	4600.33	4601.72	2759	0	20
2026.08.28	12:30:00	4601.66	4605.04	4600.93	4603.94	2687	0	20
2026.08.28	12:45:00	4603.97	4607.30	4603.04	4605.08	2118	0	20
2026.08.28	13:00:00	4605.21	4608.88	4603.32	4608.53	2209	0	20
2026.08.28	13:15:00	4608.57	4609.79	4601.73	4605.22	2169	0	20
2026.08.28	13:30:00	4605.23	4607.90	4601.70	4602.80	2008	0	20
2026.08.28	13:45:00	4602.75	4603.13	4597.52	4600.09	2417	0	20
2026.08.28	14:00:00	4600.10	4601.24	4594.84	4598.70	3026	0	20
2026.08.28	14:15:00	4598.73	4601.10	4597.52	4598.92	2381	0	20
2026.08.28	14:30:00	4598.76	4600.79	4591.24	4594.57	2473	0	20
2026.08.28	14:45:00	4594.61	4595.97	4591.52	4593.25	2228	0	20
2026.08.28	15:00:00	4593.11	4596.97	4590.84	4594.34	3145	0	20
2026.08.28	15:15:00	4594.38	4603.76	4592.47	4601.45	3206	0	20
2026.08.28	15:30:00	4601.43	4602.16	4588.99	4591.78	4316	0	20
2026.08.28	15:45:00	4591.79	4602.60	4590.20	4601.59	3643	0	20
2026.08.28	16:00:00	4601.91	4605.35	4596.13	4598.90	4978	0	20
2026.08.28	16:15:00	4598.94	4604.49	4593.69	4603.98	4656	0	20
2026.08.28	16:30:00	4603.95	4607.83	4598.89	4604.86	6321	0	20
2026.08.28	16:45:00	4604.85	4627.34	4604.49	4605.39	6277	0	20
2026.08.28	17:00:00	4603.64	4632.14	4543.63	4545.88	8957	0	20
2026.08.28	17:15:00	4546.06	4568.47	4529.81	4552.04	8824	0	20
2026.08.28	17:30:00	4552.07	4577.08	4551.63	4561.16	8598	0	20
2026.08.28	17:45:00	4561.03	4580.79	4550.37	4576.71	8336	0	20
2026.08.28	18:00:00	4576.99	4582.72	4556.78	4559.11	8044	0	20
2026.08.28	18:15:00	4559.17	4569.27	4551.40	4566.82	7886	0	20
2026.08.28	18:30:00	4566.80	4567.62	4534.19	4539.22	7835	0	20
2026.08.28	18:45:00	4539.30	4545.88	4523.95	4524.44	8280	0	20
2026.08.28	19:00:00	4524.42	4529.35	4497.25	4497.91	8226	0	20
2026.08.28	19:15:00	4497.91	4503.69	4464.27	4480.91	8499	0	20
2026.08.28	19:30:00	4480.67	4487.48	4466.03	4469.11	8075	0	20
2026.08.28	19:45:00	4469.09	4485.11	4469.09	4479.36	7165	0	20
2026.08.28	20:00:00	4479.78	4482.74	4471.18	4480.62	6991	0	20
2026.08.28	20:15:00	4480.64	4486.61	4475.01	4478.23	6661	0	20
2026.08.28	20:30:00	4478.21	4481.72	4460.48	4467.14	6038	0	20
2026.08.28	20:45:00	4467.24	4475.76	4466.49	4469.29	5301	0	20
2026.08.28	21:00:00	4469.27	4471.61	4459.66	4461.14	5994	0	20
2026.08.28	21:15:00	4461.34	4463.30	4452.46	4456.07	6071	0	20
2026.08.28	21:30:00	4456.02	4458.60	4445.42	4451.23	5402	0	20
2026.08.28	21:45:00	4451.20	4458.20	4448.38	4456.74	5266	0	20
2026.08.28	22:00:00	4456.67	4462.62	4453.03	4456.93	5387	0	20
2026.08.28	22:15:00	4456.95	4463.50	4455.11	4462.00	4139	0	20
2026.08.28	22:30:00	4461.99	4466.93	4460.92	4464.92	4109	0	20
2026.08.28	22:45:00	4464.94	4464.94	4452.92	4458.30	5756	0	20
2026.08.28	23:00:00	4458.33	4462.77	4455.37	4457.77	2795	0	20
2026.08.28	23:15:00	4457.85	4460.63	4453.68	4458.01	1609	0	20
2026.08.28	23:30:00	4457.98	4458.34	4453.73	4456.91	1388	0	22
2026.08.28	23:45:00	4456.91	4459.78	4452.82	4456.22	1435	0	22
2026.08.31	01:00:00	4425.93	4459.50	4425.46	4458.90	3166	0	20
2026.08.31	01:15:00	4458.91	4466.00	4455.77	4459.42	2353	0	20
2026.08.31	01:30:00	4459.63	4462.42	4452.95	4457.84	2265	0	20
2026.08.31	01:45:00	4457.83	4462.43	4456.95	4461.41	1444	0	20
2026.08.31	02:00:00	4461.32	4466.90	4459.82	4460.63	2378	0	20
2026.08.31	02:15:00	4460.67	4465.21	4455.12	4457.55	2254	0	20
2026.08.31	02:30:00	4457.57	4457.88	4446.65	4447.54	2850	0	20
2026.08.31	02:45:00	4447.57	4460.27	4436.01	4458.43	4645	0	20
2026.08.31	03:00:00	4458.42	4463.40	4453.37	4461.96	5137	0	20
2026.08.31	03:15:00	4461.79	4465.22	4452.11	4456.86	3959	0	20
2026.08.31	03:30:00	4456.74	4472.07	4456.71	4465.25	3786	0	20
2026.08.31	03:45:00	4465.26	4468.90	4456.22	4456.33	3473	0	20
2026.08.31	04:00:00	4456.39	4463.25	4435.98	4443.67	7347	0	20
2026.08.31	04:15:00	4443.68	4454.30	4442.09	4443.85	6141	0	20
2026.08.31	04:30:00	4443.86	4453.78	4436.48	4450.86	6260	0	20
2026.08.31	04:45:00	4450.87	4452.68	4436.19	4440.15	5590	0	20
2026.08.31	05:00:00	4440.12	4441.44	4418.56	4424.29	5948	0	20
2026.08.31	05:15:00	4424.32	4427.95	4418.63	4423.05	4438	0	20
2026.08.31	05:30:00	4422.42	4426.35	4402.00	4403.10	6018	0	20
2026.08.31	05:45:00	4403.06	4422.87	4396.45	4422.84	4822	0	20
2026.08.31	06:00:00	4422.81	4428.25	4421.78	4428.24	3862	0	20
2026.08.31	06:15:00	4428.25	4433.97	4426.31	4427.71	3687	0	20
2026.08.31	06:30:00	4427.67	4427.67	4419.85	4422.91	2644	0	20
2026.08.31	06:45:00	4422.84	4426.90	4421.49	4422.58	2032	0	20
2026.08.31	07:00:00	4422.63	4422.78	4416.89	4421.30	2267	0	20
2026.08.31	07:15:00	4421.04	4421.56	4415.84	4415.87	2086	0	20
2026.08.31	07:30:00	4415.84	4421.94	4412.91	4420.10	2459	0	20
2026.08.31	07:45:00	4420.13	4424.95	4418.76	4424.54	2214	0	20
2026.08.31	08:00:00	4424.49	4427.02	4419.18	4422.77	2751	0	20
2026.08.31	08:15:00	4422.73	4440.72	4422.06	4440.29	3180	0	20
2026.08.31	08:30:00	4440.27	4442.09	4430.59	4437.59	4553	0	20
2026.08.31	08:45:00	4437.76	4443.78	4434.23	4442.87	3940	0	20
2026.08.31	09:00:00	4443.10	4443.10	4429.24	4432.12	3821	0	20
2026.08.31	09:15:00	4432.12	4439.14	4431.37	4435.93	3636	0	20
2026.08.31	09:30:00	4435.93	4441.13	4431.22	4439.53	3242	0	20
2026.08.31	09:45:00	4439.56	4442.48	4436.53	4439.31	3209	0	20
2026.08.31	10:00:00	4439.22	4441.80	4435.53	4436.02	2999	0	20
2026.08.31	10:15:00	4435.98	4448.23	4435.09	4443.85	3128	0	20
2026.08.31	10:30:00	4443.88	4447.07	4441.17	4446.49	2724	0	20
2026.08.31	10:45:00	4446.46	4447.76	4440.75	4443.20	2549	0	20
2026.08.31	11:00:00	4443.01	4449.41	4436.94	4438.73	3123	0	20
2026.08.31	11:15:00	4438.69	4441.32	4436.04	4440.00	3233	0	20
2026.08.31	11:30:00	4440.13	4440.18	4434.37	4435.40	2291	0	20
2026.08.31	11:45:00	4435.40	4436.89	4433.77	4435.52	1980	0	20
2026.08.31	12:00:00	4435.81	4442.90	4435.54	4442.84	2605	0	20
2026.08.31	12:15:00	4442.89	4444.12	4437.83	4439.11	2306	0	20
2026.08.31	12:30:00	4439.15	4444.62	4438.94	4443.00	1827	0	20
2026.08.31	12:45:00	4443.01	4445.46	4440.89	4445.41	2037	0	20
2026.08.31	13:00:00	4445.42	4453.61	4444.75	4451.60	3023	0	20
2026.08.31	13:15:00	4451.53	4452.07	4446.40	4448.42	2678	0	20
2026.08.31	13:30:00	4448.40	4451.65	4447.61	4450.94	2651	0	20
2026.08.31	13:45:00	4450.85	4455.60	4449.35	4453.84	2406	0	20
2026.08.31	14:00:00	4453.84	4457.60	4453.10	4453.70	2325	0	20
2026.08.31	14:15:00	4453.77	4464.03	4452.68	4463.20	2383	0	20
2026.08.31	14:30:00	4463.20	4463.96	4453.57	4454.67	2715	0	20
2026.08.31	14:45:00	4454.71	4456.26	4452.46	4455.40	2513	0	20
2026.08.31	15:00:00	4455.42	4460.90	4450.52	4457.14	3410	0	20
2026.08.31	15:15:00	4457.15	4458.75	4447.28	4447.71	4007	0	20
2026.08.31	15:30:00	4447.49	4449.98	4439.03	4440.41	4479	0	20
2026.08.31	15:45:00	4440.42	4441.59	4435.30	4435.69	3553	0	20
2026.08.31	16:00:00	4435.71	4446.60	4433.81	4446.02	4988	0	20
2026.08.31	16:15:00	4446.01	4448.25	4439.21	4445.89	4010	0	20
2026.08.31	16:30:00	4446.02	4447.27	4431.95	4433.61	6885	0	20
2026.08.31	16:45:00	4433.60	4433.62	4415.70	4418.46	6526	0	20
2026.08.31	17:00:00	4418.47	4427.94	4416.14	4427.29	6556	0	20
2026.08.31	17:15:00	4427.33	4430.98	4416.40	4420.17	6226	0	20
2026.08.31	17:30:00	4419.97	4436.67	4419.20	4432.94	5578	0	20
2026.08.31	17:45:00	4432.83	4436.10	4425.99	4431.66	5372	0	20
2026.08.31	18:00:00	4431.61	4437.56	4428.11	4435.23	5453	0	20
2026.08.31	18:15:00	4435.25	4437.84	4429.04	4432.98	4713	0	20
2026.08.31	18:30:00	4432.89	4434.22	4426.18	4427.33	4940	0	20
2026.08.31	18:45:00	4427.38	4433.53	4424.48	4426.12	4765	0	20
2026.08.31	19:00:00	4426.14	4437.14	4423.68	4434.67	4660	0	20
2026.08.31	19:15:00	4434.68	4438.62	4433.16	4438.40	3489	0	20
2026.08.31	19:30:00	4438.39	4440.23	4431.21	4435.65	3994	0	20
2026.08.31	19:45:00	4435.65	4437.41	4432.21	4433.15	3183	0	20
2026.08.31	20:00:00	4433.23	4435.16	4430.69	4433.76	3273	0	20
2026.08.31	20:15:00	4433.56	4436.99	4428.63	4430.46	3732	0	20
2026.08.31	20:30:00	4430.44	4436.80	4429.79	4436.52	3364	0	20
2026.08.31	20:45:00	4436.51	4439.98	4435.57	4436.42	3046	0	20
2026.08.31	21:00:00	4436.43	4436.68	4430.32	4433.57	3027	0	20
2026.08.31	21:15:00	4433.58	4434.42	4429.51	4429.61	2744	0	20
2026.08.31	21:30:00	4429.46	4430.23	4426.21	4429.17	3222	0	20
2026.08.31	21:45:00	4429.19	4434.56	4429.10	4430.78	2734	0	20
2026.08.31	22:00:00	4430.77	4435.39	4429.12	4433.65	2659	0	20
2026.08.31	22:15:00	4433.63	4442.33	4432.86	4440.47	2631	0	20
2026.08.31	22:30:00	4440.46	4445.17	4438.99	4442.89	3467	0	20
2026.08.31	22:45:00	4442.84	4453.57	4441.44	4453.38	4815	0	20
2026.08.31	23:00:00	4453.39	4455.81	4449.75	4450.08	2749	0	20
2026.08.31	23:15:00	4450.01	4450.38	4446.87	4447.25	1333	0	20
2026.08.31	23:30:00	4447.17	4449.21	4446.69	4448.14	1014	0	20
2026.08.31	23:45:00	4448.09	4449.08	4446.59	4449.04	1248	0	20
2026.09.01	01:00:00	4448.95	4455.91	4447.47	4451.85	1918	0	20
2026.09.01	01:15:00	4451.75	4452.22	4447.84	4449.92	976	0	20
2026.09.01	01:30:00	4449.92	4451.23	4447.35	4447.90	799	0	20
2026.09.01	01:45:00	4447.92	4448.28	4445.61	4446.98	888	0	20
2026.09.01	02:00:00	4447.00	4447.19	4443.90	4444.14	1126	0	20
2026.09.01	02:15:00	4444.12	4444.35	4441.84	4443.35	997	0	20
2026.09.01	02:30:00	4443.30	4447.98	4443.17	4445.73	1289	0	20
2026.09.01	02:45:00	4445.74	4452.48	4445.55	4452.25	2138	0	20
2026.09.01	03:00:00	4452.26	4458.04	4446.32	4455.21	5055	0	20
2026.09.01	03:15:00	4455.26	4461.42	4452.66	4460.28	4026	0	20
2026.09.01	03:30:00	4460.39	4460.97	4452.00	4453.21	2795	0	20
2026.09.01	03:45:00	4453.20	4461.41	4451.16	4453.60	3800	0	20
2026.09.01	04:00:00	4453.65	4456.92	4445.43	4446.38	5830	0	20
2026.09.01	04:15:00	4446.36	4447.80	4437.90	4439.76	4377	0	20
2026.09.01	04:30:00	4439.78	4445.68	4436.35	4445.66	4169	0	20
2026.09.01	04:45:00	4445.58	4446.59	4439.35	4444.29	3876	0	20
2026.09.01	05:00:00	4444.16	4449.02	4441.83	4444.95	3983	0	20
2026.09.01	05:15:00	4444.94	4448.28	4440.35	4440.53	2443	0	20
2026.09.01	05:30:00	4440.51	4441.03	4431.60	4431.82	4548	0	20
2026.09.01	05:45:00	4431.82	4443.16	4427.79	4443.08	3560	0	20
2026.09.01	06:00:00	4443.26	4444.03	4438.53	4439.81	3063	0	20
2026.09.01	06:15:00	4439.79	4440.32	4431.71	4433.99	2897	0	20
2026.09.01	06:30:00	4434.27	4438.75	4433.30	4438.46	2355	0	20
2026.09.01	06:45:00	4438.46	4443.22	4436.63	4436.63	1809	0	20
2026.09.01	07:00:00	4436.62	4437.62	4430.11	4431.03	2122	0	20
2026.09.01	07:15:00	4431.06	4433.83	4429.58	4429.64	1710	0	20
2026.09.01	07:30:00	4429.60	4430.47	4426.57	4427.71	2118	0	20
2026.09.01	07:45:00	4427.73	4429.51	4425.34	4426.56	2214	0	20
2026.09.01	08:00:00	4426.58	4432.56	4426.10	4429.31	2222	0	20
2026.09.01	08:15:00	4429.32	4430.58	4425.38	4426.71	2363	0	20
2026.09.01	08:30:00	4426.73	4443.61	4423.94	4442.69	4750	0	20
2026.09.01	08:45:00	4442.71	4445.93	4440.11	4440.21	3661	0	20
2026.09.01	09:00:00	4440.18	4440.56	4431.65	4432.89	3519	0	20
2026.09.01	09:15:00	4432.92	4435.03	4427.67	4429.03	2837	0	20
2026.09.01	09:30:00	4429.02	4435.20	4428.42	4434.80	2774	0	20
2026.09.01	09:45:00	4434.81	4435.26	4428.17	4429.56	2476	0	20
2026.09.01	10:00:00	4429.53	4434.96	4429.41	4433.11	3885	0	20
2026.09.01	10:15:00	4433.08	4433.59	4425.83	4426.07	3709	0	20
2026.09.01	10:30:00	4426.03	4428.22	4412.06	4418.11	4510	0	20
2026.09.01	10:45:00	4418.16	4423.24	4416.88	4420.13	4041	0	20
2026.09.01	11:00:00	4419.80	4419.80	4389.40	4405.48	6480	0	20
2026.09.01	11:15:00	4405.41	4405.79	4381.79	4383.04	5580	0	20
2026.09.01	11:30:00	4382.95	4383.79	4370.02	4375.58	6226	0	20
2026.09.01	11:45:00	4375.45	4378.52	4369.25	4370.74	5284	0	20
2026.09.01	12:00:00	4370.71	4376.03	4366.39	4376.00	5616	0	20
2026.09.01	12:15:00	4375.94	4378.10	4370.64	4372.88	4260	0	20
2026.09.01	12:30:00	4372.71	4373.01	4365.54	4371.62	4019	0	20
2026.09.01	12:45:00	4371.59	4373.63	4364.60	4364.63	3697	0	20
2026.09.01	13:00:00	4364.62	4381.88	4364.21	4378.23	3528	0	20
2026.09.01	13:15:00	4378.26	4385.58	4378.23	4384.91	3354	0	20
2026.09.01	13:30:00	4384.99	4385.85	4381.47	4381.47	3309	0	20
2026.09.01	13:45:00	4381.52	4381.67	4375.15	4378.15	3538	0	20
2026.09.01	14:00:00	4378.19	4383.13	4375.87	4377.19	3874	0	20
2026.09.01	14:15:00	4377.15	4381.90	4374.85	4380.51	3223	0	20
2026.09.01	14:30:00	4380.45	4384.81	4378.24	4384.07	2882	0	20
2026.09.01	14:45:00	4384.18	4387.18	4371.86	4374.36	3775	0	20
2026.09.01	15:00:00	4374.30	4374.59	4366.83	4370.90	4727	0	20
2026.09.01	15:15:00	4370.79	4376.07	4365.98	4368.48	5021	0	20
2026.09.01	15:30:00	4368.21	4368.63	4351.99	4364.81	5903	0	20
2026.09.01	15:45:00	4364.78	4369.79	4356.10	4356.19	4703	0	20
2026.09.01	16:00:00	4356.21	4357.53	4326.11	4329.50	7630	0	20
2026.09.01	16:15:00	4329.52	4344.57	4326.43	4343.19	6209	0	20
2026.09.01	16:30:00	4342.82	4362.35	4341.27	4361.81	7516	0	20
2026.09.01	16:45:00	4361.80	4367.45	4354.19	4365.13	6517	0	20
2026.09.01	17:00:00	4367.21	4370.59	4353.28	4370.19	7086	0	20
2026.09.01	17:15:00	4370.32	4375.57	4365.63	4365.63	6303	0	20
2026.09.01	17:30:00	4365.70	4373.13	4364.20	4366.95	5947	0	20
2026.09.01	17:45:00	4366.74	4370.31	4356.82	4360.39	5292	0	20
2026.09.01	18:00:00	4360.73	4362.90	4355.08	4357.24	5581	0	20
2026.09.01	18:15:00	4357.26	4365.83	4356.25	4365.77	4722	0	20
2026.09.01	18:30:00	4365.70	4370.78	4361.51	4370.72	4539	0	20
2026.09.01	18:45:00	4370.68	4373.81	4368.58	4372.89	3864	0	20
2026.09.01	19:00:00	4372.97	4374.79	4362.34	4362.42	4422	0	20
2026.09.01	19:15:00	4362.31	4365.50	4352.47	4352.73	5824	0	20
2026.09.01	19:30:00	4352.69	4357.67	4346.98	4354.85	5531	0	20
2026.09.01	19:45:00	4354.84	4359.01	4351.03	4351.26	4383	0	20
2026.09.01	20:00:00	4351.31	4351.91	4344.35	4346.33	4147	0	20
2026.09.01	20:15:00	4346.34	4350.07	4342.50	4349.92	4499	0	20
2026.09.01	20:30:00	4349.88	4351.86	4342.74	4343.91	4040	0	20
2026.09.01	20:45:00	4343.93	4344.50	4340.94	4342.87	2785	0	20
2026.09.01	21:00:00	4342.96	4344.48	4334.44	4336.43	3873	0	20
2026.09.01	21:15:00	4336.40	4341.69	4335.61	4337.43	3422	0	20
2026.09.01	21:30:00	4337.43	4337.49	4328.36	4329.54	4021	0	20
2026.09.01	21:45:00	4329.44	4334.25	4328.22	4331.61	3754	0	20
2026.09.01	22:00:00	4331.57	4337.31	4328.98	4337.26	3726	0	20
2026.09.01	22:15:00	4337.20	4337.57	4333.21	4334.38	3207	0	20
2026.09.01	22:30:00	4334.38	4334.62	4322.80	4326.40	3732	0	20
2026.09.01	22:45:00	4326.41	4330.27	4323.47	4326.98	4539	0	20
2026.09.01	23:00:00	4327.01	4330.63	4323.62	4325.52	2340	0	20
2026.09.01	23:15:00	4325.56	4328.83	4324.74	4325.88	1421	0	20
2026.09.01	23:30:00	4325.85	4330.52	4325.09	4327.58	1583	0	20
2026.09.01	23:45:00	4327.50	4329.79	4326.73	4328.11	1461	0	20
2026.09.02	01:00:00	4330.86	4334.37	4328.51	4329.21	1070	0	28
2026.09.02	01:15:00	4329.07	4329.27	4327.20	4327.70	931	0	28
2026.09.02	01:30:00	4327.63	4329.55	4326.27	4328.09	833	0	26
2026.09.02	01:45:00	4328.04	4331.04	4327.44	4329.39	1042	0	20
2026.09.02	02:00:00	4329.32	4332.42	4327.13	4330.56	1359	0	20
2026.09.02	02:15:00	4330.54	4331.56	4325.93	4330.84	1288	0	20
2026.09.02	02:30:00	4330.83	4335.76	4330.75	4333.88	1573	0	20
2026.09.02	02:45:00	4333.86	4333.95	4322.82	4324.48	2348	0	20
2026.09.02	03:00:00	4324.44	4330.38	4315.80	4328.18	5186	0	20
2026.09.02	03:15:00	4328.14	4334.47	4322.59	4325.91	4781	0	20
2026.09.02	03:30:00	4325.84	4331.61	4320.41	4330.07	3967	0	20
2026.09.02	03:45:00	4330.01	4331.19	4314.51	4315.80	4053	0	20
2026.09.02	04:00:00	4315.53	4322.75	4304.41	4317.57	7156	0	20
2026.09.02	04:15:00	4317.55	4326.63	4315.31	4317.25	5306	0	20
2026.09.02	04:30:00	4317.32	4318.54	4305.17	4309.16	5850	0	20
2026.09.02	04:45:00	4309.13	4309.86	4288.03	4291.04	5416	0	20
2026.09.02	05:00:00	4291.28	4301.98	4287.29	4296.13	5046	0	20
2026.09.02	05:15:00	4296.33	4306.52	4296.09	4304.37	3468	0	20
2026.09.02	05:30:00	4304.39	4314.70	4299.51	4309.27	4563	0	20
2026.09.02	05:45:00	4309.31	4311.16	4300.20	4302.82	3816	0	20
2026.09.02	06:00:00	4302.83	4304.22	4296.79	4300.68	3803	0	20
2026.09.02	06:15:00	4300.67	4302.39	4289.34	4293.61	4060	0	20
2026.09.02	06:30:00	4293.65	4293.75	4282.47	4288.58	3685	0	20
2026.09.02	06:45:00	4288.56	4303.84	4288.49	4303.24	2598	0	20
2026.09.02	07:00:00	4303.24	4306.69	4302.02	4304.27	2058	0	20
2026.09.02	07:15:00	4304.26	4305.52	4301.39	4302.75	2046	0	20
2026.09.02	07:30:00	4302.86	4307.81	4302.53	4304.68	1885	0	20
2026.09.02	07:45:00	4304.65	4307.61	4303.76	4307.25	1620	0	20
2026.09.02	08:00:00	4307.27	4310.01	4303.57	4309.91	2298	0	20
2026.09.02	08:15:00	4309.95	4313.88	4306.73	4313.10	2863	0	20
2026.09.02	08:30:00	4313.31	4324.76	4313.31	4323.08	4698	0	20
2026.09.02	08:45:00	4323.08	4326.36	4319.20	4319.85	3359	0	20
2026.09.02	09:00:00	4319.87	4329.17	4317.46	4326.53	4225	0	20
2026.09.02	09:15:00	4326.51	4328.51	4320.75	4322.65	4025	0	20
2026.09.02	09:30:00	4322.67	4326.41	4316.83	4324.24	4192	0	20
2026.09.02	09:45:00	4324.22	4324.97	4314.63	4321.62	4180	0	20
2026.09.02	10:00:00	4321.72	4331.03	4319.14	4326.67	4501	0	20
2026.09.02	10:15:00	4326.69	4329.28	4324.94	4326.75	3739	0	20
2026.09.02	10:30:00	4326.73	4331.29	4321.89	4322.66	3277	0	20
2026.09.02	10:45:00	4322.67	4325.07	4320.52	4323.22	3314	0	20
2026.09.02	11:00:00	4323.25	4331.66	4322.14	4325.47	3958	0	20
2026.09.02	11:15:00	4325.46	4327.68	4322.62	4323.05	3388	0	20
2026.09.02	11:30:00	4323.17	4326.71	4319.40	4321.93	3454	0	20
2026.09.02	11:45:00	4321.95	4322.54	4312.49	4312.83	3494	0	20
2026.09.02	12:00:00	4312.87	4322.34	4312.23	4313.83	3986	0	20
2026.09.02	12:15:00	4313.81	4315.25	4304.98	4309.06	3676	0	20
2026.09.02	12:30:00	4309.12	4311.78	4307.33	4310.07	3651	0	20
2026.09.02	12:45:00	4310.05	4311.41	4307.90	4308.52	3082	0	20
2026.09.02	13:00:00	4308.59	4309.55	4301.78	4306.78	3110	0	20
2026.09.02	13:15:00	4306.56	4312.18	4305.97	4309.81	2532	0	20
2026.09.02	13:30:00	4309.81	4310.66	4307.05	4309.34	2421	0	20
2026.09.02	13:45:00	4309.34	4310.36	4305.14	4309.17	2438	0	20
2026.09.02	14:00:00	4308.99	4324.46	4307.52	4322.50	3905	0	20
2026.09.02	14:15:00	4322.54	4323.08	4315.60	4321.73	3963	0	20
2026.09.02	14:30:00	4321.76	4332.77	4321.54	4324.55	3791	0	20
2026.09.02	14:45:00	4324.63	4332.85	4323.32	4332.27	3258	0	20
2026.09.02	15:00:00	4332.25	4336.34	4329.01	4333.04	4551	0	20
2026.09.02	15:15:00	4333.01	4344.46	4329.89	4336.25	5645	0	20
2026.09.02	15:30:00	4336.16	4337.66	4327.32	4334.20	4243	0	20
2026.09.02	15:45:00	4334.22	4339.17	4330.49	4331.26	4126	0	20
2026.09.02	16:00:00	4331.28	4344.47	4330.67	4339.49	5546	0	20
2026.09.02	16:15:00	4339.47	4358.47	4336.54	4358.39	5551	0	20
2026.09.02	16:30:00	4358.17	4379.40	4356.94	4378.11	7485	0	20
2026.09.02	16:45:00	4378.21	4385.44	4367.78	4385.30	6870	0	20
2026.09.02	17:00:00	4385.26	4397.63	4378.82	4387.77	7348	0	20
2026.09.02	17:15:00	4387.85	4397.13	4384.87	4387.48	6327	0	20
2026.09.02	17:30:00	4387.45	4388.10	4381.28	4385.42	6135	0	20
2026.09.02	17:45:00	4385.37	4386.79	4374.28	4376.90	5638	0	20
2026.09.02	18:00:00	4376.92	4380.80	4372.56	4372.80	5987	0	20
2026.09.02	18:15:00	4372.66	4373.00	4365.55	4372.61	5316	0	20
2026.09.02	18:30:00	4372.74	4375.15	4366.01	4366.20	4558	0	20
2026.09.02	18:45:00	4366.02	4373.85	4364.52	4373.07	3910	0	20
2026.09.02	19:00:00	4372.92	4374.73	4368.79	4372.28	3925	0	20
2026.09.02	19:15:00	4372.19	4372.37	4367.57	4368.57	3228	0	20
2026.09.02	19:30:00	4368.47	4370.41	4364.44	4364.92	3611	0	20
2026.09.02	19:45:00	4364.86	4370.51	4364.47	4368.16	4135	0	20
2026.09.02	20:00:00	4368.15	4371.02	4367.51	4368.79	3906	0	20
2026.09.02	20:15:00	4368.78	4369.84	4364.56	4369.80	3513	0	20
2026.09.02	20:30:00	4369.79	4377.63	4366.50	4376.45	3751	0	20
2026.09.02	20:45:00	4376.39	4380.66	4375.29	4376.80	3515	0	20
2026.09.02	21:00:00	4376.84	4377.43	4370.10	4370.23	2906	0	20
2026.09.02	21:15:00	4370.21	4379.70	4369.22	4373.07	3620	0	20
2026.09.02	21:30:00	4372.95	4378.07	4372.47	4372.99	2343	0	20
2026.09.02	21:45:00	4372.99	4375.69	4372.46	4374.02	2150	0	20
2026.09.02	22:00:00	4374.20	4380.21	4371.70	4379.07	2579	0	20
2026.09.02	22:15:00	4379.10	4382.94	4378.18	4380.97	2437	0	20
2026.09.02	22:30:00	4381.18	4388.60	4381.05	4387.96	2962	0	20
2026.09.02	22:45:00	4387.93	4391.13	4384.86	4391.07	3753	0	20
2026.09.02	23:00:00	4391.02	4391.43	4385.83	4385.86	1893	0	20
2026.09.02	23:15:00	4385.93	4387.70	4383.92	4386.26	1433	0	20
2026.09.02	23:30:00	4386.26	4389.73	4385.69	4387.80	1092	0	20
2026.09.02	23:45:00	4387.86	4390.62	4387.38	4388.04	1014	0	20
2026.09.03	01:00:00	4390.94	4393.29	4388.88	4390.02	1043	0	20
2026.09.03	01:15:00	4390.00	4390.87	4387.94	4389.80	1532	0	20
2026.09.03	01:30:00	4389.82	4389.84	4384.95	4385.19	1403	0	20
2026.09.03	01:45:00	4385.19	4385.27	4383.55	4384.62	1104	0	20
2026.09.03	02:00:00	4384.70	4386.70	4383.85	4383.99	1376	0	20
2026.09.03	02:15:00	4383.99	4384.09	4381.89	4382.22	979	0	20
2026.09.03	02:30:00	4382.19	4385.46	4381.04	4385.25	1416	0	20
2026.09.03	02:45:00	4385.22	4388.87	4384.46	4385.62	2388	0	20
2026.09.03	03:00:00	4385.59	4392.45	4384.70	4390.27	3238	0	20
2026.09.03	03:15:00	4390.24	4390.33	4385.25	4387.13	2738	0	20
2026.09.03	03:30:00	4387.14	4389.66	4382.47	4387.70	2530	0	20
2026.09.03	03:45:00	4387.73	4397.71	4385.72	4395.41	3241	0	20
2026.09.03	04:00:00	4395.41	4409.31	4387.28	4401.30	6351	0	20
2026.09.03	04:15:00	4401.05	4403.64	4394.03	4401.71	4745	0	20
2026.09.03	04:30:00	4401.62	4409.37	4400.37	4400.71	4761	0	20
2026.09.03	04:45:00	4400.61	4412.36	4400.23	4410.27	4310	0	20
2026.09.03	05:00:00	4410.25	4415.40	4409.07	4411.03	4519	0	20
2026.09.03	05:15:00	4411.10	4413.30	4406.62	4411.52	3038	0	20
2026.09.03	05:30:00	4411.49	4418.08	4409.40	4413.63	3964	0	20
2026.09.03	05:45:00	4413.59	4420.47	4411.48	4420.31	3501	0	20
2026.09.03	06:00:00	4420.30	4430.11	4419.43	4428.80	3111	0	20
2026.09.03	06:15:00	4428.75	4431.25	4424.61	4429.33	3228	0	20
2026.09.03	06:30:00	4429.37	4432.14	4426.64	4426.64	1990	0	20
2026.09.03	06:45:00	4426.63	4432.49	4425.40	4431.43	1869	0	20
2026.09.03	07:00:00	4431.37	4435.81	4425.54	4431.17	2645	0	20
2026.09.03	07:15:00	4431.21	4436.88	4430.01	4436.60	1507	0	20
2026.09.03	07:30:00	4436.62	4438.33	4435.49	4438.00	1736	0	20
2026.09.03	07:45:00	4438.02	4438.33	4434.04	4437.32	1696	0	20
2026.09.03	08:00:00	4437.30	4440.18	4428.93	4429.64	2458	0	20
2026.09.03	08:15:00	4429.69	4430.91	4422.75	4425.04	3774	0	20
2026.09.03	08:30:00	4425.10	4432.55	4422.41	4432.24	4698	0	20
2026.09.03	08:45:00	4432.24	4439.20	4428.42	4431.02	3831	0	20
2026.09.03	09:00:00	4430.95	4436.23	4425.78	4426.93	4466	0	20
2026.09.03	09:15:00	4426.89	4430.66	4418.76	4421.52	3999	0	20
2026.09.03	09:30:00	4421.56	4426.01	4420.29	4425.49	3421	0	20
2026.09.03	09:45:00	4425.44	4428.64	4420.48	4420.57	3060	0	20
2026.09.03	10:00:00	4420.53	4431.55	4419.03	4421.97	4659	0	20
2026.09.03	10:15:00	4422.00	4430.18	4421.65	4426.35	3625	0	20
2026.09.03	10:30:00	4426.35	4430.75	4423.58	4426.71	4498	0	20
2026.09.03	10:45:00	4426.69	4431.05	4424.27	4428.75	3209	0	20
2026.09.03	11:00:00	4428.74	4443.70	4427.97	4431.41	5858	0	20
2026.09.03	11:15:00	4431.40	4439.50	4430.76	4438.34	4196	0	20
2026.09.03	11:30:00	4438.33	4439.64	4431.36	4434.12	3326	0	20
2026.09.03	11:45:00	4434.58	4439.96	4433.90	4434.84	3081	0	20
2026.09.03	12:00:00	4434.85	4441.91	4434.12	4437.95	3634	0	20
2026.09.03	12:15:00	4438.09	4438.28	4432.11	4435.19	3050	0	20
2026.09.03	12:30:00	4434.99	4437.94	4429.55	4429.97	3340	0	20
2026.09.03	12:45:00	4429.89	4430.45	4425.56	4427.51	2673	0	20
2026.09.03	13:00:00	4427.50	4429.80	4422.98	4424.44	2931	0	20
2026.09.03	13:15:00	4424.37	4425.65	4419.03	4422.52	2957	0	20
2026.09.03	13:30:00	4422.52	4426.33	4419.96	4425.65	2991	0	20
2026.09.03	13:45:00	4425.63	4428.45	4424.12	4427.22	2518	0	20
2026.09.03	14:00:00	4427.23	4432.72	4425.07	4432.62	3444	0	20
2026.09.03	14:15:00	4432.65	4438.07	4430.32	4434.34	3427	0	20
2026.09.03	14:30:00	4434.60	4439.23	4427.23	4438.73	2892	0	20
2026.09.03	14:45:00	4438.73	4444.99	4436.67	4444.19	2960	0	20
2026.09.03	15:00:00	4444.14	4450.11	4441.15	4443.89	4064	0	20
2026.09.03	15:15:00	4443.85	4449.15	4437.83	4446.46	4239	0	20
2026.09.03	15:30:00	4446.48	4478.70	4446.48	4467.75	7758	0	20
2026.09.03	15:45:00	4467.69	4495.21	4465.48	4493.52	6848	0	20
2026.09.03	16:00:00	4493.57	4496.09	4484.78	4485.72	7029	0	20
2026.09.03	16:15:00	4485.74	4487.86	4476.95	4479.77	5842	0	20
2026.09.03	16:30:00	4479.91	4482.31	4467.94	4470.05	7484	0	20
2026.09.03	16:45:00	4470.09	4471.03	4456.67	4470.60	7025	0	20
2026.09.03	17:00:00	4468.89	4472.85	4459.49	4469.21	7151	0	20
2026.09.03	17:15:00	4469.23	4480.82	4469.16	4477.60	6480	0	20
2026.09.03	17:30:00	4477.51	4479.69	4466.02	4472.84	5949	0	20
2026.09.03	17:45:00	4472.86	4485.35	4470.69	4485.33	6189	0	20
2026.09.03	18:00:00	4485.40	4504.09	4484.23	4503.65	6747	0	20
2026.09.03	18:15:00	4503.60	4510.80	4501.64	4506.47	6053	0	20
2026.09.03	18:30:00	4506.59	4509.72	4494.85	4494.93	5065	0	20
2026.09.03	18:45:00	4495.07	4495.57	4486.04	4493.18	4626	0	20
2026.09.03	19:00:00	4493.18	4495.28	4487.56	4493.88	3912	0	20
2026.09.03	19:15:00	4493.90	4494.70	4490.51	4493.22	3396	0	20
2026.09.03	19:30:00	4493.41	4495.44	4486.67	4487.82	3791	0	20
2026.09.03	19:45:00	4487.81	4491.04	4485.46	4486.17	3212	0	20
2026.09.03	20:00:00	4486.26	4488.64	4483.20	4487.81	3570	0	20
2026.09.03	20:15:00	4487.84	4493.69	4485.10	4492.81	3584	0	20
2026.09.03	20:30:00	4492.81	4494.00	4490.81	4491.87	2663	0	20
2026.09.03	20:45:00	4491.89	4494.65	4486.55	4486.56	2617	0	20
2026.09.03	21:00:00	4486.55	4489.73	4483.90	4483.92	3220	0	20
2026.09.03	21:15:00	4483.97	4488.08	4479.67	4479.67	2991	0	20
2026.09.03	21:30:00	4479.72	4482.79	4475.93	4481.46	2725	0	20
2026.09.03	21:45:00	4481.45	4482.70	4474.05	4475.19	2937	0	20
2026.09.03	22:00:00	4475.20	4476.92	4472.93	4474.46	2874	0	20
2026.09.03	22:15:00	4474.44	4476.68	4472.70	4475.78	2649	0	20
2026.09.03	22:30:00	4475.80	4478.85	4474.05	4477.56	2503	0	20
2026.09.03	22:45:00	4477.58	4480.79	4473.22	4475.19	3417	0	20
2026.09.03	23:00:00	4475.28	4475.64	4471.49	4471.76	1689	0	20
2026.09.03	23:15:00	4471.70	4472.48	4470.44	4471.65	1105	0	20
2026.09.03	23:30:00	4471.63	4472.78	4470.97	4472.43	989	0	20
2026.09.03	23:45:00	4472.40	4474.09	4471.75	4473.05	1082	0	20
2026.09.04	01:00:00	4474.92	4478.26	4472.87	4478.09	1595	0	22
2026.09.04	01:15:00	4478.07	4478.71	4474.07	4474.94	1332	0	20
2026.09.04	01:30:00	4474.86	4476.65	4472.64	4473.80	1653	0	20
2026.09.04	01:45:00	4473.78	4475.88	4471.26	4474.39	1898	0	20
2026.09.04	02:00:00	4474.41	4477.66	4472.48	4474.15	1467	0	20
2026.09.04	02:15:00	4474.17	4475.04	4471.63	4473.78	1231	0	20
2026.09.04	02:30:00	4473.81	4478.23	4473.48	4477.37	1380	0	20
2026.09.04	02:45:00	4477.32	4480.35	4474.96	4480.00	1711	0	20
2026.09.04	03:00:00	4480.04	4483.18	4478.11	4480.79	3132	0	20
2026.09.04	03:15:00	4480.77	4480.93	4474.05	4474.54	2590	0	20
2026.09.04	03:30:00	4474.52	4482.17	4472.72	4482.17	2196	0	20
2026.09.04	03:45:00	4482.17	4487.13	4480.71	4486.29	2446	0	20
2026.09.04	04:00:00	4486.33	4487.23	4474.36	4474.85	5034	0	20
2026.09.04	04:15:00	4474.89	4478.92	4467.95	4470.96	4141	0	20
2026.09.04	04:30:00	4470.97	4476.87	4468.11	4473.96	4085	0	20
2026.09.04	04:45:00	4473.80	4480.53	4467.07	4478.82	3696	0	20
2026.09.04	05:00:00	4478.82	4482.57	4477.17	4479.33	3035	0	20
2026.09.04	05:15:00	4479.27	4480.25	4471.44	4473.89	2098	0	20
2026.09.04	05:30:00	4473.87	4477.25	4470.25	4470.78	3607	0	20
2026.09.04	05:45:00	4470.76	4480.87	4470.14	4477.46	2673	0	20
2026.09.04	06:00:00	4477.48	4478.63	4470.21	4473.37	2446	0	20
2026.09.04	06:15:00	4473.38	4474.67	4471.38	4472.43	2388	0	20
2026.09.04	06:30:00	4472.50	4475.28	4469.08	4469.34	1645	0	20
2026.09.04	06:45:00	4469.32	4470.07	4467.01	4467.01	1524	0	20
2026.09.04	07:00:00	4467.00	4470.02	4465.44	4469.23	1843	0	20
2026.09.04	07:15:00	4469.25	4472.30	4468.36	4471.62	1303	0	20
2026.09.04	07:30:00	4471.59	4474.84	4471.59	4474.05	1446	0	20
2026.09.04	07:45:00	4473.70	4474.85	4472.71	4473.68	1232	0	20
2026.09.04	08:00:00	4473.67	4474.55	4467.31	4469.44	1843	0	20
2026.09.04	08:15:00	4469.38	4475.18	4467.36	4467.57	1630	0	20
2026.09.04	08:30:00	4467.57	4477.60	4466.83	4471.04	3682	0	20
2026.09.04	08:45:00	4471.01	4472.78	4467.20	4472.04	2772	0	20
2026.09.04	09:00:00	4472.11	4473.41	4466.62	4468.88	3388	0	20
2026.09.04	09:15:00	4468.87	4471.79	4466.65	4468.82	2780	0	20
2026.09.04	09:30:00	4468.83	4469.77	4463.09	4464.23	3125	0	20
2026.09.04	09:45:00	4464.12	4464.46	4460.14	4462.95	3549	0	20
2026.09.04	10:00:00	4462.88	4471.40	4461.50	4467.81	3383	0	20
2026.09.04	10:15:00	4467.80	4472.81	4466.66	4472.63	2597	0	20
2026.09.04	10:30:00	4472.65	4486.26	4472.65	4485.72	3097	0	20
2026.09.04	10:45:00	4485.47	4490.84	4481.37	4483.39	3245	0	20
2026.09.04	11:00:00	4483.39	4486.57	4479.27	4481.94	3279	0	20
2026.09.04	11:15:00	4481.93	4483.99	4479.45	4480.99	2645	0	20
2026.09.04	11:30:00	4481.04	4482.41	4477.36	4477.44	2730	0	20
2026.09.04	11:45:00	4477.32	4479.75	4474.36	4477.78	2003	0	20
2026.09.04	12:00:00	4477.73	4479.14	4469.04	4470.02	2113	0	20
2026.09.04	12:15:00	4470.01	4470.64	4463.85	4466.58	2916	0	20
2026.09.04	12:30:00	4466.62	4470.14	4464.51	4467.28	2475	0	20
2026.09.04	12:45:00	4467.26	4469.63	4465.49	4465.50	1857	0	20
2026.09.04	13:00:00	4465.55	4473.18	4465.37	4472.77	1931	0	20
2026.09.04	13:15:00	4472.74	4473.47	4468.10	4471.20	2097	0	20
2026.09.04	13:30:00	4471.20	4475.11	4469.92	4473.49	2288	0	20
2026.09.04	13:45:00	4473.54	4476.36	4472.75	4472.82	1879	0	20
2026.09.04	14:00:00	4472.87	4473.31	4469.46	4470.24	2228	0	20
2026.09.04	14:15:00	4470.24	4470.73	4465.34	4465.58	2030	0	20
2026.09.04	14:30:00	4465.61	4470.27	4465.25	4468.18	1965	0	20
2026.09.04	14:45:00	4468.15	4470.54	4465.15	4466.85	1840	0	20
2026.09.04	15:00:00	4466.98	4470.44	4464.57	4464.74	3055	0	20
2026.09.04	15:15:00	4464.71	4475.86	4464.37	4471.97	4179	0	20
2026.09.04	15:30:00	4471.97	4473.68	4377.99	4393.85	8402	0	20
2026.09.04	15:45:00	4393.71	4409.86	4380.17	4393.76	7863	0	20
2026.09.04	16:00:00	4393.92	4394.24	4365.51	4394.18	7731	0	20
2026.09.04	16:15:00	4394.16	4414.56	4391.43	4412.48	6344	0	20
2026.09.04	16:30:00	4412.57	4424.02	4405.21	4423.84	8147	0	20
2026.09.04	16:45:00	4423.68	4434.64	4413.15	4413.15	7331	0	20
2026.09.04	17:00:00	4413.30	4435.03	4412.03	4433.97	7549	0	20
2026.09.04	17:15:00	4433.83	4437.30	4426.66	4429.02	6604	0	20
2026.09.04	17:30:00	4429.11	4442.25	4425.41	4428.92	6101	0	20
2026.09.04	17:45:00	4428.98	4432.09	4417.19	4427.50	6241	0	20
2026.09.04	18:00:00	4427.55	4443.66	4422.73	4443.38	5756	0	20
2026.09.04	18:15:00	4443.46	4448.92	4439.57	4439.90	5609	0	20
2026.09.04	18:30:00	4440.04	4446.62	4436.79	4442.91	4963	0	20
2026.09.04	18:45:00	4442.85	4446.01	4435.66	4436.64	4052	0	20
2026.09.04	19:00:00	4436.63	4440.33	4432.15	4438.74	4295	0	20
2026.09.04	19:15:00	4438.62	4443.52	4433.12	4434.13	3731	0	20
2026.09.04	19:30:00	4434.06	4439.67	4433.28	4437.97	3725	0	20
2026.09.04	19:45:00	4438.06	4440.42	4434.62	4436.23	3241	0	20
2026.09.04	20:00:00	4436.26	4436.52	4430.09	4433.68	3664	0	20
2026.09.04	20:15:00	4433.73	4440.34	4427.43	4428.59	3683	0	20
2026.09.04	20:30:00	4428.60	4429.66	4416.35	4417.15	3444	0	20
2026.09.04	20:45:00	4417.19	4421.34	4415.55	4416.45	2962	0	20
2026.09.04	21:00:00	4416.53	4419.65	4411.96	4419.48	3405	0	20
2026.09.04	21:15:00	4419.49	4426.62	4419.16	4424.75	2590	0	20
2026.09.04	21:30:00	4424.72	4425.60	4421.17	4422.84	2134	0	20
2026.09.04	21:45:00	4422.80	4425.87	4421.90	4423.85	1999	0	20
2026.09.04	22:00:00	4423.86	4429.96	4422.46	4429.07	2141	0	20
2026.09.04	22:15:00	4429.06	4435.75	4426.77	4435.45	2142	0	20
2026.09.04	22:30:00	4435.48	4438.30	4434.06	4436.86	2053	0	20
2026.09.04	22:45:00	4436.86	4437.16	4432.70	4434.73	3081	0	20
2026.09.04	23:00:00	4434.75	4435.10	4430.89	4431.65	1501	0	20
2026.09.04	23:15:00	4431.65	4431.83	4429.50	4430.11	975	0	20
2026.09.04	23:30:00	4430.10	4430.87	4429.01	4430.48	874	0	20
2026.09.04	23:45:00	4430.28	4431.44	4428.52	4430.01	797	0	20
2026.09.07	01:00:00	4425.96	4428.65	4416.90	4428.63	1797	0	20
2026.09.07	01:15:00	4428.63	4429.87	4426.59	4428.57	1295	0	27
2026.09.07	01:30:00	4428.57	4431.23	4427.74	4430.79	1680	0	22
2026.09.07	01:45:00	4430.78	4435.18	4429.23	4429.42	1890	0	20
2026.09.07	02:00:00	4429.43	4431.27	4429.23	4429.89	1267	0	23
2026.09.07	02:15:00	4429.86	4430.02	4425.15	4426.97	1512	0	20
2026.09.07	02:30:00	4426.93	4430.45	4425.16	4428.99	1961	0	20
2026.09.07	02:45:00	4429.03	4434.03	4421.25	4423.37	2978	0	20
2026.09.07	03:00:00	4423.43	4427.48	4421.14	4425.07	3686	0	20
2026.09.07	03:15:00	4425.13	4428.51	4422.15	4422.17	2825	0	20
2026.09.07	03:30:00	4422.16	4425.18	4418.46	4424.09	3129	0	20
2026.09.07	03:45:00	4424.07	4429.58	4409.99	4412.52	3730	0	20
2026.09.07	04:00:00	4412.50	4415.90	4395.64	4399.77	7052	0	20
2026.09.07	04:15:00	4399.78	4403.62	4389.58	4403.33	5410	0	20
2026.09.07	04:30:00	4403.35	4413.21	4403.00	4410.20	5152	0	20
2026.09.07	04:45:00	4410.12	4416.77	4408.69	4409.08	4316	0	20
2026.09.07	05:00:00	4409.05	4410.54	4402.87	4403.85	4365	0	20
2026.09.07	05:15:00	4403.84	4409.44	4403.44	4407.66	2937	0	20
2026.09.07	05:30:00	4407.65	4418.50	4406.80	4414.93	4150	0	20
2026.09.07	05:45:00	4414.94	4418.96	4407.36	4408.78	3333	0	20
2026.09.07	06:00:00	4408.79	4410.55	4405.46	4407.74	3576	0	20
2026.09.07	06:15:00	4407.78	4410.04	4404.60	4408.61	3412	0	20
2026.09.07	06:30:00	4408.60	4408.75	4401.61	4401.80	2455	0	20
2026.09.07	06:45:00	4401.73	4404.89	4401.34	4404.09	2244	0	20
2026.09.07	07:00:00	4404.08	4407.17	4401.28	4406.61	1838	0	20
2026.09.07	07:15:00	4406.68	4406.69	4400.12	4402.24	1655	0	20
2026.09.07	07:30:00	4402.24	4402.50	4394.43	4396.70	1911	0	20
2026.09.07	07:45:00	4396.68	4398.98	4395.57	4398.01	1437	0	20
2026.09.07	08:00:00	4398.02	4404.15	4397.62	4402.53	1904	0	20
2026.09.07	08:15:00	4402.54	4411.61	4401.95	4411.05	1807	0	20
2026.09.07	08:30:00	4411.11	4413.18	4401.51	4404.02	4191	0	20
2026.09.07	08:45:00	4404.40	4406.59	4393.10	4394.10	3911	0	20
2026.09.07	09:00:00	4394.04	4394.69	4385.17	4391.95	4632	0	20
2026.09.07	09:15:00	4391.94	4398.06	4389.98	4394.38	3475	0	20
2026.09.07	09:30:00	4394.48	4399.81	4393.81	4396.25	3497	0	20
2026.09.07	09:45:00	4396.28	4399.19	4391.16	4392.78	3133	0	20
2026.09.07	10:00:00	4392.77	4401.73	4391.83	4401.52	3828	0	20
2026.09.07	10:15:00	4401.50	4402.19	4394.69	4395.12	3461	0	20
2026.09.07	10:30:00	4395.10	4399.08	4392.26	4395.94	3516	0	20
2026.09.07	10:45:00	4395.91	4406.60	4394.93	4406.27	4656	0	20
2026.09.07	11:00:00	4406.30	4417.65	4405.17	4417.07	5182	0	20
2026.09.07	11:15:00	4417.09	4423.43	4416.24	4419.71	4009	0	20
2026.09.07	11:30:00	4419.70	4423.77	4413.43	4414.70	3932	0	20
2026.09.07	11:45:00	4414.69	4415.14	4409.58	4410.85	3069	0	20
2026.09.07	12:00:00	4410.91	4413.67	4410.74	4411.08	2616	0	20
2026.09.07	12:15:00	4411.09	4411.85	4405.42	4405.46	2647	0	20
2026.09.07	12:30:00	4405.53	4410.04	4403.72	4409.54	2468	0	20
2026.09.07	12:45:00	4409.57	4410.23	4404.72	4405.65	1689	0	20
2026.09.07	13:00:00	4405.62	4406.21	4402.36	4403.16	1623	0	20
2026.09.07	13:15:00	4403.00	4404.60	4395.77	4395.89	1866	0	20
2026.09.07	13:30:00	4395.89	4399.24	4391.85	4398.52	2204	0	20
2026.09.07	13:45:00	4398.56	4398.72	4388.01	4391.66	3071	0	20
2026.09.07	14:00:00	4391.70	4394.32	4389.02	4393.67	2920	0	20
2026.09.07	14:15:00	4393.64	4394.92	4387.49	4389.47	2305	0	20
2026.09.07	14:30:00	4389.48	4389.87	4381.09	4386.63	3142	0	20
2026.09.07	14:45:00	4386.63	4392.04	4385.04	4385.27	2097	0	20
2026.09.07	15:00:00	4385.31	4393.01	4385.29	4390.77	2341	0	20
2026.09.07	15:15:00	4390.78	4395.28	4390.30	4395.26	2534	0	20
2026.09.07	15:30:00	4395.28	4397.57	4392.63	4397.02	2862	0	20
2026.09.07	15:45:00	4396.98	4398.03	4394.26	4396.82	2792	0	20
2026.09.07	16:00:00	4396.81	4404.58	4395.40	4404.08	4257	0	20
2026.09.07	16:15:00	4404.09	4405.01	4401.45	4403.84	2805	0	20
2026.09.07	16:30:00	4403.81	4407.48	4401.75	4403.33	3211	0	20
2026.09.07	16:45:00	4403.40	4407.81	4401.18	4402.62	2934	0	20
2026.09.07	17:00:00	4402.52	4408.92	4401.10	4407.12	2915	0	20
2026.09.07	17:15:00	4407.07	4409.05	4405.06	4407.04	2281	0	20
2026.09.07	17:30:00	4407.05	4412.17	4404.63	4411.95	2709	0	20
2026.09.07	17:45:00	4411.93	4419.57	4410.85	4416.00	4246	0	20
2026.09.07	18:00:00	4416.01	4416.60	4409.22	4414.89	3670	0	20
2026.09.07	18:15:00	4414.86	4415.14	4411.57	4412.84	2514	0	20
2026.09.07	18:30:00	4412.84	4414.05	4408.82	4411.82	1791	0	20
2026.09.07	18:45:00	4411.81	4415.04	4411.24	4414.45	1671	0	20
2026.09.07	19:00:00	4414.44	4417.28	4412.78	4415.28	1370	0	20
2026.09.07	19:15:00	4415.26	4415.86	4412.60	4413.56	1134	0	20
2026.09.07	19:30:00	4413.57	4414.12	4411.83	4414.09	1027	0	20
2026.09.07	19:45:00	4414.08	4414.50	4412.96	4414.48	1021	0	20
2026.09.07	20:00:00	4414.46	4415.13	4411.92	4412.14	632	0	20
2026.09.07	20:15:00	4412.15	4413.73	4412.14	4412.29	733	0	20
2026.09.07	20:30:00	4412.30	4412.65	4409.99	4410.90	823	0	21
2026.09.07	20:45:00	4410.82	4410.93	4407.09	4407.10	976	0	21
2026.09.07	21:00:00	4407.11	4409.16	4404.51	4404.86	1340	0	20
2026.09.07	21:15:00	4404.91	4406.22	4403.61	4405.44	765	0	20
2026.09.08	01:00:00	4410.53	4414.41	4409.11	4412.56	1346	0	20
2026.09.08	01:15:00	4412.57	4413.31	4409.69	4409.73	1250	0	20
2026.09.08	01:30:00	4409.72	4409.95	4407.86	4408.19	1305	0	20
2026.09.08	01:45:00	4408.20	4408.50	4406.18	4407.56	961	0	21
2026.09.08	02:00:00	4407.49	4412.32	4407.20	4410.94	1402	0	20
2026.09.08	02:15:00	4410.88	4412.65	4409.07	4410.78	2254	0	20
2026.09.08	02:30:00	4410.77	4428.00	4410.76	4427.42	3560	0	20
2026.09.08	02:45:00	4427.45	4427.94	4420.08	4422.85	3390	0	23
2026.09.08	03:00:00	4422.99	4424.47	4415.02	4417.13	6153	0	20
2026.09.08	03:15:00	4417.24	4430.11	4415.90	4421.44	5035	0	20
2026.09.08	03:30:00	4421.45	4426.27	4418.73	4421.49	4020	0	20
2026.09.08	03:45:00	4421.55	4427.51	4415.14	4426.17	4314	0	20
2026.09.08	04:00:00	4426.20	4431.39	4417.03	4428.44	6480	0	20
2026.09.08	04:15:00	4428.46	4436.24	4427.05	4434.48	4756	0	20
2026.09.08	04:30:00	4434.40	4436.97	4430.86	4433.39	4410	0	20
2026.09.08	04:45:00	4433.50	4440.70	4433.50	4437.01	4672	0	20
2026.09.08	05:00:00	4437.02	4438.68	4426.09	4428.24	4217	0	20
2026.09.08	05:15:00	4428.21	4429.66	4424.40	4424.90	4049	0	20
2026.09.08	05:30:00	4424.87	4426.87	4421.35	4426.64	3964	0	20
2026.09.08	05:45:00	4426.63	4428.01	4421.20	4424.19	3820	0	20
2026.09.08	06:00:00	4424.17	4431.76	4422.47	4429.59	3157	0	20
2026.09.08	06:15:00	4429.60	4440.09	4428.71	4432.04	3813	0	20
2026.09.08	06:30:00	4432.23	4435.05	4430.52	4432.55	1932	0	20
2026.09.08	06:45:00	4432.71	4438.80	4432.37	4437.75	1992	0	20
2026.09.08	07:00:00	4437.77	4442.93	4437.77	4439.20	2719	0	20
2026.09.08	07:15:00	4439.16	4440.66	4431.62	4432.53	2191	0	20
2026.09.08	07:30:00	4432.58	4436.51	4432.22	4436.45	1617	0	20
2026.09.08	07:45:00	4436.44	4439.77	4434.16	4435.98	1483	0	20
2026.09.08	08:00:00	4435.96	4437.69	4427.01	4427.30	2702	0	20
2026.09.08	08:15:00	4427.29	4431.57	4420.22	4420.41	3157	0	20
2026.09.08	08:30:00	4420.40	4426.97	4417.81	4425.76	4434	0	20
2026.09.08	08:45:00	4425.73	4428.81	4417.32	4418.91	4234	0	20
2026.09.08	09:00:00	4419.20	4420.07	4408.59	4411.53	4840	0	20
2026.09.08	09:15:00	4411.49	4411.49	4398.99	4400.07	4879	0	20
2026.09.08	09:30:00	4400.10	4408.68	4398.18	4407.24	4069	0	20
2026.09.08	09:45:00	4407.26	4409.26	4403.26	4403.76	3431	0	20
2026.09.08	10:00:00	4403.85	4409.43	4402.39	4403.15	4540	0	20
2026.09.08	10:15:00	4402.97	4404.18	4400.16	4401.54	3340	0	20
2026.09.08	10:30:00	4401.55	4405.35	4391.11	4395.43	4019	0	20
2026.09.08	10:45:00	4395.45	4397.22	4389.98	4392.34	3302	0	20
2026.09.08	11:00:00	4392.42	4395.80	4387.79	4390.38	4387	0	20
2026.09.08	11:15:00	4390.45	4396.32	4389.59	4394.62	3283	0	20
2026.09.08	11:30:00	4394.62	4398.58	4391.88	4392.73	2971	0	20
2026.09.08	11:45:00	4392.69	4398.31	4390.98	4394.14	3303	0	20
2026.09.08	12:00:00	4394.13	4398.06	4391.20	4397.37	2705	0	20
2026.09.08	12:15:00	4397.38	4399.35	4392.49	4393.07	2426	0	20
2026.09.08	12:30:00	4393.12	4403.74	4390.83	4401.46	3676	0	20
2026.09.08	12:45:00	4401.53	4405.58	4401.07	4402.97	2308	0	20
2026.09.08	13:00:00	4402.96	4403.01	4393.69	4396.33	2604	0	20
2026.09.08	13:15:00	4396.32	4406.71	4395.97	4399.36	2913	0	20
2026.09.08	13:30:00	4399.40	4399.49	4393.90	4397.04	2149	0	20
2026.09.08	13:45:00	4397.01	4400.35	4395.25	4395.28	1973	0	20
2026.09.08	14:00:00	4395.31	4399.35	4391.07	4395.03	3187	0	20
2026.09.08	14:15:00	4394.98	4402.90	4394.94	4401.96	2585	0	20
2026.09.08	14:30:00	4401.98	4407.83	4400.54	4403.53	2642	0	20
2026.09.08	14:45:00	4403.60	4406.54	4397.70	4406.40	2397	0	20
2026.09.08	15:00:00	4406.39	4406.71	4390.39	4391.82	4464	0	20
2026.09.08	15:15:00	4391.73	4401.85	4385.29	4401.85	4988	0	20
2026.09.08	15:30:00	4401.89	4408.19	4395.30	4396.52	4292	0	20
2026.09.08	15:45:00	4396.60	4411.71	4395.60	4411.53	3725	0	20
2026.09.08	16:00:00	4411.54	4412.72	4402.56	4408.43	5174	0	20
2026.09.08	16:15:00	4408.46	4410.81	4399.08	4400.30	4526	0	20
2026.09.08	16:30:00	4400.65	4405.93	4390.34	4396.55	6611	0	20
2026.09.08	16:45:00	4396.56	4407.40	4394.30	4395.62	5919	0	20
2026.09.08	17:00:00	4395.53	4402.72	4391.46	4394.36	6100	0	20
2026.09.08	17:15:00	4394.21	4403.67	4393.99	4396.71	4449	0	20
2026.09.08	17:30:00	4396.71	4400.71	4392.67	4397.31	4631	0	20
2026.09.08	17:45:00	4397.35	4398.95	4389.08	4398.62	4509	0	20
2026.09.08	18:00:00	4398.70	4408.22	4397.52	4404.71	4323	0	20
2026.09.08	18:15:00	4404.85	4409.30	4396.42	4398.97	4808	0	20
2026.09.08	18:30:00	4399.00	4404.12	4397.24	4400.12	3872	0	20
2026.09.08	18:45:00	4400.13	4400.42	4394.70	4394.70	3451	0	20
2026.09.08	19:00:00	4394.75	4395.10	4380.57	4386.43	4588	0	20
2026.09.08	19:15:00	4386.44	4395.33	4383.60	4393.96	3957	0	20
2026.09.08	19:30:00	4393.95	4396.63	4392.88	4394.13	2834	0	20
2026.09.08	19:45:00	4394.16	4398.43	4390.31	4393.60	3589	0	20
2026.09.08	20:00:00	4393.64	4403.72	4393.64	4395.50	3379	0	20
2026.09.08	20:15:00	4395.50	4397.32	4392.00	4393.98	2835	0	20
2026.09.08	20:30:00	4394.01	4395.04	4385.42	4385.42	2657	0	20
2026.09.08	20:45:00	4385.41	4390.30	4385.28	4389.89	2351	0	20
2026.09.08	21:00:00	4389.95	4390.26	4384.09	4387.57	2724	0	20
2026.09.08	21:15:00	4387.54	4387.68	4384.28	4385.53	2663	0	20
2026.09.08	21:30:00	4385.55	4385.67	4381.41	4385.54	2408	0	20
2026.09.08	21:45:00	4385.57	4386.56	4358.25	4375.59	6193	0	20
2026.09.08	22:00:00	4375.64	4377.20	4369.27	4370.43	3840	0	20
2026.09.08	22:15:00	4370.46	4373.14	4366.30	4368.67	3577	0	20
2026.09.08	22:30:00	4368.68	4369.68	4361.43	4368.77	3222	0	20
2026.09.08	22:45:00	4368.87	4368.87	4356.71	4359.36	4351	0	20
2026.09.08	23:00:00	4359.27	4364.32	4355.95	4360.10	2599	0	20
2026.09.08	23:15:00	4360.15	4361.30	4355.52	4356.73	1534	0	20
2026.09.08	23:30:00	4356.73	4358.66	4356.35	4357.84	1162	0	20
2026.09.08	23:45:00	4357.86	4358.03	4345.75	4355.41	1766	0	20
2026.09.09	01:00:00	4355.77	4358.68	4352.62	4356.02	1680	0	20
2026.09.09	01:15:00	4356.03	4357.64	4353.24	4354.41	1418	0	20
2026.09.09	01:30:00	4354.42	4355.98	4350.45	4351.86	1914	0	20
2026.09.09	01:45:00	4351.87	4354.29	4350.90	4354.14	1302	0	20
2026.09.09	02:00:00	4354.28	4354.96	4351.86	4352.41	1599	0	20
2026.09.09	02:15:00	4352.45	4357.58	4351.88	4357.51	1507	0	20
2026.09.09	02:30:00	4357.49	4359.91	4356.72	4358.57	1421	0	20
2026.09.09	02:45:00	4358.57	4358.57	4349.25	4349.93	2801	0	20
2026.09.09	03:00:00	4349.91	4353.07	4344.59	4349.62	4155	0	20
2026.09.09	03:15:00	4349.57	4350.21	4341.26	4346.98	3769	0	20
2026.09.09	03:30:00	4347.02	4354.89	4343.67	4354.88	3992	0	20
2026.09.09	03:45:00	4354.77	4365.57	4352.79	4364.77	3468	0	20
2026.09.09	04:00:00	4364.77	4368.54	4354.07	4368.26	5644	0	20
2026.09.09	04:15:00	4368.25	4373.03	4362.72	4371.66	4224	0	20
2026.09.09	04:30:00	4371.64	4378.01	4370.71	4376.38	3198	0	20
2026.09.09	04:45:00	4376.38	4378.06	4370.82	4373.62	3458	0	20
2026.09.09	05:00:00	4373.60	4375.52	4370.56	4373.41	3769	0	20
2026.09.09	05:15:00	4373.37	4376.86	4371.50	4372.89	2849	0	20
2026.09.09	05:30:00	4372.89	4374.41	4367.26	4374.15	3452	0	20
2026.09.09	05:45:00	4374.08	4384.36	4373.00	4382.11	4234	0	20
2026.09.09	06:00:00	4382.18	4382.69	4378.18	4378.97	3606	0	20
2026.09.09	06:15:00	4379.02	4379.31	4375.50	4378.09	2573	0	20
2026.09.09	06:30:00	4378.08	4380.05	4375.34	4378.65	1773	0	20
2026.09.09	06:45:00	4378.65	4379.10	4375.12	4375.14	2686	0	20
2026.09.09	07:00:00	4375.15	4376.18	4370.61	4373.30	2073	0	20
2026.09.09	07:15:00	4373.37	4380.59	4372.33	4380.01	1923	0	20
2026.09.09	07:30:00	4380.01	4380.05	4376.32	4378.01	1537	0	20
2026.09.09	07:45:00	4378.00	4382.49	4377.44	4381.58	2167	0	20
2026.09.09	08:00:00	4381.62	4387.89	4380.46	4387.73	2398	0	20
2026.09.09	08:15:00	4387.64	4388.64	4383.34	4385.23	2417	0	20
2026.09.09	08:30:00	4385.32	4395.54	4384.26	4395.50	3471	0	20
2026.09.09	08:45:00	4395.42	4400.92	4392.57	4398.70	2920	0	20
2026.09.09	09:00:00	4398.79	4405.27	4398.31	4401.30	3213	0	20
2026.09.09	09:15:00	4401.27	4403.19	4395.18	4398.12	2968	0	20
2026.09.09	09:30:00	4398.41	4405.96	4397.11	4400.30	2650	0	20
2026.09.09	09:45:00	4400.32	4401.60	4398.78	4400.57	2521	0	20
2026.09.09	10:00:00	4400.54	4407.74	4399.26	4406.50	2853	0	20
2026.09.09	10:15:00	4406.25	4408.80	4402.91	4407.66	2852	0	20
2026.09.09	10:30:00	4407.72	4410.46	4406.48	4410.28	2364	0	20
2026.09.09	10:45:00	4410.28	4412.73	4408.32	4409.15	2538	0	20
2026.09.09	11:00:00	4409.10	4411.98	4403.74	4403.78	3227	0	20
2026.09.09	11:15:00	4403.79	4404.77	4399.43	4399.63	2497	0	20
2026.09.09	11:30:00	4399.70	4403.50	4398.97	4399.91	2501	0	20
2026.09.09	11:45:00	4399.90	4403.25	4398.97	4400.60	2164	0	20
2026.09.09	12:00:00	4400.64	4402.25	4397.88	4398.49	2644	0	20
2026.09.09	12:15:00	4398.47	4400.11	4396.89	4398.31	2559	0	20
2026.09.09	12:30:00	4398.16	4398.68	4395.33	4396.24	2717	0	20
2026.09.09	12:45:00	4396.21	4396.21	4388.53	4390.67	3072	0	20
2026.09.09	13:00:00	4390.63	4393.40	4386.16	4391.05	3684	0	20
2026.09.09	13:15:00	4391.01	4395.94	4389.21	4394.28	2603	0	20
2026.09.09	13:30:00	4394.27	4399.25	4393.43	4394.91	2460	0	20
2026.09.09	13:45:00	4394.86	4403.13	4394.62	4399.60	2695	0	20
2026.09.09	14:00:00	4399.85	4404.56	4399.77	4403.54	2449	0	20
2026.09.09	14:15:00	4403.71	4409.00	4401.42	4408.22	2678	0	20
2026.09.09	14:30:00	4408.22	4408.36	4403.50	4405.49	2991	0	20
2026.09.09	14:45:00	4405.67	4415.30	4403.44	4407.31	3975	0	20
2026.09.09	15:00:00	4407.35	4409.33	4399.10	4399.22	3986	0	20
2026.09.09	15:15:00	4399.21	4400.26	4393.67	4393.76	4128	0	20
2026.09.09	15:30:00	4393.78	4397.58	4390.83	4395.30	4363	0	20
2026.09.09	15:45:00	4395.28	4402.16	4395.23	4400.01	3404	0	20
2026.09.09	16:00:00	4399.95	4413.63	4398.63	4413.18	5249	0	20
2026.09.09	16:15:00	4413.25	4430.29	4410.75	4429.48	5579	0	20
2026.09.09	16:30:00	4429.37	4434.04	4412.89	4417.08	7025	0	20
2026.09.09	16:45:00	4417.04	4423.66	4410.63	4414.99	6051	0	20
2026.09.09	17:00:00	4414.80	4428.56	4414.31	4423.27	5842	0	20
2026.09.09	17:15:00	4423.31	4426.06	4409.82	4425.90	6065	0	20
2026.09.09	17:30:00	4425.93	4427.04	4418.68	4418.89	5354	0	20
2026.09.09	17:45:00	4418.92	4423.56	4415.07	4418.74	4756	0	20
2026.09.09	18:00:00	4418.99	4432.15	4380.25	4389.64	8285	0	20
2026.09.09	18:15:00	4389.89	4395.34	4375.03	4394.69	7810	0	20
2026.09.09	18:30:00	4394.79	4407.24	4392.52	4402.99	6497	0	20
2026.09.09	18:45:00	4403.18	4407.17	4398.14	4398.44	5303	0	20
2026.09.09	19:00:00	4398.45	4403.06	4394.78	4397.82	4828	0	20
2026.09.09	19:15:00	4397.84	4402.41	4391.60	4401.65	4250	0	20
2026.09.09	19:30:00	4401.62	4407.79	4398.91	4407.36	3928	0	20
2026.09.09	19:45:00	4407.58	4410.33	4405.55	4409.56	3398	0	20
2026.09.09	20:00:00	4409.44	4420.48	4408.85	4416.65	4789	0	20
2026.09.09	20:15:00	4416.64	4420.55	4414.35	4414.77	3858	0	20
2026.09.09	20:30:00	4414.91	4417.13	4411.72	4413.55	3230	0	20
2026.09.09	20:45:00	4413.56	4416.82	4413.34	4416.06	2434	0	20
2026.09.09	21:00:00	4416.05	4421.45	4415.78	4420.31	2945	0	20
2026.09.09	21:15:00	4420.28	4420.64	4416.70	4417.92	2689	0	20
2026.09.09	21:30:00	4417.99	4418.29	4409.46	4409.74	2609	0	20
2026.09.09	21:45:00	4409.78	4409.99	4401.66	4403.06	3280	0	20
2026.09.09	22:00:00	4403.07	4404.11	4396.83	4400.20	3226	0	20
2026.09.09	22:15:00	4400.24	4404.81	4398.55	4399.56	2541	0	20
2026.09.09	22:30:00	4399.50	4400.88	4395.60	4399.77	2645	0	20
2026.09.09	22:45:00	4399.82	4401.45	4396.32	4399.07	3201	0	20
2026.09.09	23:00:00	4399.05	4399.30	4396.36	4397.19	1307	0	20
2026.09.09	23:15:00	4397.19	4397.39	4393.44	4394.73	1183	0	20
2026.09.09	23:30:00	4394.74	4400.84	4394.69	4400.11	1218	0	20
2026.09.09	23:45:00	4400.07	4401.75	4399.29	4401.68	1258	0	21
2026.09.10	01:00:00	4403.78	4406.20	4402.60	4402.89	1636	0	20
2026.09.10	01:15:00	4402.96	4404.32	4400.27	4402.44	1636	0	20
2026.09.10	01:30:00	4402.43	4403.78	4399.95	4401.39	1869	0	20
2026.09.10	01:45:00	4401.41	4401.67	4397.62	4399.53	1834	0	20
2026.09.10	02:00:00	4399.54	4403.05	4398.40	4400.63	2080	0	20
2026.09.10	02:15:00	4400.58	4402.27	4395.74	4397.55	2102	0	20
2026.09.10	02:30:00	4397.53	4399.13	4393.28	4394.29	1637	0	20
2026.09.10	02:45:00	4394.32	4395.22	4393.12	4394.17	2307	0	20
2026.09.10	03:00:00	4393.93	4397.11	4389.76	4394.98	3409	0	20
2026.09.10	03:15:00	4394.98	4398.45	4392.23	4392.81	3353	0	20
2026.09.10	03:30:00	4392.78	4401.51	4391.35	4400.92	3301	0	20
2026.09.10	03:45:00	4400.94	4404.75	4397.81	4401.01	3532	0	21
2026.09.10	04:00:00	4401.01	4419.03	4400.23	4412.75	5497	0	20
2026.09.10	04:15:00	4412.54	4416.56	4410.27	4410.42	5165	0	20
2026.09.10	04:30:00	4410.44	4410.98	4405.24	4409.97	5542	0	20
2026.09.10	04:45:00	4409.98	4414.40	4407.99	4412.22	5331	0	21
2026.09.10	05:00:00	4412.26	4418.84	4411.76	4414.02	4858	0	20
2026.09.10	05:15:00	4414.03	4417.65	4408.06	4417.03	3082	0	20
2026.09.10	05:30:00	4417.00	4420.86	4411.07	4418.11	3982	0	20
2026.09.10	05:45:00	4418.12	4420.85	4416.29	4419.37	3531	0	20
2026.09.10	06:00:00	4419.40	4420.98	4411.58	4412.61	3762	0	21
2026.09.10	06:15:00	4412.67	4414.90	4409.18	4410.07	3678	0	22
2026.09.10	06:30:00	4410.12	4412.57	4407.05	4407.83	2340	0	21
2026.09.10	06:45:00	4407.84	4409.97	4406.91	4409.07	1593	0	20
2026.09.10	07:00:00	4409.10	4415.50	4409.07	4414.06	1816	0	21
2026.09.10	07:15:00	4414.04	4415.47	4410.75	4411.79	1938	0	21
2026.09.10	07:30:00	4411.86	4413.69	4405.54	4406.54	2059	0	21
2026.09.10	07:45:00	4406.53	4411.69	4406.34	4408.46	2054	0	22
2026.09.10	08:00:00	4408.49	4418.85	4408.14	4418.85	2920	0	20
2026.09.10	08:15:00	4418.88	4420.76	4416.97	4420.76	2250	0	20
2026.09.10	08:30:00	4420.74	4429.57	4417.51	4428.26	4756	0	20
2026.09.10	08:45:00	4428.17	4431.19	4423.78	4431.04	3878	0	20
2026.09.10	09:00:00	4431.29	4434.90	4415.94	4416.22	3776	0	20
2026.09.10	09:15:00	4416.31	4417.55	4410.84	4417.49	4499	0	20
2026.09.10	09:30:00	4417.44	4426.94	4413.21	4426.71	3737	0	20
2026.09.10	09:45:00	4426.84	4428.80	4423.65	4425.27	3752	0	20
2026.09.10	10:00:00	4425.27	4425.44	4413.06	4413.28	3456	0	20
2026.09.10	10:15:00	4413.30	4414.99	4407.92	4408.34	2871	0	20
2026.09.10	10:30:00	4408.45	4410.65	4403.95	4409.60	3927	0	20
2026.09.10	10:45:00	4409.63	4415.30	4408.85	4411.77	2847	0	20
2026.09.10	11:00:00	4411.65	4412.79	4404.66	4405.64	3176	0	20
2026.09.10	11:15:00	4405.67	4407.70	4403.91	4405.57	2858	0	20
2026.09.10	11:30:00	4405.72	4405.94	4394.82	4395.85	3706	0	20
2026.09.10	11:45:00	4395.93	4398.35	4392.42	4394.80	3507	0	20
2026.09.10	12:00:00	4394.82	4396.57	4389.97	4394.80	3200	0	20
2026.09.10	12:15:00	4394.95	4396.80	4391.72	4392.78	2932	0	20
2026.09.10	12:30:00	4392.68	4393.05	4388.37	4393.02	3536	0	20
2026.09.10	12:45:00	4393.01	4395.80	4392.49	4394.07	2945	0	20
2026.09.10	13:00:00	4394.04	4399.99	4389.91	4395.20	4158	0	20
2026.09.10	13:15:00	4395.08	4400.19	4393.67	4394.06	3326	0	20
2026.09.10	13:30:00	4394.08	4394.61	4377.84	4383.76	4564	0	20
2026.09.10	13:45:00	4383.69	4387.53	4375.27	4378.90	4764	0	20
2026.09.10	14:00:00	4378.87	4384.44	4375.15	4383.39	5384	0	20
2026.09.10	14:15:00	4383.41	4388.69	4379.90	4385.87	4381	0	20
2026.09.10	14:30:00	4385.74	4390.73	4384.43	4384.55	4107	0	20
2026.09.10	14:45:00	4384.65	4385.29	4374.42	4374.53	4607	0	20
2026.09.10	15:00:00	4374.68	4377.78	4369.91	4375.15	5470	0	20
2026.09.10	15:15:00	4375.36	4377.08	4361.84	4363.00	6267	0	20
2026.09.10	15:30:00	4362.99	4372.21	4324.05	4340.81	8421	0	20
2026.09.10	15:45:00	4340.67	4355.01	4336.50	4340.03	7733	0	20
2026.09.10	16:00:00	4340.12	4355.41	4339.25	4343.81	7906	0	20
2026.09.10	16:15:00	4343.80	4357.83	4341.46	4357.83	6863	0	20
2026.09.10	16:30:00	4357.82	4373.39	4352.26	4364.43	8033	0	20
2026.09.10	16:45:00	4364.56	4375.88	4362.43	4365.86	7311	0	20
2026.09.10	17:00:00	4366.00	4375.23	4359.14	4359.32	7472	0	20
2026.09.10	17:15:00	4359.26	4376.25	4353.98	4363.33	7292	0	20
2026.09.10	17:30:00	4363.27	4370.30	4356.18	4356.22	6510	0	20
2026.09.10	17:45:00	4356.23	4361.66	4353.94	4358.07	6435	0	20
2026.09.10	18:00:00	4358.12	4361.45	4352.58	4359.63	5969	0	20
2026.09.10	18:15:00	4359.60	4367.71	4358.65	4365.40	5995	0	20
2026.09.10	18:30:00	4365.43	4372.16	4362.31	4365.85	5242	0	20
2026.09.10	18:45:00	4365.87	4370.10	4360.99	4365.79	4800	0	20
2026.09.10	19:00:00	4365.83	4370.04	4354.07	4359.00	5578	0	20
2026.09.10	19:15:00	4358.72	4363.69	4355.29	4363.00	4576	0	20
2026.09.10	19:30:00	4362.98	4365.56	4355.69	4356.51	5328	0	20
2026.09.10	19:45:00	4356.56	4364.25	4356.31	4364.01	3836	0	20
2026.09.10	20:00:00	4364.08	4367.67	4359.61	4362.52	4229	0	20
2026.09.10	20:15:00	4362.54	4366.83	4361.26	4365.79	4221	0	20
2026.09.10	20:30:00	4365.80	4366.29	4355.27	4359.38	4198	0	20
2026.09.10	20:45:00	4359.41	4360.24	4351.13	4352.56	3877	0	20
2026.09.10	21:00:00	4352.58	4356.01	4340.29	4340.85	5585	0	20
2026.09.10	21:15:00	4340.87	4346.33	4337.47	4339.04	4847	0	20
2026.09.10	21:30:00	4339.02	4339.02	4331.81	4333.77	4729	0	20
2026.09.10	21:45:00	4333.76	4338.59	4329.89	4332.84	5268	0	20
2026.09.10	22:00:00	4332.74	4332.74	4313.71	4322.33	5948	0	20
2026.09.10	22:15:00	4322.33	4330.84	4319.33	4327.30	4437	0	20
2026.09.10	22:30:00	4327.30	4329.47	4323.59	4324.26	4249	0	20
2026.09.10	22:45:00	4324.25	4325.94	4319.99	4324.37	4378	0	20
2026.09.10	23:00:00	4324.35	4324.35	4319.93	4322.89	2350	0	20
2026.09.10	23:15:00	4322.91	4322.98	4316.30	4318.46	1922	0	20
2026.09.10	23:30:00	4318.43	4318.66	4315.72	4318.00	1895	0	20
2026.09.10	23:45:00	4317.97	4318.84	4314.53	4316.55	1717	0	20
2026.09.11	01:00:00	4319.05	4324.53	4316.32	4321.22	1865	0	20
2026.09.11	01:15:00	4321.25	4321.92	4318.81	4319.62	1668	0	24
2026.09.11	01:30:00	4319.74	4320.31	4313.58	4315.98	2378	0	20
2026.09.11	01:45:00	4315.99	4319.20	4315.17	4318.43	1930	0	20
2026.09.11	02:00:00	4318.40	4319.92	4316.56	4319.57	2017	0	23
2026.09.11	02:15:00	4319.64	4320.48	4317.64	4318.11	1357	0	21
2026.09.11	02:30:00	4318.18	4320.43	4314.61	4316.07	2005	0	21
2026.09.11	02:45:00	4316.09	4317.93	4311.18	4315.17	3377	0	20
2026.09.11	03:00:00	4315.20	4323.72	4312.68	4319.08	5632	0	20
2026.09.11	03:15:00	4319.07	4323.97	4316.94	4323.89	4016	0	21
2026.09.11	03:30:00	4323.88	4327.60	4319.80	4327.58	4535	0	20
2026.09.11	03:45:00	4327.56	4333.84	4326.82	4332.03	5304	0	20
2026.09.11	04:00:00	4332.07	4340.33	4327.97	4333.10	6964	0	20
2026.09.11	04:15:00	4333.03	4337.33	4320.83	4328.07	5795	0	20
2026.09.11	04:30:00	4328.09	4334.97	4322.55	4326.78	5503	0	20
2026.09.11	04:45:00	4326.79	4330.11	4324.06	4329.16	4725	0	20
2026.09.11	05:00:00	4329.18	4333.55	4327.89	4330.72	4215	0	20
2026.09.11	05:15:00	4330.67	4334.55	4323.49	4325.15	3552	0	20
2026.09.11	05:30:00	4325.13	4326.48	4316.81	4318.85	5417	0	20
2026.09.11	05:45:00	4318.84	4326.79	4315.96	4322.70	5421	0	20
2026.09.11	06:00:00	4322.67	4326.49	4314.55	4319.56	5253	0	20
2026.09.11	06:15:00	4319.55	4321.55	4304.07	4309.22	4993	0	20
2026.09.11	06:30:00	4309.21	4312.55	4306.49	4308.23	4212	0	20
2026.09.11	06:45:00	4308.23	4308.32	4300.78	4303.96	4273	0	20
2026.09.11	07:00:00	4303.89	4325.00	4301.93	4321.50	4676	0	20
2026.09.11	07:15:00	4321.54	4329.17	4319.39	4328.49	3780	0	20
2026.09.11	07:30:00	4328.58	4332.86	4325.45	4330.42	3794	0	21
2026.09.11	07:45:00	4330.62	4335.20	4329.07	4331.69	3048	0	20
2026.09.11	08:00:00	4331.89	4338.17	4328.24	4338.12	4240	0	20
2026.09.11	08:15:00	4338.01	4339.33	4333.51	4334.71	3265	0	20
2026.09.11	08:30:00	4334.72	4342.86	4333.74	4342.72	6140	0	20
2026.09.11	08:45:00	4342.72	4351.94	4339.54	4346.05	5136	0	20
2026.09.11	09:00:00	4346.05	4361.10	4345.82	4359.01	5354	0	20
2026.09.11	09:15:00	4358.99	4360.52	4351.27	4351.60	4656	0	20
2026.09.11	09:30:00	4351.57	4353.94	4347.05	4350.65	4409	0	20
2026.09.11	09:45:00	4350.66	4355.36	4349.50	4353.24	4442	0	21
2026.09.11	10:00:00	4353.23	4356.22	4349.90	4351.46	4510	0	20
2026.09.11	10:15:00	4351.75	4352.31	4346.03	4346.20	3264	0	21
2026.09.11	10:30:00	4346.26	4347.72	4343.07	4345.03	2933	0	20
2026.09.11	10:45:00	4345.04	4345.13	4340.48	4344.87	2889	0	20
2026.09.11	11:00:00	4344.95	4349.40	4342.18	4347.35	3983	0	20
2026.09.11	11:15:00	4347.36	4357.42	4343.55	4351.41	4535	0	20
2026.09.11	11:30:00	4351.55	4356.68	4351.15	4352.57	4067	0	20
2026.09.11	11:45:00	4352.67	4355.54	4345.52	4346.97	3283	0	20
2026.09.11	12:00:00	4347.20	4353.96	4342.39	4342.39	3159	0	21
2026.09.11	12:15:00	4342.35	4346.13	4341.49	4343.66	2482	0	20
2026.09.11	12:30:00	4343.69	4345.01	4340.73	4343.40	3030	0	20
2026.09.11	12:45:00	4343.36	4347.67	4342.41	4346.26	2598	0	20
2026.09.11	13:00:00	4346.42	4349.80	4341.47	4346.08	3252	0	20
2026.09.11	13:15:00	4346.27	4349.91	4345.73	4349.28	2864	0	20
2026.09.11	13:30:00	4349.29	4349.66	4343.65	4345.01	2976	0	20
2026.09.11	13:45:00	4345.02	4345.30	4336.58	4337.43	2876	0	20
2026.09.11	14:00:00	4337.46	4342.51	4334.56	4338.03	3664	0	20
2026.09.11	14:15:00	4338.04	4341.58	4335.93	4336.37	3469	0	20
2026.09.11	14:30:00	4336.36	4337.25	4330.06	4334.68	3257	0	20
2026.09.11	14:45:00	4334.65	4336.08	4330.72	4333.27	3786	0	20
2026.09.11	15:00:00	4333.39	4334.75	4324.67	4327.91	4816	0	20
2026.09.11	15:15:00	4327.83	4343.19	4327.37	4340.86	5737	0	20
2026.09.11	15:30:00	4340.89	4362.81	4292.13	4353.84	8558	0	20
2026.09.11	15:45:00	4353.90	4390.08	4352.43	4388.57	7905	0	20
2026.09.11	16:00:00	4387.98	4394.34	4380.58	4389.38	7862	0	20
2026.09.11	16:15:00	4389.44	4398.61	4380.52	4390.12	7129	0	20
2026.09.11	16:30:00	4390.21	4400.42	4381.62	4394.66	8066	0	20
2026.09.11	16:45:00	4395.05	4402.57	4387.17	4401.58	6865	0	20
2026.09.11	17:00:00	4401.56	4402.53	4381.48	4383.03	7467	0	20
2026.09.11	17:15:00	4383.01	4385.42	4374.32	4375.01	6718	0	20
2026.09.11	17:30:00	4375.05	4375.65	4364.74	4371.43	6428	0	20
2026.09.11	17:45:00	4371.41	4384.34	4370.43	4370.75	6540	0	20
2026.09.11	18:00:00	4370.78	4372.88	4359.17	4362.46	5686	0	20
2026.09.11	18:15:00	4362.40	4372.38	4361.41	4370.49	5638	0	20
2026.09.11	18:30:00	4370.45	4377.17	4369.05	4372.77	5256	0	20
2026.09.11	18:45:00	4372.77	4373.79	4365.18	4367.06	4775	0	20
2026.09.11	19:00:00	4367.13	4372.70	4360.94	4361.29	4336	0	20
2026.09.11	19:15:00	4361.28	4363.95	4351.92	4354.85	4930	0	20
2026.09.11	19:30:00	4354.87	4365.89	4353.36	4363.45	4873	0	20
2026.09.11	19:45:00	4363.54	4364.98	4360.19	4361.67	3455	0	20
2026.09.11	20:00:00	4361.68	4369.06	4360.76	4365.69	3855	0	20
2026.09.11	20:15:00	4365.67	4369.75	4363.44	4366.83	4165	0	20
2026.09.11	20:30:00	4366.86	4370.44	4359.93	4362.03	3385	0	20
2026.09.11	20:45:00	4362.00	4363.80	4357.82	4358.18	3680	0	20
2026.09.11	21:00:00	4358.17	4360.08	4346.00	4346.81	3465	0	20
2026.09.11	21:15:00	4346.82	4352.95	4343.97	4350.50	4886	0	20
2026.09.11	21:30:00	4350.48	4351.43	4345.77	4347.03	3558	0	20
2026.09.11	21:45:00	4347.04	4347.36	4344.24	4346.91	3097	0	20
2026.09.11	22:00:00	4347.30	4351.92	4344.33	4351.91	3281	0	20
2026.09.11	22:15:00	4351.90	4353.71	4347.34	4347.41	2817	0	20
2026.09.11	22:30:00	4347.52	4348.37	4345.18	4346.21	2940	0	20
2026.09.11	22:45:00	4346.13	4349.46	4342.75	4348.57	3630	0	20
2026.09.11	23:00:00	4348.63	4351.35	4348.00	4348.31	1669	0	20
2026.09.11	23:15:00	4348.28	4350.33	4346.16	4348.76	1218	0	20
2026.09.11	23:30:00	4348.78	4348.97	4345.72	4346.27	1312	0	26
2026.09.11	23:45:00	4346.42	4349.30	4345.33	4349.12	1125	0	20
2026.09.14	01:00:00	4325.16	4340.01	4321.99	4330.06	3617	0	33
2026.09.14	01:15:00	4330.06	4335.96	4327.86	4335.66	2078	0	20
2026.09.14	01:30:00	4335.66	4337.97	4333.72	4337.17	1833	0	20
2026.09.14	01:45:00	4337.16	4339.79	4335.20	4337.81	1985	0	20
2026.09.14	02:00:00	4337.84	4342.37	4337.82	4339.47	1741	0	20
2026.09.14	02:15:00	4339.45	4340.58	4335.69	4339.23	1920	0	21
2026.09.14	02:30:00	4339.20	4342.07	4337.87	4337.91	2677	0	20
2026.09.14	02:45:00	4337.83	4338.39	4331.83	4332.76	4662	0	20
2026.09.14	03:00:00	4332.48	4347.49	4329.78	4342.71	5177	0	20
2026.09.14	03:15:00	4342.64	4345.07	4333.05	4337.86	5347	0	20
2026.09.14	03:30:00	4337.87	4340.69	4332.05	4338.15	4740	0	20
2026.09.14	03:45:00	4338.16	4343.40	4337.21	4338.47	4265	0	20
2026.09.14	04:00:00	4338.42	4344.68	4329.49	4331.52	7311	0	20
2026.09.14	04:15:00	4331.45	4337.92	4326.19	4335.53	6148	0	20
2026.09.14	04:30:00	4335.70	4346.67	4328.26	4342.41	5579	0	20
2026.09.14	04:45:00	4342.40	4355.23	4342.40	4353.33	5864	0	20
2026.09.14	05:00:00	4353.29	4354.95	4348.41	4349.26	4789	0	20
2026.09.14	05:15:00	4349.13	4354.01	4348.13	4352.16	3424	0	20
2026.09.14	05:30:00	4352.22	4355.39	4343.16	4345.57	5012	0	20
2026.09.14	05:45:00	4345.50	4348.09	4330.14	4330.80	4475	0	20
2026.09.14	06:00:00	4330.68	4336.01	4327.39	4333.36	4725	0	20
2026.09.14	06:15:00	4333.37	4336.48	4331.82	4334.76	3362	0	20
2026.09.14	06:30:00	4334.78	4335.18	4327.01	4329.13	3397	0	20
2026.09.14	06:45:00	4329.10	4333.46	4328.54	4330.35	2912	0	20
2026.09.14	07:00:00	4330.21	4331.66	4329.07	4329.09	3273	0	23
2026.09.14	07:15:00	4329.13	4331.67	4328.76	4331.48	2243	0	20
2026.09.14	07:30:00	4331.49	4331.65	4323.31	4323.39	3046	0	20
2026.09.14	07:45:00	4323.37	4331.60	4322.13	4329.56	2901	0	20
2026.09.14	08:00:00	4329.51	4332.59	4326.56	4330.79	2954	0	20
2026.09.14	08:15:00	4331.04	4332.14	4326.37	4326.60	2549	0	20
2026.09.14	08:30:00	4326.62	4337.12	4325.38	4330.87	5573	0	20
2026.09.14	08:45:00	4331.23	4337.44	4323.35	4337.37	4636	0	20
2026.09.14	09:00:00	4337.27	4338.74	4326.99	4329.89	4487	0	20
2026.09.14	09:15:00	4329.96	4332.55	4326.87	4330.08	3826	0	20
2026.09.14	09:30:00	4329.91	4332.37	4325.12	4327.24	3742	0	20
2026.09.14	09:45:00	4327.29	4329.73	4320.58	4322.08	4056	0	20
2026.09.14	10:00:00	4322.09	4324.12	4317.52	4323.86	4977	0	20
2026.09.14	10:15:00	4323.90	4324.16	4316.22	4316.79	4213	0	20
2026.09.14	10:30:00	4316.77	4319.40	4315.53	4319.10	3802	0	20
2026.09.14	10:45:00	4319.28	4322.05	4307.87	4310.79	3982	0	20
2026.09.14	11:00:00	4310.82	4318.21	4310.72	4313.16	4333	0	20
2026.09.14	11:15:00	4313.19	4314.40	4310.13	4310.60	3623	0	20
2026.09.14	11:30:00	4310.63	4315.95	4309.65	4311.89	3950	0	20
2026.09.14	11:45:00	4311.78	4313.28	4303.19	4306.64	3761	0	20
2026.09.14	12:00:00	4306.60	4311.67	4304.82	4305.74	4401	0	20
2026.09.14	12:15:00	4305.74	4305.95	4280.47	4287.84	5734	0	20
2026.09.14	12:30:00	4287.79	4289.62	4279.27	4281.36	5181	0	20
2026.09.14	12:45:00	4281.33	4288.26	4278.73	4285.46	4472	0	20
2026.09.14	13:00:00	4285.41	4289.41	4278.25	4288.38	3982	0	20
2026.09.14	13:15:00	4288.35	4292.58	4285.83	4291.17	3272	0	20
2026.09.14	13:30:00	4291.15	4294.92	4289.20	4293.85	2715	0	20
2026.09.14	13:45:00	4293.86	4296.55	4289.98	4294.66	2859	0	20
2026.09.14	14:00:00	4294.60	4296.81	4291.14	4292.26	3858	0	20
2026.09.14	14:15:00	4292.21	4296.85	4291.10	4296.10	2826	0	20
2026.09.14	14:30:00	4296.05	4296.79	4292.07	4292.27	2862	0	20
2026.09.14	14:45:00	4292.25	4293.78	4284.19	4286.98	3073	0	20
2026.09.14	15:00:00	4287.08	4296.80	4285.06	4294.64	3847	0	20
2026.09.14	15:15:00	4294.81	4297.67	4283.56	4285.85	5144	0	20
2026.09.14	15:30:00	4285.96	4289.59	4273.30	4283.69	6584	0	20
2026.09.14	15:45:00	4283.60	4283.60	4265.83	4270.87	5432	0	20
2026.09.14	16:00:00	4271.05	4272.70	4253.53	4266.35	7190	0	20
2026.09.14	16:15:00	4266.07	4277.64	4263.82	4273.22	5429	0	20
2026.09.14	16:30:00	4273.84	4278.53	4266.83	4274.90	7131	0	20
2026.09.14	16:45:00	4274.90	4281.37	4269.70	4272.40	7072	0	20
2026.09.14	17:00:00	4272.42	4282.01	4264.98	4281.56	6973	0	20
2026.09.14	17:15:00	4281.75	4282.96	4263.99	4270.10	6017	0	20
2026.09.14	17:30:00	4270.21	4277.09	4266.62	4276.77	5512	0	20
2026.09.14	17:45:00	4276.80	4279.48	4273.99	4279.46	5510	0	20
2026.09.14	18:00:00	4279.45	4286.66	4272.62	4277.03	6614	0	20
2026.09.14	18:15:00	4276.97	4284.70	4272.62	4283.58	4831	0	20
2026.09.14	18:30:00	4283.53	4298.33	4282.73	4294.19	6715	0	20
2026.09.14	18:45:00	4294.39	4294.99	4286.32	4288.15	4695	0	20
2026.09.14	19:00:00	4288.17	4297.65	4286.27	4294.29	4878	0	20
2026.09.14	19:15:00	4294.36	4305.25	4294.36	4300.01	4859	0	20
2026.09.14	19:30:00	4300.07	4307.85	4299.43	4306.07	4490	0	20
2026.09.14	19:45:00	4306.08	4317.70	4304.76	4315.74	6044	0	20
2026.09.14	20:00:00	4315.82	4316.43	4311.11	4311.11	4230	0	20
2026.09.14	20:15:00	4311.05	4314.07	4309.18	4311.74	4335	0	20
2026.09.14	20:30:00	4311.99	4313.60	4307.74	4309.90	3181	0	20
2026.09.14	20:45:00	4309.66	4313.83	4308.56	4311.01	3115	0	20
2026.09.14	21:00:00	4311.03	4315.95	4308.22	4312.59	3632	0	20
2026.09.14	21:15:00	4312.57	4312.64	4306.29	4309.67	3150	0	20
2026.09.14	21:30:00	4309.62	4313.19	4308.51	4309.30	2893	0	20
2026.09.14	21:45:00	4309.24	4309.72	4304.74	4307.29	2884	0	20
2026.09.14	22:00:00	4307.32	4307.83	4302.74	4305.92	2762	0	20
2026.09.14	22:15:00	4305.89	4305.89	4295.85	4296.33	3129	0	20
2026.09.14	22:30:00	4296.32	4297.31	4290.45	4291.80	3440	0	20
2026.09.14	22:45:00	4291.81	4291.83	4282.87	4283.57	4182	0	20
2026.09.14	23:00:00	4283.73	4288.43	4282.34	4287.75	2255	0	20
2026.09.14	23:15:00	4287.91	4298.31	4287.89	4296.60	1857	0	20
2026.09.14	23:30:00	4296.62	4299.57	4294.60	4294.86	1390	0	20
2026.09.14	23:45:00	4294.91	4299.37	4294.85	4298.61	1318	0	21
2026.09.15	01:00:00	4301.01	4302.68	4296.59	4296.98	1723	0	24
2026.09.15	01:15:00	4296.99	4298.21	4292.83	4295.71	1637	0	20
2026.09.15	01:30:00	4295.67	4298.57	4293.62	4295.54	1681	0	20
2026.09.15	01:45:00	4295.52	4298.24	4293.06	4295.34	1640	0	20
2026.09.15	02:00:00	4295.32	4297.38	4291.26	4292.26	2093	0	20
2026.09.15	02:15:00	4292.25	4292.39	4287.17	4289.92	1998	0	20
2026.09.15	02:30:00	4289.97	4291.72	4287.90	4289.49	1604	0	20
2026.09.15	02:45:00	4289.50	4289.59	4287.27	4288.19	2120	0	20
2026.09.15	03:00:00	4288.15	4289.10	4283.65	4286.83	3533	0	20
2026.09.15	03:15:00	4286.86	4289.68	4283.60	4288.00	2680	0	20
2026.09.15	03:30:00	4288.01	4293.08	4283.17	4292.59	2770	0	20
2026.09.15	03:45:00	4292.60	4296.66	4291.81	4292.99	2604	0	20
2026.09.15	04:00:00	4293.00	4299.85	4287.82	4299.65	5329	0	20
2026.09.15	04:15:00	4299.57	4305.80	4298.95	4301.72	3803	0	20
2026.09.15	04:30:00	4301.77	4306.40	4295.15	4298.64	4625	0	20
2026.09.15	04:45:00	4298.65	4304.95	4294.15	4304.40	3789	0	20
2026.09.15	05:00:00	4304.47	4311.81	4304.47	4307.30	3816	0	20
2026.09.15	05:15:00	4307.31	4310.17	4305.43	4310.17	2362	0	20
2026.09.15	05:30:00	4310.12	4317.19	4307.26	4311.42	3908	0	20
2026.09.15	05:45:00	4311.38	4317.28	4311.13	4314.07	3174	0	20
2026.09.15	06:00:00	4314.09	4314.42	4309.86	4310.79	3144	0	20
2026.09.15	06:15:00	4310.78	4314.34	4309.77	4310.82	2666	0	20
2026.09.15	06:30:00	4310.74	4313.55	4308.04	4308.56	2374	0	20
2026.09.15	06:45:00	4308.57	4310.09	4303.21	4303.51	2336	0	20
2026.09.15	07:00:00	4303.47	4309.59	4302.47	4307.30	2077	0	20
2026.09.15	07:15:00	4307.31	4308.60	4302.64	4303.51	2147	0	20
2026.09.15	07:30:00	4303.57	4306.13	4300.66	4304.93	2235	0	20
2026.09.15	07:45:00	4304.89	4307.86	4304.10	4304.77	2459	0	20
2026.09.15	08:00:00	4304.77	4307.51	4300.39	4301.49	2348	0	20
2026.09.15	08:15:00	4301.54	4301.82	4296.39	4297.18	3041	0	20
2026.09.15	08:30:00	4297.19	4300.18	4289.13	4296.22	4744	0	20
2026.09.15	08:45:00	4296.27	4299.88	4290.71	4290.96	3789	0	20
2026.09.15	09:00:00	4290.93	4294.38	4285.98	4289.77	4692	0	20
2026.09.15	09:15:00	4289.80	4292.38	4287.22	4289.43	3823	0	20
2026.09.15	09:30:00	4289.48	4291.25	4286.00	4290.74	3433	0	20
2026.09.15	09:45:00	4290.72	4295.33	4290.50	4293.37	3474	0	20
2026.09.15	10:00:00	4293.42	4295.38	4286.53	4288.06	4126	0	20
2026.09.15	10:15:00	4288.05	4292.28	4287.56	4291.99	3701	0	20
2026.09.15	10:30:00	4292.15	4292.98	4280.91	4283.84	4062	0	20
2026.09.15	10:45:00	4283.81	4290.17	4276.11	4280.51	4519	0	20
2026.09.15	11:00:00	4280.45	4280.64	4263.57	4267.66	5311	0	20
2026.09.15	11:15:00	4267.67	4275.09	4266.72	4273.10	4306	0	20
2026.09.15	11:30:00	4273.29	4274.77	4267.03	4267.46	3921	0	20
2026.09.15	11:45:00	4267.54	4269.53	4261.22	4262.29	3293	0	20
2026.09.15	12:00:00	4262.26	4267.03	4261.41	4265.57	3735	0	20
2026.09.15	12:15:00	4265.61	4269.53	4261.58	4266.93	4211	0	20
2026.09.15	12:30:00	4266.92	4272.18	4264.89	4269.56	3431	0	20
2026.09.15	12:45:00	4269.68	4272.05	4267.84	4268.31	3125	0	20
2026.09.15	13:00:00	4268.37	4277.65	4268.34	4273.11	3460	0	20
2026.09.15	13:15:00	4273.08	4274.67	4269.96	4274.37	2827	0	20
2026.09.15	13:30:00	4274.43	4277.38	4273.60	4274.91	2767	0	20
2026.09.15	13:45:00	4274.92	4283.90	4274.64	4281.53	2933	0	20
2026.09.15	14:00:00	4281.43	4283.83	4278.69	4283.63	3193	0	20
2026.09.15	14:15:00	4283.67	4285.56	4282.41	4283.33	2924	0	20
2026.09.15	14:30:00	4283.31	4284.99	4280.20	4282.78	3140	0	20
2026.09.15	14:45:00	4282.82	4286.75	4282.37	4284.65	2769	0	20
2026.09.15	15:00:00	4284.47	4285.01	4275.89	4278.50	3844	0	20
2026.09.15	15:15:00	4278.44	4279.25	4271.30	4277.70	3897	0	20
2026.09.15	15:30:00	4277.72	4286.07	4274.69	4281.24	4574	0	20
2026.09.15	15:45:00	4281.29	4295.81	4281.02	4290.30	6150	0	20
2026.09.15	16:00:00	4290.23	4294.43	4283.82	4286.74	5544	0	20
2026.09.15	16:15:00	4286.71	4293.09	4283.56	4287.30	5102	0	20
2026.09.15	16:30:00	4287.33	4294.08	4284.06	4289.62	6478	0	20
2026.09.15	16:45:00	4289.65	4298.42	4288.25	4294.81	5975	0	20
2026.09.15	17:00:00	4294.82	4300.42	4293.42	4294.59	5976	0	20
2026.09.15	17:15:00	4294.57	4295.62	4282.79	4284.04	5645	0	20
2026.09.15	17:30:00	4284.08	4286.03	4275.53	4278.19	6239	0	20
2026.09.15	17:45:00	4278.13	4282.94	4273.97	4277.04	5803	0	20
2026.09.15	18:00:00	4276.96	4286.17	4276.60	4285.38	5298	0	20
2026.09.15	18:15:00	4285.34	4287.61	4282.33	4283.78	4525	0	20
2026.09.15	18:30:00	4284.04	4290.41	4281.53	4287.71	4355	0	20
2026.09.15	18:45:00	4287.69	4294.78	4284.96	4289.33	4455	0	20
2026.09.15	19:00:00	4289.45	4291.69	4286.23	4286.27	3789	0	20
2026.09.15	19:15:00	4286.28	4297.07	4285.45	4295.53	4396	0	20
2026.09.15	19:30:00	4295.65	4297.74	4291.50	4296.54	3466	0	20
2026.09.15	19:45:00	4296.56	4298.26	4295.05	4295.53	2782	0	20
2026.09.15	20:00:00	4295.61	4299.13	4290.26	4295.06	3868	0	20
2026.09.15	20:15:00	4295.01	4296.42	4291.36	4293.18	3573	0	20
2026.09.15	20:30:00	4293.16	4299.08	4292.25	4293.21	3141	0	20
2026.09.15	20:45:00	4293.24	4296.19	4293.13	4294.83	2427	0	20
2026.09.15	21:00:00	4294.89	4304.19	4292.90	4302.34	3328	0	20
2026.09.15	21:15:00	4302.42	4306.68	4302.03	4304.87	3587	0	20
2026.09.15	21:30:00	4304.76	4308.30	4301.68	4304.75	3023	0	20
2026.09.15	21:45:00	4304.78	4310.34	4304.30	4308.62	3051	0	20
2026.09.15	22:00:00	4308.74	4310.63	4300.16	4300.16	3102	0	20
2026.09.15	22:15:00	4300.15	4302.17	4298.12	4301.07	2664	0	20
2026.09.15	22:30:00	4301.07	4302.41	4296.73	4296.76	2386	0	20
2026.09.15	22:45:00	4296.66	4299.76	4294.18	4297.69	2910	0	20
2026.09.15	23:00:00	4297.72	4299.05	4295.64	4296.30	1654	0	20
2026.09.15	23:15:00	4296.28	4296.87	4293.91	4294.43	1195	0	21
2026.09.15	23:30:00	4294.40	4296.14	4291.82	4293.02	1229	0	20
2026.09.15	23:45:00	4293.03	4294.38	4292.00	4294.08	1263	0	20
2026.09.16	01:00:00	4294.50	4296.12	4292.90	4292.99	1149	0	20
2026.09.16	01:15:00	4293.05	4299.05	4291.68	4298.75	2098	0	20
2026.09.16	01:30:00	4298.79	4298.99	4294.37	4294.61	1600	0	20
2026.09.16	01:45:00	4294.58	4295.31	4288.75	4288.92	1727	0	20
2026.09.16	02:00:00	4288.95	4289.52	4284.84	4286.10	2004	0	20
2026.09.16	02:15:00	4286.09	4287.25	4282.03	4284.42	1607	0	20
2026.09.16	02:30:00	4284.34	4287.75	4282.58	4284.61	2022	0	20
2026.09.16	02:45:00	4284.65	4286.23	4281.05	4283.51	2064	0	20
2026.09.16	03:00:00	4283.53	4284.68	4280.52	4282.52	3018	0	20
2026.09.16	03:15:00	4282.56	4286.14	4281.71	4284.04	2566	0	20
2026.09.16	03:30:00	4284.03	4285.60	4279.68	4283.63	2543	0	20
2026.09.16	03:45:00	4283.54	4285.10	4275.39	4277.45	3302	0	20
2026.09.16	04:00:00	4277.39	4287.79	4276.78	4287.26	5325	0	20
2026.09.16	04:15:00	4287.23	4293.61	4284.54	4290.56	4427	0	20
2026.09.16	04:30:00	4290.51	4291.42	4285.75	4288.53	4077	0	20
2026.09.16	04:45:00	4288.50	4289.07	4279.99	4282.45	3769	0	20
2026.09.16	05:00:00	4282.41	4294.97	4281.86	4292.30	4324	0	20
2026.09.16	05:15:00	4292.27	4300.68	4289.93	4299.00	3485	0	20
2026.09.16	05:30:00	4298.99	4316.04	4298.63	4310.99	6155	0	20
2026.09.16	05:45:00	4310.96	4323.41	4310.83	4321.71	4927	0	20
2026.09.16	06:00:00	4321.63	4338.81	4321.45	4337.14	5668	0	20
2026.09.16	06:15:00	4337.09	4341.11	4331.87	4331.92	4818	0	20
2026.09.16	06:30:00	4331.95	4332.55	4325.91	4327.05	3757	0	20
2026.09.16	06:45:00	4327.07	4327.88	4322.75	4327.03	2803	0	20
2026.09.16	07:00:00	4327.06	4328.42	4325.46	4326.81	2488	0	20
2026.09.16	07:15:00	4326.83	4328.45	4323.27	4325.63	2129	0	20
2026.09.16	07:30:00	4325.61	4328.28	4322.78	4322.88	1949	0	20
2026.09.16	07:45:00	4322.90	4323.44	4320.57	4321.88	1911	0	20
2026.09.16	08:00:00	4321.87	4324.42	4320.71	4321.54	2607	0	20
2026.09.16	08:15:00	4321.54	4326.85	4321.49	4324.86	2459	0	20
2026.09.16	08:30:00	4324.85	4332.91	4324.41	4332.76	4113	0	20
2026.09.16	08:45:00	4332.75	4333.67	4326.50	4326.52	2808	0	20
2026.09.16	09:00:00	4326.70	4332.14	4321.47	4325.77	4412	0	20
2026.09.16	09:15:00	4325.72	4330.20	4324.86	4326.87	3388	0	20
2026.09.16	09:30:00	4326.79	4328.23	4323.70	4328.07	3293	0	20
2026.09.16	09:45:00	4328.03	4333.10	4325.27	4332.95	3847	0	20
2026.09.16	10:00:00	4332.85	4335.91	4330.01	4335.41	4586	0	21
2026.09.16	10:15:00	4335.58	4337.62	4332.08	4335.59	3493	0	20
2026.09.16	10:30:00	4335.56	4339.14	4333.60	4336.25	3393	0	20
2026.09.16	10:45:00	4336.71	4338.12	4328.55	4329.28	3315	0	20
2026.09.16	11:00:00	4329.42	4329.65	4322.94	4327.51	4198	0	20
2026.09.16	11:15:00	4327.48	4337.72	4326.67	4334.09	4766	0	20
2026.09.16	11:30:00	4334.21	4334.35	4323.73	4328.36	3746	0	20
2026.09.16	11:45:00	4328.40	4331.33	4324.84	4330.24	3574	0	20
2026.09.16	12:00:00	4330.31	4332.54	4329.72	4332.12	3434	0	20
2026.09.16	12:15:00	4332.11	4333.98	4327.47	4329.67	3907	0	20
2026.09.16	12:30:00	4329.63	4337.40	4329.60	4335.05	3962	0	20
2026.09.16	12:45:00	4335.10	4339.24	4331.24	4338.16	3105	0	20
2026.09.16	13:00:00	4338.17	4349.00	4337.56	4342.79	4290	0	20
2026.09.16	13:15:00	4342.76	4348.71	4340.86	4347.99	3367	0	20
2026.09.16	13:30:00	4348.03	4349.41	4345.76	4349.06	2946	0	20
2026.09.16	13:45:00	4349.06	4351.06	4345.48	4351.06	2912	0	20
2026.09.16	14:00:00	4351.20	4353.31	4346.95	4347.12	4442	0	20
2026.09.16	14:15:00	4347.12	4353.51	4346.55	4350.76	3188	0	20
2026.09.16	14:30:00	4350.78	4353.20	4347.21	4349.87	3034	0	20
2026.09.16	14:45:00	4349.87	4350.64	4341.63	4341.71	2485	0	20
2026.09.16	15:00:00	4341.61	4348.16	4340.53	4343.35	3270	0	20
2026.09.16	15:15:00	4343.39	4345.69	4337.80	4339.33	3140	0	20
2026.09.16	15:30:00	4339.66	4345.19	4335.49	4343.78	3965	0	20
2026.09.16	15:45:00	4343.76	4349.00	4342.47	4347.58	3178	0	20
2026.09.16	16:00:00	4347.41	4357.21	4343.87	4356.37	4353	0	20
2026.09.16	16:15:00	4356.55	4360.30	4349.33	4351.91	4110	0	20
2026.09.16	16:30:00	4352.00	4354.31	4340.43	4340.48	6459	0	20
2026.09.16	16:45:00	4340.50	4345.71	4335.05	4338.60	5368	0	20
2026.09.16	17:00:00	4338.62	4340.08	4324.09	4340.03	6396	0	20
2026.09.16	17:15:00	4340.02	4341.09	4330.71	4337.98	5026	0	20
2026.09.16	17:30:00	4337.99	4345.91	4334.37	4345.54	3982	0	20
2026.09.16	17:45:00	4345.56	4355.93	4344.95	4354.92	4456	0	20
2026.09.16	18:00:00	4355.01	4358.01	4350.05	4353.34	4764	0	20
2026.09.16	18:15:00	4353.35	4355.24	4344.22	4344.32	3760	0	20
2026.09.16	18:30:00	4344.37	4352.69	4343.00	4350.78	3491	0	20
2026.09.16	18:45:00	4350.79	4361.29	4349.85	4352.82	4042	0	20
2026.09.16	19:00:00	4352.88	4353.01	4346.71	4350.10	2589	0	20
2026.09.16	19:15:00	4350.84	4352.11	4344.27	4346.00	2627	0	20
2026.09.16	19:30:00	4345.97	4348.43	4345.09	4347.38	2545	0	20
2026.09.16	19:45:00	4347.37	4348.53	4343.76	4346.63	2622	0	20
2026.09.16	20:00:00	4346.66	4346.79	4341.76	4343.53	2724	0	20
2026.09.16	20:15:00	4343.44	4347.43	4342.48	4346.86	2469	0	20
2026.09.16	20:30:00	4346.89	4349.97	4343.34	4344.00	2258	0	20
2026.09.16	20:45:00	4344.17	4365.50	4342.50	4358.35	3413	0	20
2026.09.16	21:00:00	4358.31	4367.72	4307.80	4310.42	8723	0	20
2026.09.16	21:15:00	4310.39	4324.14	4306.24	4322.58	8077	0	20
2026.09.16	21:30:00	4322.25	4323.71	4261.97	4301.10	8666	0	20
2026.09.16	21:45:00	4301.06	4307.51	4257.27	4261.08	8611	0	20
2026.09.16	22:00:00	4261.31	4287.35	4235.27	4252.88	8777	0	20
2026.09.16	22:15:00	4253.10	4257.72	4239.49	4253.45	8084	0	20
2026.09.16	22:30:00	4253.48	4270.91	4253.15	4265.44	8110	0	20
2026.09.16	22:45:00	4265.02	4276.51	4264.79	4272.07	6581	0	20
2026.09.16	23:00:00	4272.13	4273.79	4263.38	4264.73	3526	0	20
2026.09.16	23:15:00	4264.75	4268.21	4257.12	4260.28	2913	0	20
2026.09.16	23:30:00	4260.00	4265.38	4258.22	4262.52	2587	0	20
2026.09.16	23:45:00	4262.54	4266.58	4260.94	4264.12	2005	0	20
2026.09.17	01:00:00	4264.47	4265.01	4258.11	4259.19	2176	0	20
2026.09.17	01:15:00	4259.18	4263.56	4257.46	4262.05	1636	0	20
2026.09.17	01:30:00	4262.10	4276.10	4261.99	4273.05	2105	0	20
2026.09.17	01:45:00	4273.70	4273.97	4265.53	4266.52	1222	0	20
2026.09.17	02:00:00	4266.53	4267.92	4258.63	4262.72	2239	0	20
2026.09.17	02:15:00	4262.73	4273.27	4262.10	4271.77	1599	0	20
2026.09.17	02:30:00	4271.79	4274.45	4268.70	4273.65	2278	0	20
2026.09.17	02:45:00	4273.67	4275.67	4271.43	4271.79	2412	0	20
2026.09.17	03:00:00	4271.78	4286.68	4266.35	4284.91	3105	0	20
2026.09.17	03:15:00	4285.02	4289.49	4281.57	4284.49	3616	0	20
2026.09.17	03:30:00	4284.50	4292.31	4281.98	4288.71	2940	0	20
2026.09.17	03:45:00	4288.70	4289.28	4277.10	4280.22	3778	0	20
2026.09.17	04:00:00	4280.25	4310.22	4280.23	4298.78	5184	0	20
2026.09.17	04:15:00	4298.78	4312.69	4298.41	4309.83	3452	0	20
2026.09.17	04:30:00	4309.96	4318.15	4308.47	4309.29	3760	0	20
2026.09.17	04:45:00	4309.27	4311.85	4298.15	4300.29	3306	0	20
2026.09.17	05:00:00	4300.40	4301.07	4280.94	4287.27	4313	0	20
2026.09.17	05:15:00	4287.29	4293.10	4287.00	4291.72	2732	0	20
2026.09.17	05:30:00	4291.71	4292.73	4281.50	4288.55	3639	0	20
2026.09.17	05:45:00	4288.18	4289.58	4273.90	4277.21	4090	0	20
2026.09.17	06:00:00	4277.21	4286.72	4277.10	4285.09	3447	0	20
2026.09.17	06:15:00	4285.08	4287.10	4283.21	4286.05	2614	0	20
2026.09.17	06:30:00	4285.93	4296.30	4285.79	4295.89	3148	0	20
2026.09.17	06:45:00	4295.88	4297.43	4293.70	4296.01	2347	0	20
2026.09.17	07:00:00	4296.02	4296.66	4292.98	4293.72	1842	0	20
2026.09.17	07:15:00	4293.70	4295.76	4291.08	4291.28	1854	0	20
2026.09.17	07:30:00	4291.22	4296.57	4290.44	4295.16	2109	0	20
2026.09.17	07:45:00	4295.15	4299.00	4295.15	4297.37	1818	0	20
2026.09.17	08:00:00	4297.36	4299.04	4294.10	4294.14	1848	0	20
2026.09.17	08:15:00	4294.08	4294.14	4285.42	4286.38	2023	0	20
2026.09.17	08:30:00	4286.57	4298.14	4286.30	4297.09	3217	0	20
2026.09.17	08:45:00	4297.53	4305.55	4295.87	4304.41	2899	0	20
2026.09.17	09:00:00	4304.39	4312.48	4304.19	4312.03	3483	0	20
2026.09.17	09:15:00	4312.04	4313.09	4304.76	4312.20	2902	0	20
2026.09.17	09:30:00	4312.18	4315.24	4305.74	4309.57	3416	0	20
2026.09.17	09:45:00	4309.35	4311.92	4306.59	4310.86	2893	0	20
2026.09.17	10:00:00	4310.70	4323.57	4309.24	4322.98	2824	0	20
2026.09.17	10:15:00	4322.99	4329.80	4319.25	4329.29	2804	0	20
2026.09.17	10:30:00	4329.32	4335.07	4329.16	4331.28	2550	0	20
2026.09.17	10:45:00	4331.45	4335.29	4323.74	4327.13	2547	0	20
2026.09.17	11:00:00	4327.16	4328.14	4317.85	4320.23	2732	0	20
2026.09.17	11:15:00	4320.14	4321.89	4314.37	4315.89	2772	0	20
2026.09.17	11:30:00	4315.88	4319.50	4312.01	4313.88	2312	0	20
2026.09.17	11:45:00	4313.87	4313.87	4310.06	4311.53	2218	0	20
2026.09.17	12:00:00	4311.56	4319.24	4311.56	4315.79	2279	0	20
2026.09.17	12:15:00	4315.78	4316.41	4305.77	4306.51	2663	0	20
2026.09.17	12:30:00	4306.38	4311.12	4305.02	4309.10	2383	0	20
2026.09.17	12:45:00	4309.08	4311.23	4305.47	4306.24	2331	0	20
2026.09.17	13:00:00	4306.25	4313.78	4304.98	4310.10	2340	0	20
2026.09.17	13:15:00	4310.11	4315.45	4306.56	4313.33	1905	0	20
2026.09.17	13:30:00	4313.37	4318.41	4311.98	4316.36	2020	0	20
2026.09.17	13:45:00	4316.39	4325.01	4316.14	4324.16	1858	0	20
2026.09.17	14:00:00	4324.20	4340.03	4323.74	4331.96	3629	0	20
2026.09.17	14:15:00	4331.98	4334.64	4326.34	4328.38	3285	0	20
2026.09.17	14:30:00	4328.38	4328.86	4323.31	4324.81	2703	0	20
2026.09.17	14:45:00	4324.70	4352.97	4324.37	4349.78	3778	0	20
2026.09.17	15:00:00	4349.69	4355.29	4343.68	4354.57	5921	0	20
2026.09.17	15:15:00	4354.56	4380.99	4353.33	4380.40	5389	0	20
2026.09.17	15:30:00	4380.45	4380.45	4360.32	4360.54	4847	0	20
2026.09.17	15:45:00	4360.57	4374.81	4358.97	4373.27	4367	0	20
2026.09.17	16:00:00	4373.28	4374.17	4360.12	4366.30	5241	0	20
2026.09.17	16:15:00	4366.19	4375.10	4364.94	4366.91	4305	0	20
2026.09.17	16:30:00	4366.98	4374.05	4356.17	4358.32	6380	0	20
2026.09.17	16:45:00	4358.18	4371.66	4355.37	4366.85	5306	0	20
2026.09.17	17:00:00	4367.18	4379.93	4364.50	4371.72	5886	0	20
2026.09.17	17:15:00	4371.74	4372.83	4365.56	4366.74	4953	0	20
2026.09.17	17:30:00	4366.77	4367.92	4359.36	4361.00	4848	0	20
2026.09.17	17:45:00	4361.08	4364.62	4352.19	4354.07	5309	0	20
2026.09.17	18:00:00	4354.08	4362.18	4351.30	4361.86	4709	0	20
2026.09.17	18:15:00	4361.85	4364.48	4356.35	4358.13	4539	0	20
2026.09.17	18:30:00	4358.44	4367.12	4355.52	4365.60	4364	0	20
2026.09.17	18:45:00	4365.63	4369.98	4363.37	4369.90	4118	0	20
2026.09.17	19:00:00	4369.84	4372.39	4367.09	4368.03	4151	0	20
2026.09.17	19:15:00	4368.04	4368.81	4363.59	4367.50	3121	0	20
2026.09.17	19:30:00	4367.41	4367.59	4357.46	4359.90	3604	0	20
2026.09.17	19:45:00	4359.87	4362.30	4356.01	4362.30	3584	0	20
2026.09.17	20:00:00	4362.29	4365.81	4358.37	4361.89	2886	0	20
2026.09.17	20:15:00	4362.00	4363.12	4357.85	4360.46	3055	0	20
2026.09.17	20:30:00	4360.53	4363.84	4357.81	4360.54	2472	0	20
2026.09.17	20:45:00	4360.53	4361.67	4358.63	4361.25	2047	0	20
2026.09.17	21:00:00	4361.21	4365.36	4360.12	4364.67	2582	0	20
2026.09.17	21:15:00	4364.58	4365.57	4355.95	4356.23	3082	0	20
2026.09.17	21:30:00	4356.34	4356.42	4348.36	4352.11	2889	0	20
2026.09.17	21:45:00	4352.18	4352.77	4349.32	4351.61	2334	0	20
2026.09.17	22:00:00	4351.69	4355.97	4351.41	4354.65	2378	0	20
2026.09.17	22:15:00	4354.63	4354.67	4343.28	4343.34	2519	0	20
2026.09.17	22:30:00	4343.31	4346.79	4342.69	4345.19	2892	0	20
2026.09.17	22:45:00	4345.17	4349.34	4344.10	4345.95	3626	0	20
2026.09.17	23:00:00	4346.21	4346.82	4342.48	4343.10	1656	0	20
2026.09.17	23:15:00	4343.09	4345.34	4342.11	4342.17	1379	0	20
2026.09.17	23:30:00	4342.22	4343.70	4340.60	4340.91	1752	0	20
2026.09.17	23:45:00	4340.92	4342.47	4340.51	4341.73	1066	0	20
2026.09.18	01:00:00	4342.48	4345.04	4341.83	4344.36	1309	0	20
2026.09.18	01:15:00	4344.39	4344.98	4341.72	4344.89	1426	0	20
2026.09.18	01:30:00	4344.87	4349.59	4344.26	4344.42	1752	0	20
2026.09.18	01:45:00	4344.33	4346.04	4341.52	4344.42	1695	0	20
2026.09.18	02:00:00	4344.27	4346.39	4339.81	4344.97	1187	0	20
2026.09.18	02:15:00	4344.95	4347.70	4341.54	4344.33	1333	0	20
2026.09.18	02:30:00	4344.31	4345.15	4343.19	4344.39	926	0	20
2026.09.18	02:45:00	4344.16	4348.11	4343.48	4346.37	1358	0	20
2026.09.18	03:00:00	4346.27	4354.90	4342.06	4354.42	2244	0	20
2026.09.18	03:15:00	4354.21	4357.42	4350.76	4353.41	2134	0	20
2026.09.18	03:30:00	4353.08	4360.14	4353.05	4358.80	1647	0	20
2026.09.18	03:45:00	4358.81	4359.28	4352.41	4356.26	1936	0	20
2026.09.18	04:00:00	4356.33	4365.56	4356.31	4358.14	3343	0	20
2026.09.18	04:15:00	4357.79	4364.66	4354.82	4359.81	2600	0	20
2026.09.18	04:30:00	4359.95	4360.10	4347.35	4347.44	3023	0	20
2026.09.18	04:45:00	4347.46	4350.40	4343.94	4348.41	2646	0	20
2026.09.18	05:00:00	4348.21	4351.65	4345.94	4350.25	2517	0	20
2026.09.18	05:15:00	4350.29	4353.70	4348.22	4352.97	1559	0	20
2026.09.18	05:30:00	4352.95	4356.59	4350.33	4351.72	2797	0	20
2026.09.18	05:45:00	4351.68	4355.75	4343.29	4346.84	3723	0	20
2026.09.18	06:00:00	4346.82	4351.91	4344.35	4344.81	3422	0	20
2026.09.18	06:15:00	4344.80	4344.94	4334.44	4341.00	3451	0	20
2026.09.18	06:30:00	4340.95	4358.91	4340.66	4357.43	2766	0	20
2026.09.18	06:45:00	4357.42	4360.77	4356.84	4359.33	2824	0	20
2026.09.18	07:00:00	4359.21	4361.43	4356.75	4356.92	1730	0	20
2026.09.18	07:15:00	4357.12	4358.09	4352.81	4358.09	1469	0	20
2026.09.18	07:30:00	4358.01	4365.46	4357.03	4364.45	2086	0	20
2026.09.18	07:45:00	4364.44	4367.01	4361.11	4366.70	1856	0	20
2026.09.18	08:00:00	4366.80	4369.23	4363.93	4365.47	1697	0	20
2026.09.18	08:15:00	4365.74	4369.48	4363.88	4364.56	1567	0	20
2026.09.18	08:30:00	4364.57	4378.28	4360.34	4377.12	4127	0	20
2026.09.18	08:45:00	4377.14	4378.04	4370.44	4377.24	3490	0	20
2026.09.18	09:00:00	4377.34	4390.39	4377.22	4388.94	3895	0	20
2026.09.18	09:15:00	4388.92	4393.80	4381.74	4392.30	3197	0	20
2026.09.18	09:30:00	4392.25	4396.88	4390.62	4396.04	3340	0	20
2026.09.18	09:45:00	4395.97	4397.20	4389.57	4393.52	2749	0	20
2026.09.18	10:00:00	4393.53	4395.63	4389.01	4390.67	2718	0	20
2026.09.18	10:15:00	4390.80	4395.79	4389.63	4395.56	2240	0	20
2026.09.18	10:30:00	4395.51	4397.20	4391.24	4393.59	2352	0	20
2026.09.18	10:45:00	4393.64	4399.55	4392.57	4393.30	2605	0	20
2026.09.18	11:00:00	4393.55	4398.43	4390.25	4390.25	2513	0	20
2026.09.18	11:15:00	4390.33	4394.16	4387.67	4387.79	2765	0	20
2026.09.18	11:30:00	4387.90	4389.45	4385.13	4386.66	2312	0	20
2026.09.18	11:45:00	4386.74	4394.23	4386.15	4392.19	2053	0	20
2026.09.18	12:00:00	4392.30	4398.06	4391.61	4394.44	1986	0	20
2026.09.18	12:15:00	4394.50	4395.19	4385.73	4387.74	2240	0	20
2026.09.18	12:30:00	4387.76	4388.71	4376.59	4376.59	2583	0	20
2026.09.18	12:45:00	4376.60	4378.43	4373.20	4376.61	2642	0	20
2026.09.18	13:00:00	4376.60	4380.15	4375.75	4379.21	2239	0	20
2026.09.18	13:15:00	4379.17	4381.40	4377.62	4381.40	1998	0	20
2026.09.18	13:30:00	4381.41	4382.00	4378.30	4381.40	2251	0	20
2026.09.18	13:45:00	4381.41	4382.06	4376.17	4381.84	2301	0	20
2026.09.18	14:00:00	4381.83	4388.39	4377.72	4388.18	3882	0	20
2026.09.18	14:15:00	4388.15	4388.46	4377.68	4377.68	2754	0	20
2026.09.18	14:30:00	4377.81	4382.61	4374.60	4375.81	2702	0	20
2026.09.18	14:45:00	4375.74	4381.85	4372.48	4381.47	2979	0	20
2026.09.18	15:00:00	4381.55	4382.82	4370.60	4373.41	4476	0	20
2026.09.18	15:15:00	4373.52	4376.77	4353.70	4358.22	5208	0	20
2026.09.18	15:30:00	4358.27	4372.95	4358.17	4369.08	4839	0	20
2026.09.18	15:45:00	4369.29	4370.59	4366.28	4368.82	4105	0	20
2026.09.18	16:00:00	4368.83	4375.47	4363.88	4371.58	6085	0	20
2026.09.18	16:15:00	4371.64	4374.60	4363.05	4367.18	5000	0	20
2026.09.18	16:30:00	4367.29	4367.71	4352.26	4353.45	6182	0	20
2026.09.18	16:45:00	4353.36	4358.23	4347.24	4349.25	5454	0	20
2026.09.18	17:00:00	4349.21	4356.58	4347.64	4351.49	6079	0	20
2026.09.18	17:15:00	4351.52	4355.11	4342.93	4343.00	5351	0	20
2026.09.18	17:30:00	4342.85	4354.97	4342.74	4353.63	4577	0	20
2026.09.18	17:45:00	4353.58	4361.73	4351.61	4352.92	5804	0	20
2026.09.18	18:00:00	4352.94	4356.43	4348.06	4352.13	5319	0	20
2026.09.18	18:15:00	4352.09	4357.08	4351.68	4356.24	4329	0	20
2026.09.18	18:30:00	4356.18	4357.40	4348.74	4354.87	4553	0	20
2026.09.18	18:45:00	4354.81	4358.04	4352.26	4356.64	3970	0	20
2026.09.18	19:00:00	4356.73	4364.80	4354.84	4361.74	3804	0	20
2026.09.18	19:15:00	4361.83	4378.51	4359.96	4377.65	4974	0	20
2026.09.18	19:30:00	4377.69	4383.64	4374.43	4378.04	5270	0	20
2026.09.18	19:45:00	4378.07	4383.69	4376.88	4382.71	3755	0	20
2026.09.18	20:00:00	4382.86	4387.22	4381.61	4385.48	3996	0	20
2026.09.18	20:15:00	4385.45	4389.11	4382.72	4386.84	3824	0	20
2026.09.18	20:30:00	4386.81	4396.52	4385.30	4393.04	3741	0	20
2026.09.18	20:45:00	4392.94	4396.89	4392.00	4393.06	3008	0	20
2026.09.18	21:00:00	4392.95	4394.25	4389.12	4392.07	3237	0	20
2026.09.18	21:15:00	4392.05	4392.65	4389.10	4390.49	2663	0	20
2026.09.18	21:30:00	4390.68	4390.70	4380.77	4380.77	2271	0	20
2026.09.18	21:45:00	4380.78	4383.87	4379.56	4382.11	2883	0	20
2026.09.18	22:00:00	4382.12	4386.01	4379.46	4384.32	2725	0	20
2026.09.18	22:15:00	4384.37	4384.92	4378.96	4380.50	2633	0	20
2026.09.18	22:30:00	4380.55	4382.27	4379.50	4381.43	3155	0	20
2026.09.18	22:45:00	4381.46	4383.20	4374.84	4376.36	4343	0	20
2026.09.18	23:00:00	4376.50	4383.31	4375.47	4381.51	2755	0	20
2026.09.18	23:15:00	4381.51	4383.23	4379.09	4381.01	1301	0	20
2026.09.18	23:30:00	4381.02	4382.82	4379.14	4380.72	1228	0	23
2026.09.18	23:45:00	4380.71	4380.72	4376.21	4377.89	1405	0	24
2026.09.21	01:00:00	4374.52	4381.93	4372.41	4379.62	2123	0	20
2026.09.21	01:15:00	4378.93	4379.43	4374.53	4375.81	1500	0	20
2026.09.21	01:30:00	4375.83	4377.80	4374.41	4374.41	1650	0	20
2026.09.21	01:45:00	4374.51	4376.82	4373.59	4373.75	1573	0	20
2026.09.21	02:00:00	4373.71	4374.65	4370.89	4373.06	1394	0	20
2026.09.21	02:15:00	4373.12	4374.72	4371.63	4374.23	1063	0	25
2026.09.21	02:30:00	4374.21	4376.17	4370.85	4371.00	1338	0	20
2026.09.21	02:45:00	4370.98	4373.22	4368.84	4372.79	1708	0	20
2026.09.21	03:00:00	4372.67	4372.94	4363.66	4364.33	2420	0	20
2026.09.21	03:15:00	4364.32	4369.60	4358.76	4367.85	2445	0	20
2026.09.21	03:30:00	4367.83	4375.94	4365.91	4369.07	2129	0	20
2026.09.21	03:45:00	4369.10	4370.86	4362.31	4366.62	2049	0	20
2026.09.21	04:00:00	4366.40	4380.52	4366.40	4380.52	3666	0	20
2026.09.21	04:15:00	4380.56	4383.32	4374.53	4375.11	3313	0	20
2026.09.21	04:30:00	4375.13	4380.69	4373.91	4379.40	3103	0	20
2026.09.21	04:45:00	4379.44	4382.94	4375.47	4377.38	2656	0	20
2026.09.21	05:00:00	4377.40	4377.75	4368.36	4368.91	3056	0	20
2026.09.21	05:15:00	4368.90	4369.96	4361.14	4369.63	2571	0	20
2026.09.21	05:30:00	4370.35	4372.46	4364.11	4366.46	3116	0	20
2026.09.21	05:45:00	4366.55	4370.21	4362.94	4363.95	2538	0	20
2026.09.21	06:00:00	4363.96	4366.93	4359.18	4363.23	2803	0	20
2026.09.21	06:15:00	4363.22	4365.47	4359.18	4360.23	2070	0	20
2026.09.21	06:30:00	4360.18	4368.13	4359.64	4367.37	1791	0	20
2026.09.21	06:45:00	4367.58	4368.20	4357.85	4359.14	1747	0	20
2026.09.21	07:00:00	4359.19	4361.17	4356.02	4360.02	1636	0	20
2026.09.21	07:15:00	4360.03	4365.31	4359.30	4361.35	1535	0	20
2026.09.21	07:30:00	4361.38	4363.32	4357.97	4361.71	1402	0	20
2026.09.21	07:45:00	4361.74	4362.26	4355.13	4355.94	1658	0	20
2026.09.21	08:00:00	4355.93	4357.31	4352.75	4355.93	1778	0	20
2026.09.21	08:15:00	4355.95	4361.12	4353.99	4357.51	1826	0	20
2026.09.21	08:30:00	4356.62	4361.97	4352.00	4354.62	2832	0	20
2026.09.21	08:45:00	4354.72	4355.90	4349.02	4350.91	2653	0	20
2026.09.21	09:00:00	4350.78	4355.79	4349.22	4353.02	2581	0	20
2026.09.21	09:15:00	4353.13	4354.61	4346.26	4347.14	2475	0	20
2026.09.21	09:30:00	4347.13	4353.95	4347.12	4351.77	2108	0	20
2026.09.21	09:45:00	4351.78	4354.82	4350.07	4353.21	2468	0	20
2026.09.21	10:00:00	4353.33	4355.98	4345.92	4352.98	3448	0	20
2026.09.21	10:15:00	4352.98	4355.72	4347.29	4350.64	2591	0	20
2026.09.21	10:30:00	4350.63	4354.98	4342.02	4347.19	2851	0	20
2026.09.21	10:45:00	4346.95	4349.80	4344.21	4344.44	2065	0	20
2026.09.21	11:00:00	4344.30	4353.31	4343.45	4350.48	2689	0	20
2026.09.21	11:15:00	4350.55	4355.26	4349.99	4353.01	2173	0	20
2026.09.21	11:30:00	4352.90	4357.64	4350.87	4357.38	2141	0	20
2026.09.21	11:45:00	4357.28	4357.32	4349.83	4353.02	1962	0	20
2026.09.21	12:00:00	4353.01	4353.91	4349.30	4353.83	1898	0	20
2026.09.21	12:15:00	4353.70	4354.87	4346.55	4346.56	1846	0	20
2026.09.21	12:30:00	4346.14	4347.80	4340.06	4347.48	2430	0	20
2026.09.21	12:45:00	4347.54	4348.43	4343.36	4345.60	1805	0	20
2026.09.21	13:00:00	4345.49	4353.35	4345.15	4353.35	1739	0	20
2026.09.21	13:15:00	4353.88	4356.67	4349.96	4350.76	1963	0	20
2026.09.21	13:30:00	4350.76	4351.92	4347.77	4348.34	2129	0	20
2026.09.21	13:45:00	4348.30	4350.69	4342.47	4342.69	1389	0	20
2026.09.21	14:00:00	4342.68	4348.38	4341.87	4348.26	1863	0	20
2026.09.21	14:15:00	4348.37	4355.34	4348.37	4353.70	1782	0	20
2026.09.21	14:30:00	4353.70	4367.22	4352.16	4366.49	2455	0	20
2026.09.21	14:45:00	4366.55	4371.00	4364.74	4369.03	2625	0	20
2026.09.21	15:00:00	4368.85	4374.80	4362.89	4369.12	3008	0	20
2026.09.21	15:15:00	4369.21	4370.93	4351.44	4355.49	3361	0	20
2026.09.21	15:30:00	4355.49	4363.21	4351.21	4363.19	3262	0	20
2026.09.21	15:45:00	4363.03	4363.61	4353.70	4359.66	2957	0	20
2026.09.21	16:00:00	4359.44	4364.29	4355.87	4363.03	3248	0	20
2026.09.21	16:15:00	4363.02	4369.41	4360.70	4364.08	3866	0	20
2026.09.21	16:30:00	4364.25	4364.64	4349.16	4352.99	6322	0	20
2026.09.21	16:45:00	4353.00	4356.10	4345.93	4346.04	5632	0	20
2026.09.21	17:00:00	4346.14	4347.20	4322.70	4340.02	6935	0	20
2026.09.21	17:15:00	4339.99	4342.84	4334.21	4341.37	5493	0	20
2026.09.21	17:30:00	4341.23	4343.57	4331.91	4332.03	5556	0	20
2026.09.21	17:45:00	4332.02	4342.57	4332.02	4338.81	4956	0	20
2026.09.21	18:00:00	4339.09	4350.38	4338.90	4349.27	4625	0	20
2026.09.21	18:15:00	4349.26	4353.78	4348.31	4350.73	3966	0	20
2026.09.21	18:30:00	4350.92	4355.90	4348.12	4349.81	3779	0	20
2026.09.21	18:45:00	4349.82	4354.22	4346.36	4348.03	3636	0	20
2026.09.21	19:00:00	4348.17	4355.74	4344.79	4351.54	4223	0	20
2026.09.21	19:15:00	4351.83	4357.00	4348.89	4350.70	3655	0	20
2026.09.21	19:30:00	4350.62	4352.60	4343.53	4343.83	2856	0	20
2026.09.21	19:45:00	4343.85	4346.76	4342.79	4343.22	2957	0	20
2026.09.21	20:00:00	4343.21	4346.94	4341.77	4346.04	2668	0	20
2026.09.21	20:15:00	4345.86	4346.43	4341.34	4345.63	3135	0	20
2026.09.21	20:30:00	4345.62	4346.37	4337.40	4340.60	3278	0	20
2026.09.21	20:45:00	4340.59	4346.12	4339.26	4344.55	2674	0	20
2026.09.21	21:00:00	4344.56	4350.81	4343.92	4349.90	2588	0	20
2026.09.21	21:15:00	4349.92	4352.37	4348.50	4350.12	2254	0	20
2026.09.21	21:30:00	4350.13	4351.41	4346.12	4347.03	2154	0	20
2026.09.21	21:45:00	4347.01	4348.86	4346.00	4346.06	1916	0	20
2026.09.21	22:00:00	4346.02	4346.71	4342.16	4345.63	2132	0	20
2026.09.21	22:15:00	4345.56	4350.58	4344.84	4348.99	1829	0	20
2026.09.21	22:30:00	4348.92	4353.84	4347.42	4348.00	2310	0	20
2026.09.21	22:45:00	4347.97	4348.24	4344.66	4344.95	2815	0	20
2026.09.21	23:00:00	4345.04	4345.17	4341.47	4341.50	1573	0	20
2026.09.21	23:15:00	4341.51	4341.76	4339.86	4340.59	879	0	20
2026.09.21	23:30:00	4340.58	4343.05	4339.22	4342.19	1008	0	20
2026.09.21	23:45:00	4342.18	4344.33	4340.87	4344.08	1098	0	20
2026.09.22	01:00:00	4345.07	4350.79	4344.86	4349.79	1542	0	20
2026.09.22	01:15:00	4349.81	4352.95	4349.37	4352.73	1482	0	20
2026.09.22	01:30:00	4352.64	4353.07	4351.26	4352.88	1226	0	20
2026.09.22	01:45:00	4352.80	4364.99	4352.66	4361.04	1965	0	20
2026.09.22	02:00:00	4361.09	4366.13	4359.81	4360.04	1558	0	20
2026.09.22	02:15:00	4360.11	4364.60	4358.51	4360.24	1668	0	20
2026.09.22	02:30:00	4360.22	4370.62	4357.97	4368.36	2153	0	20
2026.09.22	02:45:00	4368.59	4370.60	4363.79	4368.44	1780	0	20
2026.09.22	03:00:00	4368.45	4375.98	4366.79	4369.76	2943	0	20
2026.09.22	03:15:00	4369.76	4369.77	4357.70	4358.22	2921	0	20
2026.09.22	03:30:00	4358.19	4359.20	4348.56	4355.40	3024	0	20
2026.09.22	03:45:00	4355.60	4360.41	4353.17	4360.39	2779	0	20
2026.09.22	04:00:00	4360.40	4365.09	4353.34	4353.60	5241	0	20
2026.09.22	04:15:00	4353.60	4358.68	4349.75	4355.72	3802	0	20
2026.09.22	04:30:00	4355.69	4356.92	4349.20	4349.32	3854	0	20
2026.09.22	04:45:00	4349.10	4351.30	4343.58	4348.48	3782	0	20
2026.09.22	05:00:00	4348.46	4352.97	4341.69	4342.46	3119	0	20
2026.09.22	05:15:00	4342.57	4352.13	4339.88	4351.42	2478	0	20
2026.09.22	05:30:00	4351.43	4355.73	4346.70	4346.95	3455	0	20
2026.09.22	05:45:00	4346.94	4347.11	4340.31	4344.58	2506	0	20
2026.09.22	06:00:00	4344.49	4345.84	4339.43	4345.38	2817	0	20
2026.09.22	06:15:00	4345.34	4346.40	4341.21	4345.98	2468	0	20
2026.09.22	06:30:00	4345.96	4349.28	4341.05	4342.87	1961	0	20
2026.09.22	06:45:00	4342.89	4344.25	4340.60	4341.75	1695	0	20
2026.09.22	07:00:00	4341.70	4342.02	4335.08	4338.53	2613	0	20
2026.09.22	07:15:00	4338.56	4339.45	4335.79	4337.50	1834	0	20
2026.09.22	07:30:00	4337.48	4341.01	4336.23	4340.09	1284	0	20
2026.09.22	07:45:00	4340.07	4342.94	4338.70	4342.75	1365	0	20
2026.09.22	08:00:00	4342.66	4347.37	4340.43	4346.31	1873	0	20
2026.09.22	08:15:00	4346.19	4346.78	4322.76	4331.94	2833	0	20
2026.09.22	08:30:00	4331.58	4333.12	4316.35	4320.60	5081	0	20
2026.09.22	08:45:00	4320.60	4333.16	4319.78	4323.68	3240	0	20
2026.09.22	09:00:00	4323.72	4324.46	4315.19	4319.70	4273	0	20
2026.09.22	09:15:00	4319.69	4320.89	4315.73	4318.05	3034	0	20
2026.09.22	09:30:00	4318.02	4320.85	4315.41	4320.24	3071	0	20
2026.09.22	09:45:00	4320.22	4321.76	4315.27	4318.39	2960	0	20
2026.09.22	10:00:00	4318.05	4323.09	4315.03	4320.42	3362	0	20
2026.09.22	10:15:00	4320.39	4324.23	4315.17	4315.34	2997	0	20
2026.09.22	10:30:00	4315.33	4315.68	4308.80	4310.90	3214	0	20
2026.09.22	10:45:00	4310.89	4315.81	4299.63	4301.07	3549	0	20
2026.09.22	11:00:00	4300.93	4312.03	4299.25	4303.65	3767	0	20
2026.09.22	11:15:00	4303.77	4307.58	4298.12	4300.99	3593	0	20
2026.09.22	11:30:00	4301.10	4321.65	4291.51	4320.07	5380	0	20
2026.09.22	11:45:00	4320.27	4335.30	4315.69	4329.79	5734	0	20
2026.09.22	12:00:00	4329.77	4330.88	4316.77	4318.47	4200	0	20
2026.09.22	12:15:00	4318.37	4323.73	4314.22	4314.46	3473	0	20
2026.09.22	12:30:00	4314.44	4320.49	4311.83	4320.26	3536	0	20
2026.09.22	12:45:00	4320.24	4337.62	4318.84	4336.44	4925	0	20
2026.09.22	13:00:00	4336.58	4337.86	4328.91	4330.71	4159	0	20
2026.09.22	13:15:00	4330.84	4332.16	4328.28	4329.41	3053	0	20
2026.09.22	13:30:00	4329.42	4333.92	4327.84	4330.87	2948	0	20
2026.09.22	13:45:00	4331.02	4331.34	4321.77	4321.81	2950	0	20
2026.09.22	14:00:00	4321.79	4323.40	4309.00	4315.06	4403	0	20
2026.09.22	14:15:00	4314.95	4318.60	4312.03	4317.72	3831	0	20
2026.09.22	14:30:00	4317.66	4320.07	4313.56	4317.59	3280	0	20
2026.09.22	14:45:00	4317.58	4323.32	4316.66	4322.57	3436	0	20
2026.09.22	15:00:00	4322.75	4326.64	4320.46	4324.08	4012	0	20
2026.09.22	15:15:00	4324.16	4342.38	4322.78	4336.83	4853	0	20
2026.09.22	15:30:00	4336.81	4343.89	4332.04	4332.04	4871	0	20
2026.09.22	15:45:00	4332.03	4337.12	4330.69	4333.69	4490	0	20
2026.09.22	16:00:00	4333.68	4341.91	4330.26	4340.30	6419	0	20
2026.09.22	16:15:00	4340.27	4342.51	4329.63	4330.46	5122	0	20
2026.09.22	16:30:00	4330.50	4342.79	4327.66	4341.13	6400	0	20
2026.09.22	16:45:00	4341.08	4344.03	4329.92	4333.37	6030	0	20
2026.09.22	17:00:00	4333.28	4337.54	4327.44	4333.61	4918	0	20
2026.09.22	17:15:00	4333.73	4334.24	4325.49	4327.97	4748	0	20
2026.09.22	17:30:00	4327.96	4333.64	4315.00	4320.12	5346	0	20
2026.09.22	17:45:00	4320.00	4328.58	4317.71	4327.92	5402	0	20
2026.09.22	18:00:00	4328.14	4340.20	4325.52	4335.95	5288	0	20
2026.09.22	18:15:00	4336.03	4340.33	4331.98	4332.17	4350	0	20
2026.09.22	18:30:00	4332.15	4332.90	4327.34	4327.80	3903	0	20
2026.09.22	18:45:00	4327.74	4332.06	4325.35	4331.11	3277	0	20
2026.09.22	19:00:00	4331.12	4332.35	4322.62	4323.82	3417	0	20
2026.09.22	19:15:00	4323.75	4327.59	4323.40	4326.90	2913	0	20
2026.09.22	19:30:00	4326.90	4332.38	4326.20	4332.06	2714	0	20
2026.09.22	19:45:00	4332.07	4341.93	4331.20	4336.22	4275	0	20
2026.09.22	20:00:00	4336.24	4340.84	4334.68	4337.74	3110	0	20
2026.09.22	20:15:00	4337.76	4340.17	4335.56	4339.33	3125	0	20
2026.09.22	20:30:00	4339.34	4340.16	4334.90	4338.60	2970	0	20
2026.09.22	20:45:00	4338.67	4352.90	4338.30	4350.68	4886	0	20
2026.09.22	21:00:00	4350.69	4360.17	4347.57	4358.20	5875	0	20
2026.09.22	21:15:00	4358.21	4360.54	4354.07	4356.40	4745	0	20
2026.09.22	21:30:00	4356.75	4357.05	4348.85	4350.31	3670	0	20
2026.09.22	21:45:00	4350.36	4354.38	4350.36	4353.52	3172	0	20
2026.09.22	22:00:00	4353.51	4359.08	4353.40	4358.16	3171	0	20
2026.09.22	22:15:00	4358.19	4361.30	4356.36	4359.82	3286	0	20
2026.09.22	22:30:00	4359.80	4371.23	4359.80	4369.24	5211	0	20
2026.09.22	22:45:00	4369.25	4370.46	4363.47	4364.05	3587	0	20
2026.09.22	23:00:00	4363.96	4364.60	4358.49	4359.41	2051	0	20
2026.09.22	23:15:00	4359.39	4360.66	4358.21	4359.55	1603	0	20
2026.09.22	23:30:00	4359.52	4360.01	4357.47	4358.56	1274	0	20
2026.09.22	23:45:00	4358.55	4359.93	4357.57	4358.40	1290	0	20
2026.09.23	01:00:00	4359.58	4364.58	4358.96	4364.25	2007	0	20
2026.09.23	01:15:00	4364.05	4365.17	4362.25	4364.68	1267	0	20
2026.09.23	01:30:00	4364.72	4365.27	4362.77	4362.93	767	0	20
2026.09.23	01:45:00	4363.06	4363.07	4360.58	4362.28	730	0	20
2026.09.23	02:00:00	4362.42	4364.29	4360.71	4361.48	1193	0	20
2026.09.23	02:15:00	4361.49	4365.75	4360.38	4363.93	1046	0	20
2026.09.23	02:30:00	4363.83	4364.66	4360.62	4363.86	1004	0	20
2026.09.23	02:45:00	4363.88	4365.55	4358.43	4363.65	2245	0	20
2026.09.23	03:00:00	4363.62	4369.12	4361.68	4365.62	2871	0	20
2026.09.23	03:15:00	4365.58	4366.04	4358.75	4358.90	2251	0	20
2026.09.23	03:30:00	4358.81	4361.81	4355.04	4359.16	2654	0	20
2026.09.23	03:45:00	4359.19	4360.81	4356.22	4357.50	2076	0	20
2026.09.23	04:00:00	4357.73	4359.13	4346.21	4349.46	4108	0	20
2026.09.23	04:15:00	4349.42	4349.42	4342.51	4343.55	2528	0	20
2026.09.23	04:30:00	4343.54	4346.20	4341.59	4344.79	2970	0	20
2026.09.23	04:45:00	4344.77	4346.61	4338.93	4341.44	2809	0	20
2026.09.23	05:00:00	4341.46	4341.46	4337.14	4337.23	2612	0	20
2026.09.23	05:15:00	4337.20	4339.59	4334.50	4338.26	2334	0	20
2026.09.23	05:30:00	4338.28	4338.72	4333.53	4337.08	2754	0	20
2026.09.23	05:45:00	4337.17	4338.12	4333.51	4334.03	2252	0	20
2026.09.23	06:00:00	4334.12	4339.60	4333.36	4338.83	2269	0	20
2026.09.23	06:15:00	4338.95	4340.27	4335.78	4337.84	2200	0	20
2026.09.23	06:30:00	4337.88	4341.51	4337.10	4341.20	1813	0	20
2026.09.23	06:45:00	4341.38	4345.45	4341.27	4342.53	1772	0	20
2026.09.23	07:00:00	4342.58	4346.79	4342.39	4345.99	1647	0	20
2026.09.23	07:15:00	4345.97	4347.21	4344.50	4345.49	1332	0	20
2026.09.23	07:30:00	4345.46	4346.75	4343.44	4344.39	1298	0	20
2026.09.23	07:45:00	4344.22	4346.70	4343.32	4344.15	1449	0	20
2026.09.23	08:00:00	4344.14	4345.69	4341.91	4342.33	1515	0	20
2026.09.23	08:15:00	4342.32	4343.43	4340.24	4341.01	1338	0	20
2026.09.23	08:30:00	4341.11	4342.21	4328.91	4329.32	2852	0	20
2026.09.23	08:45:00	4329.27	4335.13	4328.01	4334.49	2565	0	20
2026.09.23	09:00:00	4334.32	4336.92	4329.30	4330.63	3273	0	20
2026.09.23	09:15:00	4330.61	4331.12	4325.92	4328.63	2695	0	20
2026.09.23	09:30:00	4328.67	4334.56	4328.47	4334.05	2671	0	20
2026.09.23	09:45:00	4333.97	4337.07	4330.18	4331.36	2741	0	20
2026.09.23	10:00:00	4331.38	4332.83	4324.43	4324.81	3604	0	20
2026.09.23	10:15:00	4324.83	4328.57	4322.25	4323.84	3033	0	20
2026.09.23	10:30:00	4324.60	4324.97	4319.60	4322.52	3071	0	20
2026.09.23	10:45:00	4322.41	4325.39	4319.01	4319.53	2153	0	20
2026.09.23	11:00:00	4319.63	4321.44	4317.10	4319.72	2895	0	20
2026.09.23	11:15:00	4319.78	4322.61	4317.06	4318.93	2578	0	20
2026.09.23	11:30:00	4318.89	4320.32	4315.90	4316.43	2173	0	20
2026.09.23	11:45:00	4316.22	4319.40	4315.32	4317.93	1952	0	20
2026.09.23	12:00:00	4318.02	4320.41	4317.23	4319.93	2069	0	20
2026.09.23	12:15:00	4319.87	4319.98	4315.66	4316.93	2110	0	20
2026.09.23	12:30:00	4316.90	4319.29	4313.34	4316.33	1963	0	20
2026.09.23	12:45:00	4316.22	4316.22	4308.42	4314.01	2483	0	20
2026.09.23	13:00:00	4314.02	4318.76	4313.47	4316.54	2107	0	20
2026.09.23	13:15:00	4316.57	4317.79	4314.45	4317.64	1760	0	20
2026.09.23	13:30:00	4317.67	4318.96	4314.54	4315.74	2018	0	20
2026.09.23	13:45:00	4315.73	4316.17	4312.32	4315.50	2033	0	20
2026.09.23	14:00:00	4315.37	4317.05	4312.73	4315.03	2421	0	20
2026.09.23	14:15:00	4315.02	4315.71	4303.72	4306.22	2911	0	20
2026.09.23	14:30:00	4306.23	4307.00	4294.72	4304.64	3413	0	20
2026.09.23	14:45:00	4304.74	4309.95	4304.40	4309.32	2967	0	20
2026.09.23	15:00:00	4309.30	4318.96	4308.94	4318.66	3431	0	20
2026.09.23	15:15:00	4318.67	4318.67	4309.97	4311.08	3456	0	20
2026.09.23	15:30:00	4311.09	4311.21	4301.94	4303.80	3314	0	20
2026.09.23	15:45:00	4303.79	4310.90	4300.83	4309.71	2872	0	20
2026.09.23	16:00:00	4309.80	4310.42	4298.11	4302.30	4896	0	20
2026.09.23	16:15:00	4302.14	4312.30	4301.54	4312.29	3915	0	20
2026.09.23	16:30:00	4312.20	4313.54	4286.73	4292.82	5593	0	20
2026.09.23	16:45:00	4288.46	4289.81	4280.74	4283.84	5654	0	20
2026.09.23	17:00:00	4283.94	4293.62	4282.22	4283.76	5375	0	20
2026.09.23	17:15:00	4283.64	4287.65	4277.93	4280.76	5075	0	20
2026.09.23	17:30:00	4280.65	4291.91	4280.61	4286.61	5832	0	20
2026.09.23	17:45:00	4286.63	4298.61	4284.01	4294.26	5666	0	20
2026.09.23	18:00:00	4294.25	4297.51	4289.61	4293.85	4489	0	20
2026.09.23	18:15:00	4293.82	4294.99	4282.89	4283.30	4631	0	20
2026.09.23	18:30:00	4283.42	4286.04	4278.82	4284.17	5029	0	20
2026.09.23	18:45:00	4284.13	4285.34	4277.18	4282.13	4027	0	20
2026.09.23	19:00:00	4282.12	4284.35	4278.45	4283.22	3403	0	20
2026.09.23	19:15:00	4283.24	4285.85	4282.06	4285.85	2884	0	20
2026.09.23	19:30:00	4285.87	4289.55	4284.89	4286.14	3039	0	20
2026.09.23	19:45:00	4286.12	4286.97	4278.87	4284.82	5142	0	20
2026.09.23	20:00:00	4285.01	4285.63	4275.72	4278.97	5554	0	20
2026.09.23	20:15:00	4278.94	4284.14	4276.53	4282.28	4495	0	20
2026.09.23	20:30:00	4282.24	4289.53	4274.59	4288.22	5080	0	20
2026.09.23	20:45:00	4288.17	4293.22	4287.11	4292.82	4614	0	20
2026.09.23	21:00:00	4292.93	4294.82	4288.21	4289.41	3207	0	20
2026.09.23	21:15:00	4289.33	4291.52	4283.78	4286.12	3340	0	20
2026.09.23	21:30:00	4286.12	4287.75	4284.14	4284.36	3098	0	20
2026.09.23	21:45:00	4284.44	4290.55	4282.84	4290.28	2846	0	20
2026.09.23	22:00:00	4290.27	4293.24	4284.42	4284.47	3601	0	20
2026.09.23	22:15:00	4284.56	4287.24	4283.39	4286.68	3006	0	20
2026.09.23	22:30:00	4286.66	4287.40	4281.06	4282.35	2918	0	20
2026.09.23	22:45:00	4282.36	4287.05	4281.96	4284.05	3542	0	20
2026.09.23	23:00:00	4284.10	4287.81	4283.32	4284.82	1914	0	20
2026.09.23	23:15:00	4284.83	4285.84	4282.58	4285.34	1452	0	20
2026.09.23	23:30:00	4285.39	4286.01	4282.54	4285.34	1308	0	20
2026.09.23	23:45:00	4285.40	4290.19	4284.68	4287.21	1411	0	20
2026.09.24	01:00:00	4289.82	4294.37	4286.79	4288.05	1371	0	20
2026.09.24	01:15:00	4288.01	4292.51	4286.87	4288.45	1803	0	20
2026.09.24	01:30:00	4288.01	4291.37	4287.51	4289.26	1602	0	20
2026.09.24	01:45:00	4289.15	4291.25	4287.55	4289.50	1216	0	20
2026.09.24	02:00:00	4289.46	4291.48	4288.88	4291.30	898	0	20
2026.09.24	02:15:00	4291.29	4293.14	4287.86	4288.07	1353	0	20
2026.09.24	02:30:00	4288.08	4288.70	4284.94	4285.16	1164	0	20
2026.09.24	02:45:00	4285.23	4291.58	4285.13	4288.48	1730	0	20
2026.09.24	03:00:00	4288.56	4291.87	4287.30	4289.08	2617	0	20
2026.09.24	03:15:00	4289.09	4292.54	4283.93	4292.22	3043	0	20
2026.09.24	03:30:00	4292.17	4294.93	4290.36	4294.66	2439	0	20
2026.09.24	03:45:00	4294.64	4299.21	4291.44	4298.45	2882	0	20
2026.09.24	04:00:00	4298.53	4302.88	4289.75	4302.84	4381	0	20
2026.09.24	04:15:00	4302.93	4303.23	4295.29	4299.25	3512	0	20
2026.09.24	04:30:00	4299.28	4300.77	4289.33	4289.83	3584	0	20
2026.09.24	04:45:00	4289.80	4290.42	4278.03	4279.12	3902	0	20
2026.09.24	05:00:00	4278.88	4282.71	4273.68	4282.68	3849	0	20
2026.09.24	05:15:00	4282.73	4287.37	4282.60	4285.90	2600	0	20
2026.09.24	05:30:00	4286.13	4297.03	4284.26	4295.42	3714	0	20
2026.09.24	05:45:00	4295.36	4295.53	4286.99	4290.70	2994	0	20
2026.09.24	06:00:00	4290.68	4293.72	4285.05	4286.91	2753	0	20
2026.09.24	06:15:00	4286.90	4290.53	4285.25	4285.76	2597	0	20
2026.09.24	06:30:00	4285.84	4286.97	4281.58	4281.72	2270	0	20
2026.09.24	06:45:00	4281.74	4285.39	4280.50	4285.16	2026	0	20
2026.09.24	07:00:00	4285.17	4286.91	4281.67	4284.89	2561	0	20
2026.09.24	07:15:00	4284.93	4288.25	4284.05	4286.20	1601	0	20
2026.09.24	07:30:00	4286.18	4289.12	4285.86	4286.47	1575	0	20
2026.09.24	07:45:00	4286.44	4290.18	4285.96	4289.34	1289	0	20
2026.09.24	08:00:00	4289.36	4296.18	4289.36	4290.31	1937	0	20
2026.09.24	08:15:00	4290.26	4291.37	4286.15	4290.82	2008	0	20
2026.09.24	08:30:00	4290.76	4291.23	4280.69	4281.25	3616	0	20
2026.09.24	08:45:00	4281.13	4285.78	4277.57	4279.38	2793	0	20
2026.09.24	09:00:00	4279.36	4286.66	4279.08	4282.10	3814	0	20
2026.09.24	09:15:00	4282.19	4286.50	4280.42	4282.14	3674	0	20
2026.09.24	09:30:00	4282.09	4283.48	4275.20	4277.85	3500	0	20
2026.09.24	09:45:00	4277.90	4278.18	4274.32	4276.31	2832	0	20
2026.09.24	10:00:00	4276.33	4285.06	4274.13	4284.04	3461	0	20
2026.09.24	10:15:00	4284.03	4287.80	4281.09	4284.85	2969	0	20
2026.09.24	10:30:00	4284.87	4287.64	4280.10	4282.85	3035	0	20
2026.09.24	10:45:00	4282.81	4285.54	4276.03	4278.36	3349	0	20
2026.09.24	11:00:00	4278.27	4285.48	4276.42	4277.25	4137	0	20
2026.09.24	11:15:00	4277.12	4279.25	4262.22	4264.45	4453	0	20
2026.09.24	11:30:00	4264.60	4273.74	4263.56	4267.81	4235	0	20
2026.09.24	11:45:00	4267.78	4270.39	4260.56	4261.27	3327	0	20
2026.09.24	12:00:00	4261.00	4267.25	4258.57	4263.17	3636	0	20
2026.09.24	12:15:00	4263.23	4265.42	4255.18	4255.61	3055	0	20
2026.09.24	12:30:00	4255.60	4260.31	4250.66	4252.01	3084	0	20
2026.09.24	12:45:00	4252.02	4256.27	4251.95	4255.44	2728	0	20
2026.09.24	13:00:00	4255.43	4259.23	4250.19	4252.30	3295	0	20
2026.09.24	13:15:00	4252.31	4255.02	4245.01	4245.81	3756	0	20
2026.09.24	13:30:00	4245.84	4262.41	4244.25	4258.26	3385	0	20
2026.09.24	13:45:00	4258.20	4264.18	4255.99	4258.36	3183	0	20
2026.09.24	14:00:00	4258.24	4260.62	4251.94	4258.89	2934	0	20
2026.09.24	14:15:00	4258.78	4267.93	4256.84	4263.75	3656	0	20
2026.09.24	14:30:00	4263.70	4265.90	4258.08	4260.67	2679	0	20
2026.09.24	14:45:00	4260.66	4266.27	4259.11	4265.78	2673	0	20
2026.09.24	15:00:00	4265.77	4269.89	4260.53	4268.82	3336	0	20
2026.09.24	15:15:00	4268.84	4271.89	4266.82	4271.29	3506	0	20
2026.09.24	15:30:00	4271.40	4274.20	4264.70	4271.75	4083	0	20
2026.09.24	15:45:00	4271.68	4283.08	4271.14	4280.90	4003	0	20
2026.09.24	16:00:00	4281.01	4284.92	4276.95	4278.15	3948	0	20
2026.09.24	16:15:00	4278.08	4279.06	4275.51	4276.42	3494	0	20
2026.09.24	16:30:00	4276.53	4277.91	4267.37	4273.18	5423	0	20
2026.09.24	16:45:00	4273.21	4276.48	4264.83	4267.46	4988	0	20
2026.09.24	17:00:00	4267.07	4273.08	4265.14	4269.56	4985	0	20
2026.09.24	17:15:00	4269.63	4271.42	4260.97	4267.42	4897	0	20
2026.09.24	17:30:00	4267.37	4267.37	4254.21	4256.59	4667	0	20
2026.09.24	17:45:00	4256.57	4261.99	4252.47	4253.05	4780	0	20
2026.09.24	18:00:00	4253.14	4254.07	4244.63	4247.09	4738	0	20
2026.09.24	18:15:00	4247.07	4255.47	4246.50	4250.26	4860	0	20
2026.09.24	18:30:00	4250.29	4255.41	4246.28	4255.22	4338	0	20
2026.09.24	18:45:00	4255.20	4260.47	4253.42	4256.51	3903	0	20
2026.09.24	19:00:00	4256.63	4259.24	4252.64	4259.24	3135	0	20
2026.09.24	19:15:00	4259.27	4288.43	4258.34	4275.77	7915	0	20
2026.09.24	19:30:00	4276.05	4285.37	4270.47	4274.19	6519	0	20
2026.09.24	19:45:00	4274.24	4278.72	4271.11	4273.09	5527	0	20
2026.09.24	20:00:00	4272.96	4277.88	4266.52	4270.94	6294	0	20
2026.09.24	20:15:00	4271.02	4271.20	4259.13	4262.94	5585	0	20
2026.09.24	20:30:00	4262.92	4267.09	4258.22	4258.83	4863	0	20
2026.09.24	20:45:00	4258.82	4265.91	4257.76	4264.76	4353	0	20
2026.09.24	21:00:00	4264.82	4269.87	4256.12	4269.62	5544	0	20
2026.09.24	21:15:00	4269.65	4275.24	4266.93	4274.37	5109	0	20
2026.09.24	21:30:00	4274.29	4281.19	4267.53	4271.37	4782	0	20
2026.09.24	21:45:00	4271.37	4276.86	4270.25	4271.71	4482	0	20
2026.09.24	22:00:00	4271.77	4272.35	4266.87	4267.50	4682	0	20
2026.09.24	22:15:00	4267.46	4275.70	4267.46	4271.99	3210	0	20
2026.09.24	22:30:00	4272.00	4275.51	4271.25	4274.19	3439	0	20
2026.09.24	22:45:00	4274.18	4275.71	4272.38	4273.78	3584	0	20
2026.09.24	23:00:00	4273.74	4274.58	4269.69	4269.80	2448	0	20
2026.09.24	23:15:00	4269.85	4270.56	4264.60	4265.65	2500	0	20
2026.09.24	23:30:00	4265.78	4271.63	4265.37	4270.59	1820	0	20
2026.09.24	23:45:00	4270.69	4275.42	4270.07	4274.08	1842	0	20
2026.09.25	01:00:00	4275.04	4276.02	4270.24	4270.42	1656	0	20
2026.09.25	01:15:00	4270.41	4271.73	4267.97	4271.28	1405	0	23
2026.09.25	01:30:00	4271.29	4273.20	4268.73	4270.86	1720	0	20
2026.09.25	01:45:00	4270.90	4274.55	4270.88	4272.55	1090	0	20
2026.09.25	02:00:00	4272.59	4275.33	4272.00	4273.27	1663	0	20
2026.09.25	02:15:00	4273.14	4274.96	4271.38	4271.77	1290	0	20
2026.09.25	02:30:00	4271.78	4275.81	4270.78	4274.36	1358	0	20
2026.09.25	02:45:00	4274.35	4274.36	4264.79	4265.00	1942	0	20
2026.09.25	03:00:00	4264.93	4270.27	4264.27	4266.26	3892	0	20
2026.09.25	03:15:00	4266.36	4270.50	4264.67	4270.35	3182	0	20
2026.09.25	03:30:00	4270.32	4272.51	4267.06	4271.36	2640	0	20
2026.09.25	03:45:00	4271.26	4280.98	4270.25	4278.47	2914	0	20
2026.09.25	04:00:00	4278.58	4290.52	4276.87	4289.91	3368	0	20
2026.09.25	04:15:00	4289.88	4294.02	4288.72	4293.46	3306	0	20
2026.09.25	04:30:00	4293.38	4295.70	4291.25	4292.57	3106	0	20
2026.09.25	04:45:00	4292.67	4292.68	4286.35	4287.85	3292	0	20
2026.09.25	05:00:00	4287.84	4295.11	4287.84	4290.14	3004	0	20
2026.09.25	05:15:00	4290.16	4292.32	4287.84	4287.97	2585	0	20
2026.09.25	05:30:00	4287.96	4288.71	4282.22	4285.89	2634	0	20
2026.09.25	05:45:00	4285.80	4286.28	4277.48	4283.84	2206	0	20
2026.09.25	06:00:00	4283.83	4286.15	4282.21	4282.45	2318	0	20
2026.09.25	06:15:00	4282.47	4284.51	4278.07	4278.08	2002	0	20
2026.09.25	06:30:00	4278.10	4278.28	4273.51	4273.58	1993	0	20
2026.09.25	06:45:00	4273.48	4274.25	4269.50	4270.00	2020	0	20
2026.09.25	07:00:00	4269.89	4272.05	4268.11	4268.20	2062	0	20
2026.09.25	07:15:00	4268.13	4271.92	4267.60	4271.06	1990	0	20
2026.09.25	07:30:00	4271.04	4273.40	4270.17	4271.93	2235	0	20
2026.09.25	07:45:00	4271.92	4273.37	4262.61	4263.24	2220	0	20
2026.09.25	08:00:00	4263.21	4264.04	4256.43	4257.11	2592	0	20
2026.09.25	08:15:00	4257.19	4264.96	4256.80	4263.92	1982	0	20
2026.09.25	08:30:00	4263.93	4275.45	4263.00	4274.61	3789	0	20
2026.09.25	08:45:00	4274.62	4275.80	4265.60	4266.63	2491	0	20
2026.09.25	09:00:00	4266.59	4275.50	4266.19	4274.56	2733	0	20
2026.09.25	09:15:00	4274.55	4281.37	4274.11	4274.85	3045	0	20
2026.09.25	09:30:00	4275.02	4277.87	4274.34	4276.73	2555	0	20
2026.09.25	09:45:00	4276.75	4277.79	4274.38	4275.56	2524	0	20
2026.09.25	10:00:00	4275.48	4280.16	4272.81	4274.98	3404	0	20
2026.09.25	10:15:00	4275.01	4277.13	4271.36	4273.78	3179	0	20
2026.09.25	10:30:00	4273.77	4280.10	4270.94	4276.66	3116	0	20
2026.09.25	10:45:00	4276.63	4281.82	4276.63	4279.66	2995	0	20
2026.09.25	11:00:00	4279.61	4282.25	4274.88	4281.73	2739	0	20
2026.09.25	11:15:00	4281.72	4284.47	4278.79	4284.01	2653	0	20
2026.09.25	11:30:00	4283.93	4292.34	4283.54	4292.06	2551	0	20
2026.09.25	11:45:00	4292.07	4297.29	4290.03	4293.30	2825	0	20
2026.09.25	12:00:00	4293.31	4297.83	4292.96	4293.87	2651	0	20
2026.09.25	12:15:00	4293.92	4296.73	4289.50	4290.64	3032	0	20
2026.09.25	12:30:00	4290.81	4297.49	4289.98	4294.53	3668	0	20
2026.09.25	12:45:00	4294.50	4295.13	4290.84	4294.77	4163	0	20
2026.09.25	13:00:00	4294.76	4308.14	4293.74	4307.20	2881	0	20
2026.09.25	13:15:00	4307.10	4309.52	4303.35	4308.06	2646	0	20
2026.09.25	13:30:00	4308.09	4308.70	4302.11	4305.20	2780	0	20
2026.09.25	13:45:00	4305.21	4311.62	4303.72	4310.92	2840	0	20
2026.09.25	14:00:00	4310.97	4315.66	4309.56	4312.41	3525	0	20
2026.09.25	14:15:00	4312.44	4314.11	4304.37	4304.46	3274	0	20
2026.09.25	14:30:00	4304.51	4308.68	4299.83	4301.73	3113	0	20
2026.09.25	14:45:00	4301.71	4305.45	4300.27	4302.96	2753	0	20
2026.09.25	15:00:00	4303.04	4304.86	4297.86	4299.83	3591	0	20
2026.09.25	15:15:00	4299.75	4309.44	4297.52	4306.63	3750	0	20
2026.09.25	15:30:00	4306.56	4306.88	4297.14	4301.56	4119	0	20
2026.09.25	15:45:00	4301.66	4308.77	4296.68	4298.33	4673	0	20
2026.09.25	16:00:00	4298.23	4299.55	4291.79	4292.45	4575	0	20
2026.09.25	16:15:00	4292.44	4293.82	4277.75	4278.35	4851	0	20
2026.09.25	16:30:00	4278.30	4284.28	4273.48	4278.82	5401	0	20
2026.09.25	16:45:00	4278.75	4283.39	4274.11	4275.53	5112	0	20
2026.09.25	17:00:00	4275.41	4277.78	4254.55	4267.38	7206	0	20
2026.09.25	17:15:00	4267.29	4270.86	4259.71	4265.94	6105	0	20
2026.09.25	17:30:00	4265.93	4273.27	4262.47	4273.15	5594	0	20
2026.09.25	17:45:00	4273.14	4280.60	4269.70	4278.95	5463	0	20
2026.09.25	18:00:00	4278.96	4282.51	4274.11	4280.14	5609	0	20
2026.09.25	18:15:00	4280.13	4281.19	4272.52	4279.57	5320	0	20
2026.09.25	18:30:00	4279.68	4285.63	4274.72	4275.04	4983	0	20
2026.09.25	18:45:00	4275.03	4291.23	4269.89	4291.23	5493	0	20
2026.09.25	19:00:00	4291.29	4300.20	4287.00	4290.25	7788	0	20
2026.09.25	19:15:00	4290.28	4293.01	4284.74	4292.20	6492	0	20
2026.09.25	19:30:00	4292.26	4293.15	4279.43	4287.29	5822	0	20
2026.09.25	19:45:00	4287.30	4288.05	4281.64	4286.42	4566	0	20
2026.09.25	20:00:00	4286.46	4292.83	4285.35	4291.22	4698	0	20
2026.09.25	20:15:00	4291.18	4292.98	4285.06	4286.45	4085	0	20
2026.09.25	20:30:00	4286.38	4288.19	4279.50	4285.75	4402	0	20
2026.09.25	20:45:00	4285.73	4286.92	4282.09	4283.36	3464	0	20
2026.09.25	21:00:00	4283.67	4285.84	4282.86	4284.84	2995	0	20
2026.09.25	21:15:00	4284.76	4290.32	4283.93	4287.31	3660	0	20
2026.09.25	21:30:00	4287.32	4294.06	4286.96	4291.80	4535	0	20
2026.09.25	21:45:00	4291.81	4296.24	4290.82	4294.96	3425	0	20
2026.09.25	22:00:00	4294.92	4297.22	4288.63	4296.74	3454	0	20
2026.09.25	22:15:00	4296.75	4296.97	4287.92	4288.81	3104	0	23
2026.09.25	22:30:00	4288.82	4294.26	4287.72	4292.55	3466	0	20
2026.09.25	22:45:00	4292.63	4294.39	4289.40	4291.08	3533	0	20
2026.09.25	23:00:00	4291.06	4292.02	4289.71	4290.39	1609	0	20
2026.09.25	23:15:00	4290.40	4290.83	4286.65	4287.15	1196	0	20
2026.09.25	23:30:00	4287.12	4287.47	4284.63	4284.63	1054	0	20
2026.09.25	23:45:00	4284.61	4286.99	4284.16	4285.30	1225	0	20
2026.09.28	01:00:00	4276.16	4280.01	4264.38	4266.02	2485	0	20
2026.09.28	01:15:00	4266.15	4270.47	4265.88	4268.71	1280	0	20
2026.09.28	01:30:00	4268.67	4268.94	4261.54	4261.57	1968	0	20
2026.09.28	01:45:00	4261.53	4263.25	4258.06	4260.07	2081	0	20
2026.09.28	02:00:00	4260.10	4266.06	4257.40	4264.73	2159	0	20
2026.09.28	02:15:00	4264.78	4265.53	4262.25	4263.15	1229	0	20
2026.09.28	02:30:00	4263.16	4263.66	4259.03	4260.39	1702	0	20
2026.09.28	02:45:00	4260.41	4265.03	4259.25	4260.45	2775	0	20
2026.09.28	03:00:00	4260.44	4261.24	4253.42	4256.45	4075	0	20
2026.09.28	03:15:00	4256.44	4257.38	4249.95	4249.95	3680	0	20
2026.09.28	03:30:00	4249.77	4250.37	4228.51	4236.89	5356	0	20
2026.09.28	03:45:00	4236.82	4239.36	4227.36	4230.88	5324	0	20
2026.09.28	04:00:00	4230.76	4231.56	4214.48	4220.65	7127	0	20
2026.09.28	04:15:00	4220.62	4225.64	4216.21	4220.66	6216	0	20
2026.09.28	04:30:00	4220.60	4223.53	4208.20	4209.82	5127	0	20
2026.09.28	04:45:00	4209.69	4217.66	4205.99	4216.14	3680	0	20
2026.09.28	05:00:00	4216.10	4217.31	4210.51	4215.82	3796	0	20
2026.09.28	05:15:00	4215.70	4217.39	4214.08	4214.99	2777	0	20
2026.09.28	05:30:00	4214.89	4215.48	4205.17	4207.16	4223	0	20
2026.09.28	05:45:00	4207.23	4208.68	4194.34	4196.77	3981	0	20
2026.09.28	06:00:00	4196.72	4203.04	4195.23	4200.44	3650	0	20
2026.09.28	06:15:00	4200.48	4201.38	4194.19	4195.80	3134	0	20
2026.09.28	06:30:00	4195.91	4198.07	4191.36	4193.27	3228	0	20
2026.09.28	06:45:00	4193.19	4199.35	4191.40	4196.65	2327	0	20
2026.09.28	07:00:00	4196.53	4199.58	4195.03	4199.42	1877	0	20
2026.09.28	07:15:00	4199.34	4199.90	4195.46	4199.79	1831	0	20
2026.09.28	07:30:00	4199.75	4200.40	4196.32	4198.21	1728	0	20
2026.09.28	07:45:00	4198.18	4198.84	4194.13	4194.74	1629	0	20
2026.09.28	08:00:00	4194.72	4198.03	4189.92	4192.41	2714	0	20
2026.09.28	08:15:00	4192.43	4194.66	4185.27	4190.65	3133	0	20
2026.09.28	08:30:00	4190.67	4190.67	4180.06	4183.53	3894	0	20
2026.09.28	08:45:00	4183.62	4184.66	4178.81	4179.33	3324	0	20
2026.09.28	09:00:00	4179.29	4181.42	4175.17	4178.77	4278	0	20
2026.09.28	09:15:00	4178.76	4179.63	4169.25	4169.86	3764	0	20
2026.09.28	09:30:00	4169.87	4177.78	4168.50	4171.70	3655	0	20
2026.09.28	09:45:00	4171.72	4176.62	4162.10	4164.30	3791	0	20
2026.09.28	10:00:00	4164.29	4166.43	4160.41	4161.09	4369	0	20
2026.09.28	10:15:00	4161.11	4164.56	4156.60	4158.23	4090	0	20
2026.09.28	10:30:00	4158.44	4159.92	4152.33	4153.91	3544	0	20
2026.09.28	10:45:00	4153.88	4160.40	4150.85	4155.64	4123	0	20
2026.09.28	11:00:00	4155.61	4158.92	4151.18	4156.68	4340	0	20
2026.09.28	11:15:00	4156.72	4156.83	4142.83	4144.91	3883	0	20
2026.09.28	11:30:00	4144.93	4151.17	4142.68	4149.16	3675	0	20
2026.09.28	11:45:00	4149.10	4152.87	4144.54	4144.63	2935	0	20
2026.09.28	12:00:00	4144.52	4147.55	4140.78	4144.41	3261	0	20
2026.09.28	12:15:00	4144.44	4148.74	4141.57	4146.51	2996	0	20
2026.09.28	12:30:00	4146.49	4150.97	4141.97	4149.79	2910	0	20
2026.09.28	12:45:00	4149.85	4157.54	4149.85	4155.76	3242	0	20
2026.09.28	13:00:00	4155.80	4158.99	4153.40	4155.27	3000	0	20
2026.09.28	13:15:00	4155.48	4158.54	4151.62	4158.38	2840	0	20
2026.09.28	13:30:00	4158.39	4159.34	4154.44	4155.87	2593	0	20
2026.09.28	13:45:00	4155.95	4159.15	4154.47	4155.39	2599	0	20
2026.09.28	14:00:00	4155.39	4160.13	4148.61	4149.93	3409	0	20
2026.09.28	14:15:00	4149.88	4155.69	4148.18	4155.55	3288	0	20
2026.09.28	14:30:00	4155.54	4155.54	4148.35	4152.04	2560	0	20
2026.09.28	14:45:00	4152.07	4154.56	4147.73	4148.78	2909	0	20
2026.09.28	15:00:00	4148.79	4167.35	4146.78	4165.34	4616	0	20
2026.09.28	15:15:00	4165.35	4171.08	4153.84	4154.40	4455	0	20
2026.09.28	15:30:00	4154.34	4154.78	4142.86	4144.94	4040	0	20
2026.09.28	15:45:00	4144.95	4155.61	4143.30	4154.24	4076	0	20
2026.09.28	16:00:00	4154.12	4154.52	4145.09	4147.17	4625	0	20
2026.09.28	16:15:00	4147.52	4149.91	4141.43	4141.88	4282	0	20
2026.09.28	16:30:00	4142.01	4151.36	4136.32	4150.98	6259	0	20
2026.09.28	16:45:00	4151.24	4160.50	4149.44	4156.84	6530	0	20
2026.09.28	17:00:00	4156.72	4157.04	4138.10	4138.82	5342	0	20
2026.09.28	17:15:00	4138.74	4144.35	4136.88	4142.56	4931	0	20
2026.09.28	17:30:00	4142.67	4142.67	4122.68	4123.31	5039	0	20
2026.09.28	17:45:00	4123.30	4123.77	4110.72	4118.24	6784	0	20
2026.09.28	18:00:00	4118.25	4123.96	4116.22	4119.96	6012	0	20
2026.09.28	18:15:00	4119.97	4127.85	4119.54	4125.16	4613	0	20
2026.09.28	18:30:00	4125.20	4125.65	4119.10	4119.78	5142	0	20
2026.09.28	18:45:00	4119.77	4124.36	4115.31	4124.12	4446	0	20
2026.09.28	19:00:00	4124.14	4124.89	4117.21	4117.30	4479	0	20
2026.09.28	19:15:00	4117.23	4148.17	4116.42	4143.04	7276	0	20
2026.09.28	19:30:00	4142.97	4145.31	4131.34	4131.76	6547	0	20
2026.09.28	19:45:00	4131.82	4134.33	4128.18	4129.71	4603	0	20
2026.09.28	20:00:00	4129.56	4146.64	4126.03	4141.79	5206	0	20
2026.09.28	20:15:00	4141.78	4141.78	4133.48	4135.36	6337	0	20
2026.09.28	20:30:00	4135.43	4139.27	4133.64	4137.05	4307	0	20
2026.09.28	20:45:00	4137.08	4139.96	4134.04	4134.27	3500	0	20
2026.09.28	21:00:00	4134.26	4138.41	4133.71	4135.75	3277	0	20
2026.09.28	21:15:00	4135.81	4137.37	4133.72	4134.94	3136	0	20
2026.09.28	21:30:00	4134.89	4138.99	4131.61	4138.48	3726	0	20
2026.09.28	21:45:00	4138.61	4141.67	4136.55	4139.05	3576	0	20
2026.09.28	22:00:00	4139.14	4139.32	4130.86	4132.54	3072	0	20
2026.09.28	22:15:00	4132.51	4136.46	4130.87	4133.62	3044	0	20
2026.09.28	22:30:00	4133.59	4135.08	4128.35	4129.23	3119	0	20
2026.09.28	22:45:00	4129.31	4129.31	4122.23	4123.06	3873	0	20
2026.09.28	23:00:00	4123.03	4123.57	4117.13	4121.54	2726	0	20
2026.09.28	23:15:00	4121.50	4123.54	4117.03	4117.68	1562	0	20
2026.09.28	23:30:00	4117.79	4118.50	4113.73	4113.77	1377	0	20
2026.09.28	23:45:00	4113.93	4115.22	4111.31	4114.75	1566	0	20
2026.09.29	01:00:00	4118.97	4122.95	4115.24	4122.40	1347	0	20
2026.09.29	01:15:00	4122.39	4126.54	4122.18	4125.49	1377	0	20
2026.09.29	01:30:00	4125.47	4125.57	4121.18	4123.84	1263	0	20
2026.09.29	01:45:00	4123.86	4125.11	4120.28	4121.42	1176	0	24
2026.09.29	02:00:00	4121.50	4125.51	4121.26	4125.38	1149	0	22
2026.09.29	02:15:00	4125.35	4128.93	4123.93	4128.27	1122	0	20
2026.09.29	02:30:00	4128.47	4128.87	4125.64	4126.26	1157	0	20
2026.09.29	02:45:00	4126.27	4127.52	4122.04	4127.27	1899	0	20
2026.09.29	03:00:00	4127.26	4127.89	4120.23	4122.32	4024	0	20
2026.09.29	03:15:00	4122.42	4122.76	4114.39	4121.31	4098	0	20
2026.09.29	03:30:00	4121.15	4126.39	4119.34	4120.53	3511	0	20
2026.09.29	03:45:00	4120.51	4121.97	4114.40	4117.74	3944	0	20
2026.09.29	04:00:00	4117.69	4125.15	4113.30	4124.38	5936	0	20
2026.09.29	04:15:00	4124.36	4131.78	4116.79	4129.94	5458	0	20
2026.09.29	04:30:00	4130.05	4133.95	4124.36	4133.95	4601	0	20
2026.09.29	04:45:00	4133.81	4136.97	4130.15	4135.17	3700	0	20
2026.09.29	05:00:00	4135.16	4136.23	4126.46	4131.90	4043	0	20
2026.09.29	05:15:00	4131.98	4135.89	4130.70	4134.82	3073	0	20
2026.09.29	05:30:00	4134.94	4137.96	4132.88	4136.35	3329	0	20
2026.09.29	05:45:00	4136.36	4139.13	4135.48	4137.49	2908	0	20
2026.09.29	06:00:00	4137.39	4139.34	4133.75	4134.76	2777	0	20
2026.09.29	06:15:00	4134.75	4139.95	4133.65	4139.57	2232	0	20
2026.09.29	06:30:00	4139.55	4140.39	4136.48	4136.66	1914	0	20
2026.09.29	06:45:00	4136.70	4137.31	4131.42	4133.78	2048	0	20
2026.09.29	07:00:00	4133.66	4134.07	4129.72	4131.08	1515	0	20
2026.09.29	07:15:00	4130.98	4132.03	4128.39	4129.62	1569	0	20
2026.09.29	07:30:00	4129.57	4131.70	4124.60	4126.92	2251	0	20
2026.09.29	07:45:00	4126.93	4128.65	4125.87	4126.68	1546	0	20
2026.09.29	08:00:00	4126.60	4130.48	4125.91	4128.60	2173	0	20
2026.09.29	08:15:00	4128.65	4133.17	4126.96	4130.34	2091	0	20
2026.09.29	08:30:00	4130.33	4140.38	4121.88	4138.32	4452	0	20
2026.09.29	08:45:00	4138.37	4144.97	4134.14	4138.93	3275	0	20
2026.09.29	09:00:00	4138.94	4148.15	4138.65	4146.74	3891	0	20
2026.09.29	09:15:00	4146.76	4147.89	4140.41	4143.26	3179	0	20
2026.09.29	09:30:00	4143.30	4145.53	4141.68	4143.74	2724	0	20
2026.09.29	09:45:00	4143.61	4143.61	4138.97	4140.29	2429	0	20
2026.09.29	10:00:00	4140.39	4145.03	4135.93	4143.77	3038	0	20
2026.09.29	10:15:00	4143.75	4148.82	4142.41	4146.38	2634	0	20
2026.09.29	10:30:00	4146.49	4148.56	4140.75	4142.31	3529	0	20
2026.09.29	10:45:00	4142.34	4143.29	4139.40	4141.00	2439	0	20
2026.09.29	11:00:00	4141.36	4143.66	4137.60	4140.66	2906	0	20
2026.09.29	11:15:00	4140.68	4146.65	4139.96	4142.16	2969	0	20
2026.09.29	11:30:00	4142.17	4142.62	4137.83	4139.97	2414	0	20
2026.09.29	11:45:00	4139.99	4142.09	4137.78	4139.68	2091	0	20
2026.09.29	12:00:00	4139.64	4144.88	4139.07	4140.24	2711	0	20
2026.09.29	12:15:00	4140.31	4143.70	4139.73	4140.37	2286	0	20
2026.09.29	12:30:00	4140.38	4146.05	4139.26	4145.39	2840	0	20
2026.09.29	12:45:00	4145.45	4148.28	4142.04	4145.60	3135	0	20
2026.09.29	13:00:00	4145.65	4150.63	4143.02	4148.82	2673	0	20
2026.09.29	13:15:00	4148.82	4150.28	4146.99	4150.05	2000	0	20
2026.09.29	13:30:00	4150.21	4151.24	4147.54	4151.04	2259	0	20
2026.09.29	13:45:00	4151.05	4154.84	4149.95	4153.54	2239	0	20
2026.09.29	14:00:00	4153.43	4156.84	4152.62	4156.81	2752	0	20
2026.09.29	14:15:00	4156.97	4161.22	4156.22	4159.56	2237	0	20
2026.09.29	14:30:00	4159.63	4159.76	4151.10	4151.77	2500	0	20
2026.09.29	14:45:00	4151.79	4160.81	4149.86	4153.74	3777	0	20
2026.09.29	15:00:00	4153.72	4158.71	4150.74	4152.57	3326	0	20
2026.09.29	15:15:00	4152.56	4156.90	4148.41	4154.88	3572	0	20
2026.09.29	15:30:00	4155.02	4158.78	4151.12	4156.72	3179	0	20
2026.09.29	15:45:00	4156.67	4156.78	4149.54	4151.16	3037	0	20
2026.09.29	16:00:00	4151.15	4159.41	4150.65	4159.15	4447	0	20
2026.09.29	16:15:00	4159.26	4159.91	4154.60	4155.16	3748	0	20
2026.09.29	16:30:00	4155.25	4163.13	4152.73	4155.43	5688	0	20
2026.09.29	16:45:00	4155.41	4164.28	4153.74	4157.36	4324	0	20
2026.09.29	17:00:00	4157.53	4169.10	4157.38	4166.14	5040	0	20
2026.09.29	17:15:00	4166.23	4175.09	4165.26	4172.72	4531	0	20
2026.09.29	17:30:00	4172.70	4174.60	4162.75	4167.44	4163	0	20
2026.09.29	17:45:00	4167.45	4172.23	4162.72	4170.41	4688	0	20
2026.09.29	18:00:00	4170.50	4170.60	4160.85	4162.13	4231	0	20
2026.09.29	18:15:00	4162.03	4162.90	4148.18	4152.72	4310	0	20
2026.09.29	18:30:00	4152.73	4159.19	4150.72	4156.20	3915	0	20
2026.09.29	18:45:00	4156.50	4161.88	4153.67	4158.09	4194	0	20
2026.09.29	19:00:00	4158.05	4158.78	4150.30	4150.39	3652	0	20
2026.09.29	19:15:00	4150.40	4154.51	4149.49	4153.43	3143	0	20
2026.09.29	19:30:00	4153.41	4154.97	4147.52	4147.54	3133	0	20
2026.09.29	19:45:00	4147.48	4150.66	4144.37	4145.55	3519	0	20
2026.09.29	20:00:00	4145.59	4148.02	4144.21	4147.13	3048	0	20
2026.09.29	20:15:00	4147.12	4148.65	4145.85	4148.38	2930	0	20
2026.09.29	20:30:00	4148.44	4149.06	4143.73	4145.14	2745	0	20
2026.09.29	20:45:00	4145.22	4147.59	4142.32	4143.97	2713	0	20
2026.09.29	21:00:00	4143.99	4167.69	4143.99	4166.21	6005	0	20
2026.09.29	21:15:00	4166.20	4170.00	4162.44	4165.95	4091	0	20
2026.09.29	21:30:00	4165.91	4175.61	4160.16	4170.35	4366	0	20
2026.09.29	21:45:00	4170.19	4172.30	4164.55	4170.73	3278	0	20
2026.09.29	22:00:00	4170.74	4173.58	4167.82	4168.56	2589	0	20
2026.09.29	22:15:00	4168.55	4171.69	4167.70	4171.34	2551	0	20
2026.09.29	22:30:00	4171.30	4173.80	4169.50	4172.60	2692	0	20
2026.09.29	22:45:00	4172.58	4177.44	4169.80	4177.17	3383	0	20
2026.09.29	23:00:00	4177.20	4177.35	4172.10	4172.10	1651	0	20
2026.09.29	23:15:00	4172.14	4176.46	4171.66	4175.77	1153	0	20
2026.09.29	23:30:00	4175.81	4184.97	4174.95	4184.93	1679	0	20
2026.09.29	23:45:00	4184.83	4185.08	4179.04	4182.02	1234	0	20
